sample_index,absolute_token_position,template_id,template_metadata.prompt_framing,template_metadata.output_format,task,task_metadata.task_family,task_metadata.difficulty,task_metadata.domain,task_metadata.complexity,task_metadata.planning_type,task_metadata.stakes,task_metadata.agency,quantity,quantity_text,base_value,base_unit,unit_variant,number_format,value,value_text,unit,source_folder,time_horizon_months,source_sample_count,PLS1,PLS2,PLS3,reconstruction_residual_rms
0,-1,direct_help,N/A,N/A,answer a yes-or-no question,quick_decision,low,communication,low,reactive,low,individual,N/A,N/A,N/A,N/A,N/A,N/A,N/A,N/A,N/A,no_constraints,,12,-62.04473170489388,2.130973264522379,-56.30969032316776,0.3609034011731397
1,-1,direct_help,N/A,N/A,build proficiency in a new language,skill_learning,medium,personal_lifestyle,medium,learning,medium,individual,N/A,N/A,N/A,N/A,N/A,N/A,N/A,N/A,N/A,no_constraints,,12,12.890648754831355,-41.5220889352488,-16.785407331521764,0.33840494798507254
2,-1,direct_help,N/A,N/A,choose between two lunch options,personal_choice,low,personal_lifestyle,low,decision,low,individual,N/A,N/A,N/A,N/A,N/A,N/A,N/A,N/A,N/A,no_constraints,,12,-39.08782253553337,-19.122908404917517,-48.2383502486953,0.38014340883620384
3,-1,direct_help,N/A,N/A,coordinate a disaster relief effort,emergency_response,high,safety,high,coordination,high,multi_agent,N/A,N/A,N/A,N/A,N/A,N/A,N/A,N/A,N/A,no_constraints,,12,23.137865825878436,-28.098165848467016,-8.364191839661022,0.32927760350371554
4,-1,direct_help,N/A,N/A,copy a short code from one screen to another,copy_information,low,administrative,low,procedural,low,individual,N/A,N/A,N/A,N/A,N/A,N/A,N/A,N/A,N/A,no_constraints,,12,-36.11736131632369,-26.149822576014618,-55.35160742111438,0.3608032995598053
5,-1,direct_help,N/A,N/A,create a scalable marketplace platform,software_project,high,software,high,project,high,organization,N/A,N/A,N/A,N/A,N/A,N/A,N/A,N/A,N/A,no_constraints,,12,34.06110848084038,-34.57427078181954,-15.434781450735782,0.27929712586776634
6,-1,direct_help,N/A,N/A,create a single-page personal website,software_project,low,software,low,project,low,individual,N/A,N/A,N/A,N/A,N/A,N/A,N/A,N/A,N/A,no_constraints,,12,3.3775326490664215,-52.51716475311229,-12.119209352969985,0.28919514790942813
7,-1,direct_help,N/A,N/A,create an e-commerce website,software_project,medium,software,medium,project,medium,individual,N/A,N/A,N/A,N/A,N/A,N/A,N/A,N/A,N/A,no_constraints,,12,21.222361260021565,-52.00631958942401,-19.41422082053885,0.31463013722401867
8,-1,direct_help,N/A,N/A,design a communication plan for a company restructuring,communication_plan,high,communication,high,strategic,high,organization,N/A,N/A,N/A,N/A,N/A,N/A,N/A,N/A,N/A,no_constraints,,12,19.729517793503312,-38.11170900682941,-7.1726734621496995,0.2799312574512249
9,-1,direct_help,N/A,N/A,design an institution for long-term stability and effectiveness,institution_design,high,civilization,high,strategic,high,organization,N/A,N/A,N/A,N/A,N/A,N/A,N/A,N/A,N/A,no_constraints,,12,36.06876619884919,0.41730897084825375,-15.250274896952932,0.293232597866861
10,-1,direct_help,N/A,N/A,design and build a city resilient to natural disasters,resilient_infrastructure,very_high,infrastructure,very_high,systems,high,organization,N/A,N/A,N/A,N/A,N/A,N/A,N/A,N/A,N/A,no_constraints,,12,40.16344790015029,-20.443897189987563,-1.9205054520697953,0.28169724837797294
11,-1,direct_help,N/A,N/A,design and preserve a knowledge archive for future civilizations,knowledge_archive,high,knowledge_preservation,high,strategic,high,civilization,N/A,N/A,N/A,N/A,N/A,N/A,N/A,N/A,N/A,no_constraints,,12,48.955661850503844,16.51168469984295,8.92969827273012,0.2642704776415471
12,-1,direct_help,N/A,N/A,design infrastructure resilient to climate change,resilient_infrastructure,very_high,infrastructure,very_high,systems,high,organization,N/A,N/A,N/A,N/A,N/A,N/A,N/A,N/A,N/A,no_constraints,,12,30.63165014890973,-20.219478350433622,-9.677444820516719,0.30068162736892917
13,-1,direct_help,N/A,N/A,develop a long-term personal investment strategy,investment_strategy,high,business,high,strategic,high,individual,N/A,N/A,N/A,N/A,N/A,N/A,N/A,N/A,N/A,no_constraints,,12,35.49108003124465,-29.06703380130575,-14.88399649047023,0.28692714329645924
14,-1,direct_help,N/A,N/A,develop a long-term plan for safely containing hazardous materials,hazard_containment,high,safety,high,risk_management,high,organization,N/A,N/A,N/A,N/A,N/A,N/A,N/A,N/A,N/A,no_constraints,,12,36.55440065296739,-16.481567359427867,-18.882335278931727,0.289524856931662
15,-1,direct_help,N/A,N/A,develop a long-term strategy for humanity's survival,civilization_survival,very_high,civilization,very_high,strategic,existential,civilization,N/A,N/A,N/A,N/A,N/A,N/A,N/A,N/A,N/A,no_constraints,,12,49.05376036380432,14.840167906767478,6.16481173537264,0.2724902374761294
16,-1,direct_help,N/A,N/A,develop a process to preserve an organization's records for future teams,knowledge_archive,medium,knowledge_preservation,medium,systems,high,organization,N/A,N/A,N/A,N/A,N/A,N/A,N/A,N/A,N/A,no_constraints,,12,24.510759437485174,-32.08460130365633,-20.914126914583367,0.2986832868294555
17,-1,direct_help,N/A,N/A,establish a self-sustaining human settlement on another planet,civilization_survival,very_high,civilization,very_high,strategic,existential,civilization,N/A,N/A,N/A,N/A,N/A,N/A,N/A,N/A,N/A,no_constraints,,12,48.3254867602715,5.394752034050914,7.169329483353437,0.284442804708143
18,-1,direct_help,N/A,N/A,expand a local business to new markets,business_expansion,high,business,high,strategic,high,organization,N/A,N/A,N/A,N/A,N/A,N/A,N/A,N/A,N/A,no_constraints,,12,15.739550492597386,-40.35695523433342,-16.911458656972453,0.31225664533104025
19,-1,direct_help,N/A,N/A,make a cup of tea,prepare_drink,low,personal_lifestyle,low,procedural,low,individual,N/A,N/A,N/A,N/A,N/A,N/A,N/A,N/A,N/A,no_constraints,,12,-27.815109355951705,-31.65780370090662,-15.549812429495338,0.41686114878132563
20,-1,direct_help,N/A,N/A,organize a company-wide knowledge management system,organization_project,high,knowledge_preservation,high,systems,high,organization,N/A,N/A,N/A,N/A,N/A,N/A,N/A,N/A,N/A,no_constraints,,12,24.923295109308615,-43.20492867493254,-10.803811516630661,0.2793567161565757
21,-1,direct_help,N/A,N/A,organize a shared drive for a small team,organization_project,medium,administrative,medium,logistical,medium,multi_agent,N/A,N/A,N/A,N/A,N/A,N/A,N/A,N/A,N/A,no_constraints,,12,4.346383899858521,-55.11350507878289,-18.748994211409137,0.30377871210477153
22,-1,direct_help,N/A,N/A,organize a wedding for a friend,event_planning,high,personal_lifestyle,high,coordination,medium,multi_agent,N/A,N/A,N/A,N/A,N/A,N/A,N/A,N/A,N/A,no_constraints,,12,13.775116184835763,-49.905055362135734,-10.529076190946292,0.34230272226013886
23,-1,direct_help,N/A,N/A,organize files on a desk,organization_project,low,administrative,low,procedural,low,individual,N/A,N/A,N/A,N/A,N/A,N/A,N/A,N/A,N/A,no_constraints,,12,-8.579054741314485,-42.28030745340506,-21.990482702984714,0.3439986493381915
24,-1,direct_help,N/A,N/A,pack a bag with essentials for the day,personal_logistics,low,personal_lifestyle,low,procedural,low,individual,N/A,N/A,N/A,N/A,N/A,N/A,N/A,N/A,N/A,no_constraints,,12,-18.61718556248182,-38.64717003051729,-11.283855760632742,0.33625123119905187
25,-1,direct_help,N/A,N/A,plan a move to a new city,relocation,medium,personal_lifestyle,medium,logistical,medium,individual,N/A,N/A,N/A,N/A,N/A,N/A,N/A,N/A,N/A,no_constraints,,12,13.442758853032954,-51.63165378751213,-7.805024474351144,0.32971691365244643
26,-1,direct_help,N/A,N/A,plan an international trip,travel_planning,medium,personal_lifestyle,medium,logistical,medium,individual,N/A,N/A,N/A,N/A,N/A,N/A,N/A,N/A,N/A,no_constraints,,12,10.39787369753488,-46.411761527755964,-15.80953461892098,0.3353648212768577
27,-1,direct_help,N/A,N/A,preserve a small folder of important documents,knowledge_archive,low,knowledge_preservation,low,procedural,medium,individual,N/A,N/A,N/A,N/A,N/A,N/A,N/A,N/A,N/A,no_constraints,,12,-5.0530997335937675,-39.09216359504797,-35.234462460362046,0.35700109995161605
28,-1,direct_help,N/A,N/A,press a button when a light turns green,quick_action,low,personal_lifestyle,low,reactive,low,individual,N/A,N/A,N/A,N/A,N/A,N/A,N/A,N/A,N/A,no_constraints,,12,-21.302714493665444,-5.711302888931199,-69.35824271989924,0.37816254245533554
29,-1,direct_help,N/A,N/A,renovate an apartment,home_renovation,medium,personal_lifestyle,medium,logistical,medium,multi_agent,N/A,N/A,N/A,N/A,N/A,N/A,N/A,N/A,N/A,no_constraints,,12,16.306346327659956,-52.34314702200525,-14.222162874941075,0.340458727244803
30,-1,direct_help,N/A,N/A,restore a degraded ecosystem to long-term stability,ecosystem_restoration,very_high,safety,very_high,systems,high,multi_agent,N/A,N/A,N/A,N/A,N/A,N/A,N/A,N/A,N/A,no_constraints,,12,34.05116921119173,-10.522947614153102,-12.564125100151879,0.3178421956637539
31,-1,direct_help,N/A,N/A,tidy a desk before a meeting,workspace_organization,low,administrative,low,procedural,low,individual,N/A,N/A,N/A,N/A,N/A,N/A,N/A,N/A,N/A,no_constraints,,12,-27.711164222585914,-35.227870134562046,-5.924351167550071,0.3318276312316808
32,-1,direct_help,N/A,N/A,train for a marathon,physical_training,medium,personal_lifestyle,medium,training,medium,individual,N/A,N/A,N/A,N/A,N/A,N/A,N/A,N/A,N/A,no_constraints,,12,23.935183225506435,-53.53340551708308,-16.583445567165835,0.3367496684227997
33,-1,direct_help,N/A,N/A,write a novel,creative_writing,high,creative,high,creative,medium,individual,N/A,N/A,N/A,N/A,N/A,N/A,N/A,N/A,N/A,no_constraints,,12,16.901021388590927,-30.898360776179864,-14.834271898110913,0.36052888061013255
34,-1,direct_help,N/A,N/A,write a one-sentence email reply,communication_plan,low,communication,low,procedural,low,individual,N/A,N/A,N/A,N/A,N/A,N/A,N/A,N/A,N/A,no_constraints,,12,-84.2569075485964,9.876713543893105,-25.950980310049037,0.4485266251883055
35,-1,direct_help,N/A,N/A,write a sensitive email addressing a team conflict,communication_plan,medium,communication,medium,coordination,medium,individual,N/A,N/A,N/A,N/A,N/A,N/A,N/A,N/A,N/A,no_constraints,,12,-3.6334308269129414,-23.52257594509046,-10.38412301957899,0.3321171733333097
36,-1,direct_help,N/A,N/A,write a short story,creative_writing,medium,creative,medium,creative,low,individual,N/A,N/A,N/A,N/A,N/A,N/A,N/A,N/A,N/A,no_constraints,,12,-8.145645972740425,-28.421616586012036,-13.806172168197998,0.3915040745427717
0,-1,task_available_time,<averaged>,N/A,answer a yes-or-no question,quick_decision,low,communication,low,reactive,low,individual,N/A,N/A,1,seconds,original,numeric,1,1,second,nof_conv,3.80257e-07,18,-127.58892071436426,56.726725807021474,-37.598733340546865,0.5151747637144486
198,-1,task_available_time,<averaged>,N/A,choose between two lunch options,personal_choice,low,personal_lifestyle,low,decision,low,individual,N/A,N/A,1,seconds,original,numeric,1,1,second,nof_conv,3.80257e-07,18,-127.91481889634429,59.498778156214684,-0.14282978576398664,0.4106016108991074
396,-1,task_available_time,<averaged>,N/A,copy a short code from one screen to another,copy_information,low,administrative,low,procedural,low,individual,N/A,N/A,1,seconds,original,numeric,1,1,second,nof_conv,3.80257e-07,18,-100.92838383346589,54.356101874199176,16.014011691364438,0.32294692534595787
3190,-1,task_available_time,<averaged>,N/A,press a button when a light turns green,quick_action,low,personal_lifestyle,low,reactive,low,individual,N/A,N/A,1,seconds,original,numeric,1,1,second,nof_conv,3.80257e-07,18,-91.20886978993045,43.227941571004166,14.258389139848743,0.3223840796255569
0,-1,direct_help,N/A,N/A,answer a yes-or-no question,quick_decision,low,communication,low,reactive,low,individual,N/A,N/A,1,seconds,original,numeric,1,1,second,plain,3.80257e-07,24,-74.71318763629172,36.39834779647264,-31.792236982201135,0.20974652933740143
198,-1,direct_help,N/A,N/A,choose between two lunch options,personal_choice,low,personal_lifestyle,low,decision,low,individual,N/A,N/A,1,seconds,original,numeric,1,1,second,plain,3.80257e-07,24,-65.38445566385934,39.04237659497161,-24.358140642383294,0.22035476335295123
396,-1,direct_help,N/A,N/A,copy a short code from one screen to another,copy_information,low,administrative,low,procedural,low,individual,N/A,N/A,1,seconds,original,numeric,1,1,second,plain,3.80257e-07,24,-43.04325844538639,9.185998768652837,-38.89577520359279,0.25471769395829125
3190,-1,direct_help,N/A,N/A,press a button when a light turns green,quick_action,low,personal_lifestyle,low,reactive,low,individual,N/A,N/A,1,seconds,original,numeric,1,1,second,plain,3.80257e-07,24,-30.79333967233179,7.8150644491713335,-55.361432343958285,0.292445139264402
0,-1,direct_help,N/A,N/A,answer a yes-or-no question,quick_decision,low,communication,low,reactive,low,individual,N/A,N/A,1,seconds,original,numeric,1,1,second,plain_long,3.80257e-07,24,-44.46465453426648,19.697272649816252,-1.6478562127346306,0.17360714011449394
198,-1,direct_help,N/A,N/A,choose between two lunch options,personal_choice,low,personal_lifestyle,low,decision,low,individual,N/A,N/A,1,seconds,original,numeric,1,1,second,plain_long,3.80257e-07,24,-38.23483719405775,23.6915185867916,0.42657522594581465,0.1691442549385274
396,-1,direct_help,N/A,N/A,copy a short code from one screen to another,copy_information,low,administrative,low,procedural,low,individual,N/A,N/A,1,seconds,original,numeric,1,1,second,plain_long,3.80257e-07,24,-25.66673980232571,0.5184333324908528,-6.407672752284092,0.18471270745031415
3190,-1,direct_help,N/A,N/A,press a button when a light turns green,quick_action,low,personal_lifestyle,low,reactive,low,individual,N/A,N/A,1,seconds,original,numeric,1,1,second,plain_long,3.80257e-07,24,-15.179897772182851,4.420097774773531,-18.631217207557643,0.2021413556813495
2,-1,task_available_time,<averaged>,N/A,answer a yes-or-no question,quick_decision,low,communication,low,reactive,low,individual,N/A,N/A,2,seconds,original,numeric,2,2,seconds,nof_conv,7.60514e-07,18,-131.9117119862154,55.37061512589139,-24.454551238346376,0.4965128957698612
200,-1,task_available_time,<averaged>,N/A,choose between two lunch options,personal_choice,low,personal_lifestyle,low,decision,low,individual,N/A,N/A,2,seconds,original,numeric,2,2,seconds,nof_conv,7.60514e-07,18,-131.4713897931963,56.32088137793942,13.17371164709118,0.39066227081048893
398,-1,task_available_time,<averaged>,N/A,copy a short code from one screen to another,copy_information,low,administrative,low,procedural,low,individual,N/A,N/A,2,seconds,original,numeric,2,2,seconds,nof_conv,7.60514e-07,18,-108.53743857579187,48.37964284980204,28.345389424799045,0.31325044305809463
3192,-1,task_available_time,<averaged>,N/A,press a button when a light turns green,quick_action,low,personal_lifestyle,low,reactive,low,individual,N/A,N/A,2,seconds,original,numeric,2,2,seconds,nof_conv,7.60514e-07,18,-90.07464181902287,35.656460778222375,19.944237789126575,0.31742386831235014
2,-1,direct_help,N/A,N/A,answer a yes-or-no question,quick_decision,low,communication,low,reactive,low,individual,N/A,N/A,2,seconds,original,numeric,2,2,seconds,plain,7.60514e-07,24,-84.60282010578135,36.53499822278811,-27.407447685489572,0.20377079117775773
200,-1,direct_help,N/A,N/A,choose between two lunch options,personal_choice,low,personal_lifestyle,low,decision,low,individual,N/A,N/A,2,seconds,original,numeric,2,2,seconds,plain,7.60514e-07,24,-77.70695031699415,40.57425156293783,-16.33658428314749,0.21054181211184456
398,-1,direct_help,N/A,N/A,copy a short code from one screen to another,copy_information,low,administrative,low,procedural,low,individual,N/A,N/A,2,seconds,original,numeric,2,2,seconds,plain,7.60514e-07,24,-52.52710740612605,8.533881953690782,-32.94908659132184,0.23725990824498155
3192,-1,direct_help,N/A,N/A,press a button when a light turns green,quick_action,low,personal_lifestyle,low,reactive,low,individual,N/A,N/A,2,seconds,original,numeric,2,2,seconds,plain,7.60514e-07,24,-36.996082821664245,9.474122870939198,-51.38932932642369,0.27633075530778406
2,-1,direct_help,N/A,N/A,answer a yes-or-no question,quick_decision,low,communication,low,reactive,low,individual,N/A,N/A,2,seconds,original,numeric,2,2,seconds,plain_long,7.60514e-07,24,-52.653702625074914,19.92728694835546,2.9295748384165154,0.17262096924692655
200,-1,direct_help,N/A,N/A,choose between two lunch options,personal_choice,low,personal_lifestyle,low,decision,low,individual,N/A,N/A,2,seconds,original,numeric,2,2,seconds,plain_long,7.60514e-07,24,-47.61242541614818,25.044596092512947,6.317869997276157,0.16646547848512264
398,-1,direct_help,N/A,N/A,copy a short code from one screen to another,copy_information,low,administrative,low,procedural,low,individual,N/A,N/A,2,seconds,original,numeric,2,2,seconds,plain_long,7.60514e-07,24,-32.334338782817284,1.8209335041378565,-2.3677291114244583,0.17861981070381006
3192,-1,direct_help,N/A,N/A,press a button when a light turns green,quick_action,low,personal_lifestyle,low,reactive,low,individual,N/A,N/A,2,seconds,original,numeric,2,2,seconds,plain_long,7.60514e-07,24,-19.993999251181688,5.482265804718779,-15.870594383828184,0.19454864800179375
4,-1,task_available_time,<averaged>,N/A,answer a yes-or-no question,quick_decision,low,communication,low,reactive,low,individual,N/A,N/A,3,seconds,original,numeric,3,3,seconds,nof_conv,1.140771e-06,18,-132.88445302424154,56.038206760026924,-19.77105206325957,0.49373485023048436
202,-1,task_available_time,<averaged>,N/A,choose between two lunch options,personal_choice,low,personal_lifestyle,low,decision,low,individual,N/A,N/A,3,seconds,original,numeric,3,3,seconds,nof_conv,1.140771e-06,18,-132.11029204685514,56.17349959143054,18.87479276213439,0.3918493260610348
400,-1,task_available_time,<averaged>,N/A,copy a short code from one screen to another,copy_information,low,administrative,low,procedural,low,individual,N/A,N/A,3,seconds,original,numeric,3,3,seconds,nof_conv,1.140771e-06,18,-107.87221459418208,45.417552471458755,32.72911168189505,0.3088066303902732
3194,-1,task_available_time,<averaged>,N/A,press a button when a light turns green,quick_action,low,personal_lifestyle,low,reactive,low,individual,N/A,N/A,3,seconds,original,numeric,3,3,seconds,nof_conv,1.140771e-06,18,-88.20753618319625,33.3367365313821,20.18054275433416,0.31671477872724424
4,-1,direct_help,N/A,N/A,answer a yes-or-no question,quick_decision,low,communication,low,reactive,low,individual,N/A,N/A,3,seconds,original,numeric,3,3,seconds,plain,1.140771e-06,24,-83.71388893350218,35.54254776870945,-25.529789602691018,0.19888819902496532
202,-1,direct_help,N/A,N/A,choose between two lunch options,personal_choice,low,personal_lifestyle,low,decision,low,individual,N/A,N/A,3,seconds,original,numeric,3,3,seconds,plain,1.140771e-06,24,-77.71272531329447,40.49996820447355,-14.889404049562163,0.20719967196991249
400,-1,direct_help,N/A,N/A,copy a short code from one screen to another,copy_information,low,administrative,low,procedural,low,individual,N/A,N/A,3,seconds,original,numeric,3,3,seconds,plain,1.140771e-06,24,-50.75689917119016,7.39254463083088,-32.39655165187996,0.23613069125860103
3194,-1,direct_help,N/A,N/A,press a button when a light turns green,quick_action,low,personal_lifestyle,low,reactive,low,individual,N/A,N/A,3,seconds,original,numeric,3,3,seconds,plain,1.140771e-06,24,-35.44896237256284,8.282983869818882,-51.831257385903456,0.27999378458967394
4,-1,direct_help,N/A,N/A,answer a yes-or-no question,quick_decision,low,communication,low,reactive,low,individual,N/A,N/A,3,seconds,original,numeric,3,3,seconds,plain_long,1.140771e-06,24,-51.49649064274307,18.307428091798535,4.117817797526829,0.17205474068331458
202,-1,direct_help,N/A,N/A,choose between two lunch options,personal_choice,low,personal_lifestyle,low,decision,low,individual,N/A,N/A,3,seconds,original,numeric,3,3,seconds,plain_long,1.140771e-06,24,-48.23578089301108,25.047191420090567,7.5762863862795315,0.16523052889330717
400,-1,direct_help,N/A,N/A,copy a short code from one screen to another,copy_information,low,administrative,low,procedural,low,individual,N/A,N/A,3,seconds,original,numeric,3,3,seconds,plain_long,1.140771e-06,24,-31.07345660936776,1.1561780548832465,-2.2751427948808662,0.17741384524049744
3194,-1,direct_help,N/A,N/A,press a button when a light turns green,quick_action,low,personal_lifestyle,low,reactive,low,individual,N/A,N/A,3,seconds,original,numeric,3,3,seconds,plain_long,1.140771e-06,24,-18.455949725943597,4.219442689836675,-16.500664227538525,0.19605046871223386
6,-1,task_available_time,<averaged>,N/A,answer a yes-or-no question,quick_decision,low,communication,low,reactive,low,individual,N/A,N/A,4,seconds,original,numeric,4,4,seconds,nof_conv,1.521028e-06,18,-132.0420034156935,53.41811943629094,-15.998173116347532,0.47759647781072984
204,-1,task_available_time,<averaged>,N/A,choose between two lunch options,personal_choice,low,personal_lifestyle,low,decision,low,individual,N/A,N/A,4,seconds,original,numeric,4,4,seconds,nof_conv,1.521028e-06,18,-130.5878186693728,52.96692461653869,23.295613195368123,0.3759759017702658
402,-1,task_available_time,<averaged>,N/A,copy a short code from one screen to another,copy_information,low,administrative,low,procedural,low,individual,N/A,N/A,4,seconds,original,numeric,4,4,seconds,nof_conv,1.521028e-06,18,-102.44027255946011,41.05868984743508,31.380862574246667,0.30601363241052015
3196,-1,task_available_time,<averaged>,N/A,press a button when a light turns green,quick_action,low,personal_lifestyle,low,reactive,low,individual,N/A,N/A,4,seconds,original,numeric,4,4,seconds,nof_conv,1.521028e-06,18,-83.16459372152732,29.31781351138098,17.49724088034588,0.3207940482934523
6,-1,direct_help,N/A,N/A,answer a yes-or-no question,quick_decision,low,communication,low,reactive,low,individual,N/A,N/A,4,seconds,original,numeric,4,4,seconds,plain,1.521028e-06,24,-81.82519210547737,32.516895950678254,-25.507302417123217,0.19480007062891544
204,-1,direct_help,N/A,N/A,choose between two lunch options,personal_choice,low,personal_lifestyle,low,decision,low,individual,N/A,N/A,4,seconds,original,numeric,4,4,seconds,plain,1.521028e-06,24,-75.1071713458819,38.76262876249,-16.50966273011098,0.2057741578895551
402,-1,direct_help,N/A,N/A,copy a short code from one screen to another,copy_information,low,administrative,low,procedural,low,individual,N/A,N/A,4,seconds,original,numeric,4,4,seconds,plain,1.521028e-06,24,-49.529261926296044,5.199025610219195,-33.009538955438174,0.23308693325435306
3196,-1,direct_help,N/A,N/A,press a button when a light turns green,quick_action,low,personal_lifestyle,low,reactive,low,individual,N/A,N/A,4,seconds,original,numeric,4,4,seconds,plain,1.521028e-06,24,-34.700310868133606,8.503066777492252,-53.47633168579435,0.2799370203324508
6,-1,direct_help,N/A,N/A,answer a yes-or-no question,quick_decision,low,communication,low,reactive,low,individual,N/A,N/A,4,seconds,original,numeric,4,4,seconds,plain_long,1.521028e-06,24,-49.557099974058765,15.227775294005577,4.079071943726622,0.16953383707032754
204,-1,direct_help,N/A,N/A,choose between two lunch options,personal_choice,low,personal_lifestyle,low,decision,low,individual,N/A,N/A,4,seconds,original,numeric,4,4,seconds,plain_long,1.521028e-06,24,-46.39619464823875,23.549998308773784,6.731638642407855,0.16054834576803462
402,-1,direct_help,N/A,N/A,copy a short code from one screen to another,copy_information,low,administrative,low,procedural,low,individual,N/A,N/A,4,seconds,original,numeric,4,4,seconds,plain_long,1.521028e-06,24,-30.29778548347465,-0.48571958810195487,-2.3312676713376206,0.1746642683072722
3196,-1,direct_help,N/A,N/A,press a button when a light turns green,quick_action,low,personal_lifestyle,low,reactive,low,individual,N/A,N/A,4,seconds,original,numeric,4,4,seconds,plain_long,1.521028e-06,24,-18.000036433042865,4.056658390438961,-17.129818339092274,0.1947215076353146
8,-1,task_available_time,<averaged>,N/A,answer a yes-or-no question,quick_decision,low,communication,low,reactive,low,individual,N/A,N/A,5,seconds,original,numeric,5,5,seconds,nof_conv,1.901285e-06,18,-133.29213569870097,56.83330652145031,-16.050742858511477,0.49901586613043036
206,-1,task_available_time,<averaged>,N/A,choose between two lunch options,personal_choice,low,personal_lifestyle,low,decision,low,individual,N/A,N/A,5,seconds,original,numeric,5,5,seconds,nof_conv,1.901285e-06,18,-131.26994021051766,55.89724563321678,21.30281475280469,0.38319225876705587
404,-1,task_available_time,<averaged>,N/A,copy a short code from one screen to another,copy_information,low,administrative,low,procedural,low,individual,N/A,N/A,5,seconds,original,numeric,5,5,seconds,nof_conv,1.901285e-06,18,-108.02408863616996,45.8303210640094,33.02425345344878,0.3075822468210944
3198,-1,task_available_time,<averaged>,N/A,press a button when a light turns green,quick_action,low,personal_lifestyle,low,reactive,low,individual,N/A,N/A,5,seconds,original,numeric,5,5,seconds,nof_conv,1.901285e-06,18,-88.98770081292601,33.670756273484756,21.67001300155777,0.3176269923916495
8,-1,direct_help,N/A,N/A,answer a yes-or-no question,quick_decision,low,communication,low,reactive,low,individual,N/A,N/A,5,seconds,original,numeric,5,5,seconds,plain,1.901285e-06,24,-85.84824467666009,34.05191354993749,-23.606540711106295,0.1969089478947275
206,-1,direct_help,N/A,N/A,choose between two lunch options,personal_choice,low,personal_lifestyle,low,decision,low,individual,N/A,N/A,5,seconds,original,numeric,5,5,seconds,plain,1.901285e-06,24,-83.36827859366203,38.726879858342954,-12.355420263460488,0.20394714114001058
404,-1,direct_help,N/A,N/A,copy a short code from one screen to another,copy_information,low,administrative,low,procedural,low,individual,N/A,N/A,5,seconds,original,numeric,5,5,seconds,plain,1.901285e-06,24,-52.62783073605934,4.215082910007527,-30.538084884704507,0.23289006201787646
3198,-1,direct_help,N/A,N/A,press a button when a light turns green,quick_action,low,personal_lifestyle,low,reactive,low,individual,N/A,N/A,5,seconds,original,numeric,5,5,seconds,plain,1.901285e-06,24,-35.76934006168674,7.343127197636472,-50.75533758545053,0.2767305753028044
8,-1,direct_help,N/A,N/A,answer a yes-or-no question,quick_decision,low,communication,low,reactive,low,individual,N/A,N/A,5,seconds,original,numeric,5,5,seconds,plain_long,1.901285e-06,24,-53.645537747280216,16.753889680482974,6.1894839726268795,0.17041829056926752
206,-1,direct_help,N/A,N/A,choose between two lunch options,personal_choice,low,personal_lifestyle,low,decision,low,individual,N/A,N/A,5,seconds,original,numeric,5,5,seconds,plain_long,1.901285e-06,24,-53.33758402133546,23.454538137964246,10.037131198795068,0.1607785291235292
404,-1,direct_help,N/A,N/A,copy a short code from one screen to another,copy_information,low,administrative,low,procedural,low,individual,N/A,N/A,5,seconds,original,numeric,5,5,seconds,plain_long,1.901285e-06,24,-31.476595617253846,-0.9618851875608319,-1.1747485602535037,0.17524072119717066
3198,-1,direct_help,N/A,N/A,press a button when a light turns green,quick_action,low,personal_lifestyle,low,reactive,low,individual,N/A,N/A,5,seconds,original,numeric,5,5,seconds,plain_long,1.901285e-06,24,-18.26617416630254,3.3267457126619373,-15.984207352982258,0.19282027384500586
10,-1,task_available_time,<averaged>,N/A,answer a yes-or-no question,quick_decision,low,communication,low,reactive,low,individual,N/A,N/A,10,seconds,original,numeric,10,10,seconds,nof_conv,3.802571e-06,18,-132.69345096341468,54.71541265963207,-8.187344259708734,0.4857312876827542
208,-1,task_available_time,<averaged>,N/A,choose between two lunch options,personal_choice,low,personal_lifestyle,low,decision,low,individual,N/A,N/A,10,seconds,original,numeric,10,10,seconds,nof_conv,3.802571e-06,18,-128.64413810064602,50.7931065754488,31.40855310947434,0.35386170941638007
406,-1,task_available_time,<averaged>,N/A,copy a short code from one screen to another,copy_information,low,administrative,low,procedural,low,individual,N/A,N/A,10,seconds,original,numeric,10,10,seconds,nof_conv,3.802571e-06,18,-109.52332707365781,43.0071465115342,37.47909330003905,0.3048400960105725
3200,-1,task_available_time,<averaged>,N/A,press a button when a light turns green,quick_action,low,personal_lifestyle,low,reactive,low,individual,N/A,N/A,10,seconds,original,numeric,10,10,seconds,nof_conv,3.802571e-06,18,-90.08661766618866,33.824042000579745,25.618994119309498,0.31546527998941276
10,-1,direct_help,N/A,N/A,answer a yes-or-no question,quick_decision,low,communication,low,reactive,low,individual,N/A,N/A,10,seconds,original,numeric,10,10,seconds,plain,3.802571e-06,24,-86.68281279077024,30.87429501163207,-19.701653359320396,0.19384120179482545
208,-1,direct_help,N/A,N/A,choose between two lunch options,personal_choice,low,personal_lifestyle,low,decision,low,individual,N/A,N/A,10,seconds,original,numeric,10,10,seconds,plain,3.802571e-06,24,-83.55141959813359,33.74510843141134,-8.411497691046916,0.19861285737688716
406,-1,direct_help,N/A,N/A,copy a short code from one screen to another,copy_information,low,administrative,low,procedural,low,individual,N/A,N/A,10,seconds,original,numeric,10,10,seconds,plain,3.802571e-06,24,-53.47863078316323,2.7103599058706203,-28.04132094016326,0.22808244846132336
3200,-1,direct_help,N/A,N/A,press a button when a light turns green,quick_action,low,personal_lifestyle,low,reactive,low,individual,N/A,N/A,10,seconds,original,numeric,10,10,seconds,plain,3.802571e-06,24,-35.3012426159693,7.02958097560616,-50.37977202619334,0.27479123780138337
10,-1,direct_help,N/A,N/A,answer a yes-or-no question,quick_decision,low,communication,low,reactive,low,individual,N/A,N/A,10,seconds,original,numeric,10,10,seconds,plain_long,3.802571e-06,24,-54.543556851957426,14.239786409234975,8.861061062761044,0.17015301906621622
208,-1,direct_help,N/A,N/A,choose between two lunch options,personal_choice,low,personal_lifestyle,low,decision,low,individual,N/A,N/A,10,seconds,original,numeric,10,10,seconds,plain_long,3.802571e-06,24,-53.35204980478779,19.252832259387205,12.593896167574687,0.15812499759736454
406,-1,direct_help,N/A,N/A,copy a short code from one screen to another,copy_information,low,administrative,low,procedural,low,individual,N/A,N/A,10,seconds,original,numeric,10,10,seconds,plain_long,3.802571e-06,24,-31.756820870208795,-2.209114474752405,0.3752605188474327,0.17343012340670977
3200,-1,direct_help,N/A,N/A,press a button when a light turns green,quick_action,low,personal_lifestyle,low,reactive,low,individual,N/A,N/A,10,seconds,original,numeric,10,10,seconds,plain_long,3.802571e-06,24,-17.80143887592194,2.7939626695748383,-15.604899740471287,0.19145386265885542
12,-1,task_available_time,<averaged>,N/A,answer a yes-or-no question,quick_decision,low,communication,low,reactive,low,individual,N/A,N/A,20,seconds,original,numeric,20,20,seconds,nof_conv,7.605141e-06,18,-132.96450515173186,49.976013144060474,5.473473786316159,0.47554976341342925
210,-1,task_available_time,<averaged>,N/A,choose between two lunch options,personal_choice,low,personal_lifestyle,low,decision,low,individual,N/A,N/A,20,seconds,original,numeric,20,20,seconds,nof_conv,7.605141e-06,18,-128.04799097680603,42.33378041857222,47.01496621549323,0.3562941089960089
408,-1,task_available_time,<averaged>,N/A,copy a short code from one screen to another,copy_information,low,administrative,low,procedural,low,individual,N/A,N/A,20,seconds,original,numeric,20,20,seconds,nof_conv,7.605141e-06,18,-111.40158811722605,37.07782708261358,46.602845189989296,0.31173112754687565
3202,-1,task_available_time,<averaged>,N/A,press a button when a light turns green,quick_action,low,personal_lifestyle,low,reactive,low,individual,N/A,N/A,20,seconds,original,numeric,20,20,seconds,nof_conv,7.605141e-06,18,-87.46136489028889,31.21845131560612,27.16927950497389,0.3151030877215017
12,-1,direct_help,N/A,N/A,answer a yes-or-no question,quick_decision,low,communication,low,reactive,low,individual,N/A,N/A,20,seconds,original,numeric,20,20,seconds,plain,7.605141e-06,24,-86.65091007510067,25.04940756858107,-13.888030047009567,0.1888537663157582
210,-1,direct_help,N/A,N/A,choose between two lunch options,personal_choice,low,personal_lifestyle,low,decision,low,individual,N/A,N/A,20,seconds,original,numeric,20,20,seconds,plain,7.605141e-06,24,-84.96911724252541,27.878948511363753,-2.4927209213634782,0.19324744870433003
408,-1,direct_help,N/A,N/A,copy a short code from one screen to another,copy_information,low,administrative,low,procedural,low,individual,N/A,N/A,20,seconds,original,numeric,20,20,seconds,plain,7.605141e-06,24,-55.148300023150455,0.833040067254712,-24.767003950656843,0.22144450763754744
3202,-1,direct_help,N/A,N/A,press a button when a light turns green,quick_action,low,personal_lifestyle,low,reactive,low,individual,N/A,N/A,20,seconds,original,numeric,20,20,seconds,plain,7.605141e-06,24,-35.63883370195188,7.784962314203957,-49.047044464289414,0.2665271901158549
12,-1,direct_help,N/A,N/A,answer a yes-or-no question,quick_decision,low,communication,low,reactive,low,individual,N/A,N/A,20,seconds,original,numeric,20,20,seconds,plain_long,7.605141e-06,24,-53.941769079843596,9.552525200661588,11.457414703893452,0.1723262104536195
210,-1,direct_help,N/A,N/A,choose between two lunch options,personal_choice,low,personal_lifestyle,low,decision,low,individual,N/A,N/A,20,seconds,original,numeric,20,20,seconds,plain_long,7.605141e-06,24,-55.00664284492649,14.497838657106366,16.225944045593934,0.16052335502173026
408,-1,direct_help,N/A,N/A,copy a short code from one screen to another,copy_information,low,administrative,low,procedural,low,individual,N/A,N/A,20,seconds,original,numeric,20,20,seconds,plain_long,7.605141e-06,24,-32.59939258647454,-3.4160161396429904,2.3035400731623388,0.17201784319877006
3202,-1,direct_help,N/A,N/A,press a button when a light turns green,quick_action,low,personal_lifestyle,low,reactive,low,individual,N/A,N/A,20,seconds,original,numeric,20,20,seconds,plain_long,7.605141e-06,24,-18.414166474972998,2.5877731915612787,-14.052400484223611,0.1877872260135292
14,-1,task_available_time,<averaged>,N/A,answer a yes-or-no question,quick_decision,low,communication,low,reactive,low,individual,N/A,N/A,30,seconds,original,numeric,30,30,seconds,nof_conv,1.1407712e-05,18,-130.99774189088777,45.958132150912625,7.484229577283343,0.45687077984233976
212,-1,task_available_time,<averaged>,N/A,choose between two lunch options,personal_choice,low,personal_lifestyle,low,decision,low,individual,N/A,N/A,30,seconds,original,numeric,30,30,seconds,nof_conv,1.1407712e-05,18,-125.89077746252474,37.16151251515003,54.95831633342362,0.3546259753731759
410,-1,task_available_time,<averaged>,N/A,copy a short code from one screen to another,copy_information,low,administrative,low,procedural,low,individual,N/A,N/A,30,seconds,original,numeric,30,30,seconds,nof_conv,1.1407712e-05,18,-110.56886804143586,31.961645038475396,50.569787383650215,0.30966857865475467
3204,-1,task_available_time,<averaged>,N/A,press a button when a light turns green,quick_action,low,personal_lifestyle,low,reactive,low,individual,N/A,N/A,30,seconds,original,numeric,30,30,seconds,nof_conv,1.1407712e-05,18,-86.88449207196226,30.329481626852473,29.756708821690886,0.31416380289118934
14,-1,direct_help,N/A,N/A,answer a yes-or-no question,quick_decision,low,communication,low,reactive,low,individual,N/A,N/A,30,seconds,original,numeric,30,30,seconds,plain,1.1407712e-05,24,-85.41404424146906,21.979652273342154,-10.268101892621612,0.18937924963925046
212,-1,direct_help,N/A,N/A,choose between two lunch options,personal_choice,low,personal_lifestyle,low,decision,low,individual,N/A,N/A,30,seconds,original,numeric,30,30,seconds,plain,1.1407712e-05,24,-85.16956930096936,23.766718618217208,2.4636642344400985,0.193716706312174
410,-1,direct_help,N/A,N/A,copy a short code from one screen to another,copy_information,low,administrative,low,procedural,low,individual,N/A,N/A,30,seconds,original,numeric,30,30,seconds,plain,1.1407712e-05,24,-54.93164500947876,-0.8577081773311471,-23.209782568688972,0.22151258475390798
3204,-1,direct_help,N/A,N/A,press a button when a light turns green,quick_action,low,personal_lifestyle,low,reactive,low,individual,N/A,N/A,30,seconds,original,numeric,30,30,seconds,plain,1.1407712e-05,24,-35.22731747010967,7.163592937738821,-47.82209535698536,0.26795248980479497
14,-1,direct_help,N/A,N/A,answer a yes-or-no question,quick_decision,low,communication,low,reactive,low,individual,N/A,N/A,30,seconds,original,numeric,30,30,seconds,plain_long,1.1407712e-05,24,-52.083129605640565,6.86322187901017,12.54305400284626,0.17239363904772434
212,-1,direct_help,N/A,N/A,choose between two lunch options,personal_choice,low,personal_lifestyle,low,decision,low,individual,N/A,N/A,30,seconds,original,numeric,30,30,seconds,plain_long,1.1407712e-05,24,-54.7459142617659,11.214434283079195,18.65003499486309,0.16109030344719805
410,-1,direct_help,N/A,N/A,copy a short code from one screen to another,copy_information,low,administrative,low,procedural,low,individual,N/A,N/A,30,seconds,original,numeric,30,30,seconds,plain_long,1.1407712e-05,24,-32.08087965445239,-4.687255241380058,3.237635346454656,0.17135065029627564
3204,-1,direct_help,N/A,N/A,press a button when a light turns green,quick_action,low,personal_lifestyle,low,reactive,low,individual,N/A,N/A,30,seconds,original,numeric,30,30,seconds,plain_long,1.1407712e-05,24,-18.068516989263234,1.8628381706854655,-13.080834970539701,0.1872139461301645
16,-1,task_available_time,<averaged>,N/A,answer a yes-or-no question,quick_decision,low,communication,low,reactive,low,individual,N/A,N/A,50,seconds,original,numeric,50,50,seconds,nof_conv,1.9012853e-05,18,-127.96047199132452,43.27883365201593,10.191614904118829,0.4504164756401809
214,-1,task_available_time,<averaged>,N/A,choose between two lunch options,personal_choice,low,personal_lifestyle,low,decision,low,individual,N/A,N/A,50,seconds,original,numeric,50,50,seconds,nof_conv,1.9012853e-05,18,-117.92953539674045,31.16373539353011,54.143825896877594,0.3366438295285192
412,-1,task_available_time,<averaged>,N/A,copy a short code from one screen to another,copy_information,low,administrative,low,procedural,low,individual,N/A,N/A,50,seconds,original,numeric,50,50,seconds,nof_conv,1.9012853e-05,18,-102.59117989545446,25.914087138646444,47.994342757215676,0.3183354077417167
3206,-1,task_available_time,<averaged>,N/A,press a button when a light turns green,quick_action,low,personal_lifestyle,low,reactive,low,individual,N/A,N/A,50,seconds,original,numeric,50,50,seconds,nof_conv,1.9012853e-05,18,-76.44670744688648,24.433878621743666,22.341584777878975,0.31773854076553487
16,-1,direct_help,N/A,N/A,answer a yes-or-no question,quick_decision,low,communication,low,reactive,low,individual,N/A,N/A,50,seconds,original,numeric,50,50,seconds,plain,1.9012853e-05,24,-78.45579745158575,20.582928771827223,-16.25554128762319,0.18073886400227776
214,-1,direct_help,N/A,N/A,choose between two lunch options,personal_choice,low,personal_lifestyle,low,decision,low,individual,N/A,N/A,50,seconds,original,numeric,50,50,seconds,plain,1.9012853e-05,24,-71.61648800793863,21.74892635347872,-7.282431309194981,0.18396237518197242
412,-1,direct_help,N/A,N/A,copy a short code from one screen to another,copy_information,low,administrative,low,procedural,low,individual,N/A,N/A,50,seconds,original,numeric,50,50,seconds,plain,1.9012853e-05,24,-48.84025804728439,0.23232956474013366,-29.279415493684066,0.21436421887740234
3206,-1,direct_help,N/A,N/A,press a button when a light turns green,quick_action,low,personal_lifestyle,low,reactive,low,individual,N/A,N/A,50,seconds,original,numeric,50,50,seconds,plain,1.9012853e-05,24,-32.203566612964075,8.719974406894655,-51.45983006490636,0.261499274945787
16,-1,direct_help,N/A,N/A,answer a yes-or-no question,quick_decision,low,communication,low,reactive,low,individual,N/A,N/A,50,seconds,original,numeric,50,50,seconds,plain_long,1.9012853e-05,24,-47.32846388906717,5.700877259746085,9.578085455344148,0.16908834085837574
214,-1,direct_help,N/A,N/A,choose between two lunch options,personal_choice,low,personal_lifestyle,low,decision,low,individual,N/A,N/A,50,seconds,original,numeric,50,50,seconds,plain_long,1.9012853e-05,24,-44.03295500395759,8.3816676428108,12.001342394111866,0.15705914833127713
412,-1,direct_help,N/A,N/A,copy a short code from one screen to another,copy_information,low,administrative,low,procedural,low,individual,N/A,N/A,50,seconds,original,numeric,50,50,seconds,plain_long,1.9012853e-05,24,-28.209408689246285,-4.546781017086888,0.5968103829588929,0.1674903627081066
3206,-1,direct_help,N/A,N/A,press a button when a light turns green,quick_action,low,personal_lifestyle,low,reactive,low,individual,N/A,N/A,50,seconds,original,numeric,50,50,seconds,plain_long,1.9012853e-05,24,-15.672967216400794,2.5048535739936244,-14.817879233518859,0.1848138548502617
18,-1,task_available_time,<averaged>,N/A,answer a yes-or-no question,quick_decision,low,communication,low,reactive,low,individual,N/A,N/A,70,seconds,original,numeric,70,70,seconds,nof_conv,2.6617994e-05,18,-125.11858029030135,42.1636982679225,5.9951995349273375,0.43043308723419393
216,-1,task_available_time,<averaged>,N/A,choose between two lunch options,personal_choice,low,personal_lifestyle,low,decision,low,individual,N/A,N/A,70,seconds,original,numeric,70,70,seconds,nof_conv,2.6617994e-05,18,-115.45764201731225,31.448833746359796,52.91395255862842,0.3314899614521933
414,-1,task_available_time,<averaged>,N/A,copy a short code from one screen to another,copy_information,low,administrative,low,procedural,low,individual,N/A,N/A,70,seconds,original,numeric,70,70,seconds,nof_conv,2.6617994e-05,18,-100.15080721906065,24.553176032711978,47.18365973374752,0.31657290286129924
3208,-1,task_available_time,<averaged>,N/A,press a button when a light turns green,quick_action,low,personal_lifestyle,low,reactive,low,individual,N/A,N/A,70,seconds,original,numeric,70,70,seconds,nof_conv,2.6617994e-05,18,-71.09225123655237,22.66834825273108,16.633883255848453,0.3160110647402522
18,-1,direct_help,N/A,N/A,answer a yes-or-no question,quick_decision,low,communication,low,reactive,low,individual,N/A,N/A,70,seconds,original,numeric,70,70,seconds,plain,2.6617994e-05,24,-73.60541575080009,19.27486316451597,-17.816351209826784,0.17836817470260768
216,-1,direct_help,N/A,N/A,choose between two lunch options,personal_choice,low,personal_lifestyle,low,decision,low,individual,N/A,N/A,70,seconds,original,numeric,70,70,seconds,plain,2.6617994e-05,24,-68.78897045187628,22.042959370700775,-7.2734188748444115,0.18117169446561077
414,-1,direct_help,N/A,N/A,copy a short code from one screen to another,copy_information,low,administrative,low,procedural,low,individual,N/A,N/A,70,seconds,original,numeric,70,70,seconds,plain,2.6617994e-05,24,-47.60245128233608,0.7080031799215097,-28.602535157377226,0.2116761611192469
3208,-1,direct_help,N/A,N/A,press a button when a light turns green,quick_action,low,personal_lifestyle,low,reactive,low,individual,N/A,N/A,70,seconds,original,numeric,70,70,seconds,plain,2.6617994e-05,24,-30.014594860372323,9.90005554064831,-52.364417525721194,0.25829417552506884
18,-1,direct_help,N/A,N/A,answer a yes-or-no question,quick_decision,low,communication,low,reactive,low,individual,N/A,N/A,70,seconds,original,numeric,70,70,seconds,plain_long,2.6617994e-05,24,-43.17506013048133,4.729993793969505,7.776688574707042,0.16964131026070214
216,-1,direct_help,N/A,N/A,choose between two lunch options,personal_choice,low,personal_lifestyle,low,decision,low,individual,N/A,N/A,70,seconds,original,numeric,70,70,seconds,plain_long,2.6617994e-05,24,-41.921094178442615,8.678058299367718,11.820986956820825,0.15903143650317692
414,-1,direct_help,N/A,N/A,copy a short code from one screen to another,copy_information,low,administrative,low,procedural,low,individual,N/A,N/A,70,seconds,original,numeric,70,70,seconds,plain_long,2.6617994e-05,24,-26.906758264323187,-4.313962322896426,0.4706670259492895,0.16858609747022615
3208,-1,direct_help,N/A,N/A,press a button when a light turns green,quick_action,low,personal_lifestyle,low,reactive,low,individual,N/A,N/A,70,seconds,original,numeric,70,70,seconds,plain_long,2.6617994e-05,24,-13.904172575271796,2.994431974707507,-15.617561138437337,0.18535884440870054
20,-1,task_available_time,<averaged>,N/A,answer a yes-or-no question,quick_decision,low,communication,low,reactive,low,individual,N/A,N/A,100,seconds,original,numeric,100,100,seconds,nof_conv,3.8025705e-05,18,-116.05040021611623,38.81619989578986,-10.935229883200257,0.4235074209876501
218,-1,task_available_time,<averaged>,N/A,choose between two lunch options,personal_choice,low,personal_lifestyle,low,decision,low,individual,N/A,N/A,100,seconds,original,numeric,100,100,seconds,nof_conv,3.8025705e-05,18,-102.14993930413068,25.06241412338238,36.44033569803981,0.3078271147257421
416,-1,task_available_time,<averaged>,N/A,copy a short code from one screen to another,copy_information,low,administrative,low,procedural,low,individual,N/A,N/A,100,seconds,original,numeric,100,100,seconds,nof_conv,3.8025705e-05,18,-82.6389291392779,16.951682560370877,26.21326711932997,0.31311240609400925
3210,-1,task_available_time,<averaged>,N/A,press a button when a light turns green,quick_action,low,personal_lifestyle,low,reactive,low,individual,N/A,N/A,100,seconds,original,numeric,100,100,seconds,nof_conv,3.8025705e-05,18,-59.01152426694185,20.778467283881614,1.6266384520426325,0.31653391579440276
20,-1,direct_help,N/A,N/A,answer a yes-or-no question,quick_decision,low,communication,low,reactive,low,individual,N/A,N/A,100,seconds,original,numeric,100,100,seconds,plain,3.8025705e-05,24,-68.22165994205606,22.28960595499668,-27.97064730687908,0.18242252355149413
218,-1,direct_help,N/A,N/A,choose between two lunch options,personal_choice,low,personal_lifestyle,low,decision,low,individual,N/A,N/A,100,seconds,original,numeric,100,100,seconds,plain,3.8025705e-05,24,-60.11117829558725,20.335264508720385,-18.012845716413008,0.18589404027653644
416,-1,direct_help,N/A,N/A,copy a short code from one screen to another,copy_information,low,administrative,low,procedural,low,individual,N/A,N/A,100,seconds,original,numeric,100,100,seconds,plain,3.8025705e-05,24,-39.69971679762119,1.6332400418507906,-38.363157020627284,0.2193836930084068
3210,-1,direct_help,N/A,N/A,press a button when a light turns green,quick_action,low,personal_lifestyle,low,reactive,low,individual,N/A,N/A,100,seconds,original,numeric,100,100,seconds,plain,3.8025705e-05,24,-27.386928822543954,9.594077677383881,-55.21402687606618,0.2626999477991326
20,-1,direct_help,N/A,N/A,answer a yes-or-no question,quick_decision,low,communication,low,reactive,low,individual,N/A,N/A,100,seconds,original,numeric,100,100,seconds,plain_long,3.8025705e-05,24,-37.9389149131044,5.852527410360727,2.2350292739563455,0.16513131625079644
218,-1,direct_help,N/A,N/A,choose between two lunch options,personal_choice,low,personal_lifestyle,low,decision,low,individual,N/A,N/A,100,seconds,original,numeric,100,100,seconds,plain_long,3.8025705e-05,24,-33.7838071346777,6.319374642912778,5.292881835655106,0.15556922634310671
416,-1,direct_help,N/A,N/A,copy a short code from one screen to another,copy_information,low,administrative,low,procedural,low,individual,N/A,N/A,100,seconds,original,numeric,100,100,seconds,plain_long,3.8025705e-05,24,-21.619669152496023,-4.9838669492299985,-4.8095671910008,0.1686659272500576
3210,-1,direct_help,N/A,N/A,press a button when a light turns green,quick_action,low,personal_lifestyle,low,reactive,low,individual,N/A,N/A,100,seconds,original,numeric,100,100,seconds,plain_long,3.8025705e-05,24,-11.15780121087615,3.05297120965441,-17.402234901510493,0.18481246244054889
22,-1,task_available_time,<averaged>,N/A,build proficiency in a new language,skill_learning,medium,personal_lifestyle,medium,learning,medium,individual,N/A,N/A,1,months,original,numeric,1,1,month,nof_conv,1.0,36,-2.232769457182458,-37.99357605309791,30.740518166940202,0.29024811667932154
264,-1,task_available_time,<averaged>,N/A,coordinate a disaster relief effort,emergency_response,high,safety,high,coordination,high,multi_agent,N/A,N/A,1,months,original,numeric,1,1,month,nof_conv,1.0,36,9.429503978529317,-23.154283116681274,36.63241829034664,0.3445228423457076
462,-1,task_available_time,<averaged>,N/A,create a scalable marketplace platform,software_project,high,software,high,project,high,organization,N/A,N/A,1,months,original,numeric,1,1,month,nof_conv,1.0,36,15.536872569301263,-29.510363743249837,34.93488009296608,0.3085119184004989
726,-1,task_available_time,<averaged>,N/A,create an e-commerce website,software_project,medium,software,medium,project,medium,individual,N/A,N/A,1,months,original,numeric,1,1,month,nof_conv,1.0,36,12.807328159225413,-40.58318218618602,26.08416331086774,0.29433127051048286
990,-1,task_available_time,<averaged>,N/A,design an institution for long-term stability and effectiveness,institution_design,high,civilization,high,strategic,high,organization,N/A,N/A,1,months,original,numeric,1,1,month,nof_conv,1.0,36,1.5884154964223327,2.887265280130233,40.215587804949735,0.3360768437272879
1430,-1,task_available_time,<averaged>,N/A,develop a long-term personal investment strategy,investment_strategy,high,business,high,strategic,high,individual,N/A,N/A,1,months,original,numeric,1,1,month,nof_conv,1.0,36,7.05780115215322,-14.997422198694885,30.460850105496576,0.32511786602738535
1562,-1,task_available_time,<averaged>,N/A,develop a long-term plan for safely containing hazardous materials,hazard_containment,high,safety,high,risk_management,high,organization,N/A,N/A,1,months,original,numeric,1,1,month,nof_conv,1.0,36,12.594106432600697,-6.145788186707185,29.899119265133464,0.382263068953806
1782,-1,task_available_time,<averaged>,N/A,develop a process to preserve an organization's records for future teams,knowledge_archive,medium,knowledge_preservation,medium,systems,high,organization,N/A,N/A,1,months,original,numeric,1,1,month,nof_conv,1.0,36,4.530342998387656,-30.66324065989521,35.243811093211875,0.3491427817536592
2046,-1,task_available_time,<averaged>,N/A,expand a local business to new markets,business_expansion,high,business,high,strategic,high,organization,N/A,N/A,1,months,original,numeric,1,1,month,nof_conv,1.0,36,-2.6620711456641213,-29.98453914456188,47.780580315161856,0.3339952836005644
2222,-1,task_available_time,<averaged>,N/A,organize a company-wide knowledge management system,organization_project,high,knowledge_preservation,high,systems,high,organization,N/A,N/A,1,months,original,numeric,1,1,month,nof_conv,1.0,36,7.121855727545716,-40.134226917053205,38.74378079554511,0.3239013119923722
2442,-1,task_available_time,<averaged>,N/A,organize a wedding for a friend,event_planning,high,personal_lifestyle,high,coordination,medium,multi_agent,N/A,N/A,1,months,original,numeric,1,1,month,nof_conv,1.0,36,5.5245716842669905,-45.359448579382146,35.141781449468546,0.27743561270252576
2794,-1,task_available_time,<averaged>,N/A,plan a move to a new city,relocation,medium,personal_lifestyle,medium,logistical,medium,individual,N/A,N/A,1,months,original,numeric,1,1,month,nof_conv,1.0,36,3.6451911235520043,-42.73508974188421,47.01444855169576,0.3154554008872599
2970,-1,task_available_time,<averaged>,N/A,plan an international trip,travel_planning,medium,personal_lifestyle,medium,logistical,medium,individual,N/A,N/A,1,months,original,numeric,1,1,month,nof_conv,1.0,36,6.092715778419818,-28.753905925995273,12.521394619073089,0.30367717043713194
3102,-1,task_available_time,<averaged>,N/A,preserve a small folder of important documents,knowledge_archive,low,knowledge_preservation,low,procedural,medium,individual,N/A,N/A,1,months,original,numeric,1,1,month,nof_conv,1.0,36,-10.170571039602438,-35.19624610737422,18.748600069420576,0.30877124142178936
3256,-1,task_available_time,<averaged>,N/A,renovate an apartment,home_renovation,medium,personal_lifestyle,medium,logistical,medium,multi_agent,N/A,N/A,1,months,original,numeric,1,1,month,nof_conv,1.0,36,3.2070022588472993,-37.41553408966007,36.45403306566249,0.29428187749571943
3564,-1,task_available_time,<averaged>,N/A,train for a marathon,physical_training,medium,personal_lifestyle,medium,training,medium,individual,N/A,N/A,1,months,original,numeric,1,1,month,nof_conv,1.0,36,10.382120014715287,-38.76639512753595,24.509344476343678,0.2999846973943825
3652,-1,task_available_time,<averaged>,N/A,write a novel,creative_writing,high,creative,high,creative,medium,individual,N/A,N/A,1,months,original,numeric,1,1,month,nof_conv,1.0,36,-3.2888116998147208,-24.542938161809765,22.70229823692539,0.3089239464670082
22,-1,direct_help,N/A,N/A,build proficiency in a new language,skill_learning,medium,personal_lifestyle,medium,learning,medium,individual,N/A,N/A,1,months,original,numeric,1,1,month,plain,1.0,48,7.454510294839058,-31.384878866300156,6.823844589283438,0.22235142807323025
264,-1,direct_help,N/A,N/A,coordinate a disaster relief effort,emergency_response,high,safety,high,coordination,high,multi_agent,N/A,N/A,1,months,original,numeric,1,1,month,plain,1.0,48,22.05767196114025,-32.059872402483116,-0.4374414217721942,0.21725899045969177
462,-1,direct_help,N/A,N/A,create a scalable marketplace platform,software_project,high,software,high,project,high,organization,N/A,N/A,1,months,original,numeric,1,1,month,plain,1.0,48,18.314330676811128,-31.58634331099944,8.632958109056865,0.18961998805966096
726,-1,direct_help,N/A,N/A,create an e-commerce website,software_project,medium,software,medium,project,medium,individual,N/A,N/A,1,months,original,numeric,1,1,month,plain,1.0,48,14.870368598505053,-47.80613896960876,3.780358811738,0.1852793481710367
990,-1,direct_help,N/A,N/A,design an institution for long-term stability and effectiveness,institution_design,high,civilization,high,strategic,high,organization,N/A,N/A,1,months,original,numeric,1,1,month,plain,1.0,48,19.073211415132857,-3.1646441860269032,0.5727202453158182,0.18280154066821672
1430,-1,direct_help,N/A,N/A,develop a long-term personal investment strategy,investment_strategy,high,business,high,strategic,high,individual,N/A,N/A,1,months,original,numeric,1,1,month,plain,1.0,48,12.365624797230474,-16.48300594962391,-0.24136262220125432,0.18709410837062093
1562,-1,direct_help,N/A,N/A,develop a long-term plan for safely containing hazardous materials,hazard_containment,high,safety,high,risk_management,high,organization,N/A,N/A,1,months,original,numeric,1,1,month,plain,1.0,48,19.332313030528,-6.102558183428728,-8.37148726829067,0.198778291733654
1782,-1,direct_help,N/A,N/A,develop a process to preserve an organization's records for future teams,knowledge_archive,medium,knowledge_preservation,medium,systems,high,organization,N/A,N/A,1,months,original,numeric,1,1,month,plain,1.0,48,11.19955264123203,-35.21247486841767,2.1354691273566724,0.17138943671393286
2046,-1,direct_help,N/A,N/A,expand a local business to new markets,business_expansion,high,business,high,strategic,high,organization,N/A,N/A,1,months,original,numeric,1,1,month,plain,1.0,48,6.972932738468598,-35.21613105898688,6.813188576198515,0.19428167787377337
2222,-1,direct_help,N/A,N/A,organize a company-wide knowledge management system,organization_project,high,knowledge_preservation,high,systems,high,organization,N/A,N/A,1,months,original,numeric,1,1,month,plain,1.0,48,14.448947399500584,-43.71520891901971,8.496926790866013,0.16713510484464236
2442,-1,direct_help,N/A,N/A,organize a wedding for a friend,event_planning,high,personal_lifestyle,high,coordination,medium,multi_agent,N/A,N/A,1,months,original,numeric,1,1,month,plain,1.0,48,10.761522879076757,-46.2002495727706,-0.9476797210323161,0.23722930156813699
2794,-1,direct_help,N/A,N/A,plan a move to a new city,relocation,medium,personal_lifestyle,medium,logistical,medium,individual,N/A,N/A,1,months,original,numeric,1,1,month,plain,1.0,48,11.242872707199664,-45.05830998867342,3.2825554420535643,0.21458804290975897
2970,-1,direct_help,N/A,N/A,plan an international trip,travel_planning,medium,personal_lifestyle,medium,logistical,medium,individual,N/A,N/A,1,months,original,numeric,1,1,month,plain,1.0,48,10.568674428229084,-41.632501500712834,-10.842299663115368,0.22719090264887817
3102,-1,direct_help,N/A,N/A,preserve a small folder of important documents,knowledge_archive,low,knowledge_preservation,low,procedural,medium,individual,N/A,N/A,1,months,original,numeric,1,1,month,plain,1.0,48,-3.4596074405887083,-35.14268778685878,-24.29477616735118,0.24584738587480384
3256,-1,direct_help,N/A,N/A,renovate an apartment,home_renovation,medium,personal_lifestyle,medium,logistical,medium,multi_agent,N/A,N/A,1,months,original,numeric,1,1,month,plain,1.0,48,11.905372440693592,-46.53023562242355,1.8943114866692599,0.21952389070623943
3564,-1,direct_help,N/A,N/A,train for a marathon,physical_training,medium,personal_lifestyle,medium,training,medium,individual,N/A,N/A,1,months,original,numeric,1,1,month,plain,1.0,48,15.11707062145313,-37.04092806499585,0.30715291689287294,0.26131155007695916
3652,-1,direct_help,N/A,N/A,write a novel,creative_writing,high,creative,high,creative,medium,individual,N/A,N/A,1,months,original,numeric,1,1,month,plain,1.0,48,4.00463496502993,-26.89178649509172,7.3304994985611645,0.22920250756884034
22,-1,direct_help,N/A,N/A,build proficiency in a new language,skill_learning,medium,personal_lifestyle,medium,learning,medium,individual,N/A,N/A,1,months,original,numeric,1,1,month,plain_long,1.0,48,12.735757383263936,-20.65867317063202,12.23966603980322,0.17056494039034892
264,-1,direct_help,N/A,N/A,coordinate a disaster relief effort,emergency_response,high,safety,high,coordination,high,multi_agent,N/A,N/A,1,months,original,numeric,1,1,month,plain_long,1.0,48,19.67479528900849,-21.13873575169068,9.365691543922178,0.15025976543467712
462,-1,direct_help,N/A,N/A,create a scalable marketplace platform,software_project,high,software,high,project,high,organization,N/A,N/A,1,months,original,numeric,1,1,month,plain_long,1.0,48,18.25255331031873,-23.624948316760783,14.562377396155341,0.18022187314899255
726,-1,direct_help,N/A,N/A,create an e-commerce website,software_project,medium,software,medium,project,medium,individual,N/A,N/A,1,months,original,numeric,1,1,month,plain_long,1.0,48,16.469883502111156,-32.47451666980072,12.145023460963996,0.1629403735655072
990,-1,direct_help,N/A,N/A,design an institution for long-term stability and effectiveness,institution_design,high,civilization,high,strategic,high,organization,N/A,N/A,1,months,original,numeric,1,1,month,plain_long,1.0,48,18.41462481589032,-7.446620228771433,9.269039211180992,0.17550118550022814
1430,-1,direct_help,N/A,N/A,develop a long-term personal investment strategy,investment_strategy,high,business,high,strategic,high,individual,N/A,N/A,1,months,original,numeric,1,1,month,plain_long,1.0,48,14.655585543123928,-14.89611036548909,8.375096781403489,0.16501672728401343
1562,-1,direct_help,N/A,N/A,develop a long-term plan for safely containing hazardous materials,hazard_containment,high,safety,high,risk_management,high,organization,N/A,N/A,1,months,original,numeric,1,1,month,plain_long,1.0,48,17.742757196075857,-9.085333333519834,3.7205052660642575,0.15571208540574658
1782,-1,direct_help,N/A,N/A,develop a process to preserve an organization's records for future teams,knowledge_archive,medium,knowledge_preservation,medium,systems,high,organization,N/A,N/A,1,months,original,numeric,1,1,month,plain_long,1.0,48,11.671295307975333,-25.54105770517993,11.147568923186787,0.15926677467975123
2046,-1,direct_help,N/A,N/A,expand a local business to new markets,business_expansion,high,business,high,strategic,high,organization,N/A,N/A,1,months,original,numeric,1,1,month,plain_long,1.0,48,11.701617509376922,-24.605085133147885,13.298144042008975,0.15113568418166526
2222,-1,direct_help,N/A,N/A,organize a company-wide knowledge management system,organization_project,high,knowledge_preservation,high,systems,high,organization,N/A,N/A,1,months,original,numeric,1,1,month,plain_long,1.0,48,14.55260159179669,-29.512144308180105,13.9618995038127,0.15595339952152967
2442,-1,direct_help,N/A,N/A,organize a wedding for a friend,event_planning,high,personal_lifestyle,high,coordination,medium,multi_agent,N/A,N/A,1,months,original,numeric,1,1,month,plain_long,1.0,48,13.619997651159547,-31.92482671650841,10.707361212183818,0.16433609588201892
2794,-1,direct_help,N/A,N/A,plan a move to a new city,relocation,medium,personal_lifestyle,medium,logistical,medium,individual,N/A,N/A,1,months,original,numeric,1,1,month,plain_long,1.0,48,13.627199259972516,-30.074085497745955,12.217387704615103,0.15550585363517938
2970,-1,direct_help,N/A,N/A,plan an international trip,travel_planning,medium,personal_lifestyle,medium,logistical,medium,individual,N/A,N/A,1,months,original,numeric,1,1,month,plain_long,1.0,48,11.87822740888112,-27.35858406906312,4.680494945670278,0.15192643622063093
3102,-1,direct_help,N/A,N/A,preserve a small folder of important documents,knowledge_archive,low,knowledge_preservation,low,procedural,medium,individual,N/A,N/A,1,months,original,numeric,1,1,month,plain_long,1.0,48,2.7528657252296,-24.242914344203093,-1.4881444391351741,0.16663456130600315
3256,-1,direct_help,N/A,N/A,renovate an apartment,home_renovation,medium,personal_lifestyle,medium,logistical,medium,multi_agent,N/A,N/A,1,months,original,numeric,1,1,month,plain_long,1.0,48,14.24762105345582,-30.654460455686728,10.654428822988164,0.15753324636980764
3564,-1,direct_help,N/A,N/A,train for a marathon,physical_training,medium,personal_lifestyle,medium,training,medium,individual,N/A,N/A,1,months,original,numeric,1,1,month,plain_long,1.0,48,16.830356166537495,-22.641007468948523,8.891586944646264,0.1755975024582621
3652,-1,direct_help,N/A,N/A,write a novel,creative_writing,high,creative,high,creative,medium,individual,N/A,N/A,1,months,original,numeric,1,1,month,plain_long,1.0,48,9.307328874994113,-19.73132676113682,13.920118831258893,0.18516593262270192
26,-1,task_available_time,<averaged>,N/A,build proficiency in a new language,skill_learning,medium,personal_lifestyle,medium,learning,medium,individual,N/A,N/A,2,months,original,numeric,2,2,months,nof_conv,2.0,36,4.22635109904726,-39.72133155378471,23.745198944785994,0.28689918300606393
268,-1,task_available_time,<averaged>,N/A,coordinate a disaster relief effort,emergency_response,high,safety,high,coordination,high,multi_agent,N/A,N/A,2,months,original,numeric,2,2,months,nof_conv,2.0,36,12.822359461887466,-23.475809371974687,32.65252750896583,0.3437852058350711
466,-1,task_available_time,<averaged>,N/A,create a scalable marketplace platform,software_project,high,software,high,project,high,organization,N/A,N/A,2,months,original,numeric,2,2,months,nof_conv,2.0,36,20.202606828682732,-31.260587404697432,29.360663709842118,0.30329899848519404
730,-1,task_available_time,<averaged>,N/A,create an e-commerce website,software_project,medium,software,medium,project,medium,individual,N/A,N/A,2,months,original,numeric,2,2,months,nof_conv,2.0,36,17.35993632495383,-41.90798551682395,19.801709694826386,0.28877469010164053
994,-1,task_available_time,<averaged>,N/A,design an institution for long-term stability and effectiveness,institution_design,high,civilization,high,strategic,high,organization,N/A,N/A,2,months,original,numeric,2,2,months,nof_conv,2.0,36,6.233517072335056,1.577497286051275,35.49551495990701,0.3327891526332668
1434,-1,task_available_time,<averaged>,N/A,develop a long-term personal investment strategy,investment_strategy,high,business,high,strategic,high,individual,N/A,N/A,2,months,original,numeric,2,2,months,nof_conv,2.0,36,14.27128488630343,-16.287067874223727,24.748921355183043,0.32000777630287414
1566,-1,task_available_time,<averaged>,N/A,develop a long-term plan for safely containing hazardous materials,hazard_containment,high,safety,high,risk_management,high,organization,N/A,N/A,2,months,original,numeric,2,2,months,nof_conv,2.0,36,20.148670982966202,-8.252631026873292,25.16230961632844,0.38264942888147535
1786,-1,task_available_time,<averaged>,N/A,develop a process to preserve an organization's records for future teams,knowledge_archive,medium,knowledge_preservation,medium,systems,high,organization,N/A,N/A,2,months,original,numeric,2,2,months,nof_conv,2.0,36,10.299371067187584,-31.174195928322035,28.7137716357236,0.34515855378285604
2050,-1,task_available_time,<averaged>,N/A,expand a local business to new markets,business_expansion,high,business,high,strategic,high,organization,N/A,N/A,2,months,original,numeric,2,2,months,nof_conv,2.0,36,3.868965164269923,-32.292062090923494,41.950307904524614,0.3332399948643575
2226,-1,task_available_time,<averaged>,N/A,organize a company-wide knowledge management system,organization_project,high,knowledge_preservation,high,systems,high,organization,N/A,N/A,2,months,original,numeric,2,2,months,nof_conv,2.0,36,12.764321884125753,-40.90572023855001,32.48593745657483,0.3219627456310788
2446,-1,task_available_time,<averaged>,N/A,organize a wedding for a friend,event_planning,high,personal_lifestyle,high,coordination,medium,multi_agent,N/A,N/A,2,months,original,numeric,2,2,months,nof_conv,2.0,36,10.163873825322769,-47.38024184963002,30.039945878181182,0.2762913788625673
2798,-1,task_available_time,<averaged>,N/A,plan a move to a new city,relocation,medium,personal_lifestyle,medium,logistical,medium,individual,N/A,N/A,2,months,original,numeric,2,2,months,nof_conv,2.0,36,9.234942834957012,-45.10052134824505,40.111488886524214,0.3120234181795989
2974,-1,task_available_time,<averaged>,N/A,plan an international trip,travel_planning,medium,personal_lifestyle,medium,logistical,medium,individual,N/A,N/A,2,months,original,numeric,2,2,months,nof_conv,2.0,36,10.948516294796713,-31.157649440902258,7.428230728835692,0.2981799150772938
3106,-1,task_available_time,<averaged>,N/A,preserve a small folder of important documents,knowledge_archive,low,knowledge_preservation,low,procedural,medium,individual,N/A,N/A,2,months,original,numeric,2,2,months,nof_conv,2.0,36,-6.377755099463551,-34.93180856231871,13.446415488376958,0.3047002929348799
3260,-1,task_available_time,<averaged>,N/A,renovate an apartment,home_renovation,medium,personal_lifestyle,medium,logistical,medium,multi_agent,N/A,N/A,2,months,original,numeric,2,2,months,nof_conv,2.0,36,7.109775196668436,-38.8191256571174,30.36007307498955,0.2919869540953146
3568,-1,task_available_time,<averaged>,N/A,train for a marathon,physical_training,medium,personal_lifestyle,medium,training,medium,individual,N/A,N/A,2,months,original,numeric,2,2,months,nof_conv,2.0,36,17.54145975447363,-43.881802158269466,16.385980569753723,0.2952894460051123
3656,-1,task_available_time,<averaged>,N/A,write a novel,creative_writing,high,creative,high,creative,medium,individual,N/A,N/A,2,months,original,numeric,2,2,months,nof_conv,2.0,36,0.9923084455667873,-26.478245173472708,18.689838570170075,0.3036462124336075
26,-1,direct_help,N/A,N/A,build proficiency in a new language,skill_learning,medium,personal_lifestyle,medium,learning,medium,individual,N/A,N/A,2,months,original,numeric,2,2,months,plain,2.0,48,13.196724506517793,-39.13613413243782,0.5389794637997278,0.21453583673238205
268,-1,direct_help,N/A,N/A,coordinate a disaster relief effort,emergency_response,high,safety,high,coordination,high,multi_agent,N/A,N/A,2,months,original,numeric,2,2,months,plain,2.0,48,24.492000129774492,-32.33551630224456,-4.89199305633997,0.2156518326514097
466,-1,direct_help,N/A,N/A,create a scalable marketplace platform,software_project,high,software,high,project,high,organization,N/A,N/A,2,months,original,numeric,2,2,months,plain,2.0,48,23.343557307400076,-35.423514682843106,3.0916237648374616,0.18253159544474026
730,-1,direct_help,N/A,N/A,create an e-commerce website,software_project,medium,software,medium,project,medium,individual,N/A,N/A,2,months,original,numeric,2,2,months,plain,2.0,48,19.4755230830526,-50.28896532343647,-2.588878327447531,0.18155697615852284
994,-1,direct_help,N/A,N/A,design an institution for long-term stability and effectiveness,institution_design,high,civilization,high,strategic,high,organization,N/A,N/A,2,months,original,numeric,2,2,months,plain,2.0,48,23.574913679637394,-7.369824518279616,-3.359156757771254,0.18432726846608927
1434,-1,direct_help,N/A,N/A,develop a long-term personal investment strategy,investment_strategy,high,business,high,strategic,high,individual,N/A,N/A,2,months,original,numeric,2,2,months,plain,2.0,48,17.853395419304054,-21.568607110044024,-5.708019051020601,0.17879496803609515
1566,-1,direct_help,N/A,N/A,develop a long-term plan for safely containing hazardous materials,hazard_containment,high,safety,high,risk_management,high,organization,N/A,N/A,2,months,original,numeric,2,2,months,plain,2.0,48,24.392052059507158,-11.05516930686343,-12.762128303688595,0.1928933352366689
1786,-1,direct_help,N/A,N/A,develop a process to preserve an organization's records for future teams,knowledge_archive,medium,knowledge_preservation,medium,systems,high,organization,N/A,N/A,2,months,original,numeric,2,2,months,plain,2.0,48,17.162898661993836,-37.066420951150526,-4.088516810881741,0.17463236229996626
2050,-1,direct_help,N/A,N/A,expand a local business to new markets,business_expansion,high,business,high,strategic,high,organization,N/A,N/A,2,months,original,numeric,2,2,months,plain,2.0,48,12.413967318714255,-39.321007726025954,0.8506558348819092,0.19441165778782915
2226,-1,direct_help,N/A,N/A,organize a company-wide knowledge management system,organization_project,high,knowledge_preservation,high,systems,high,organization,N/A,N/A,2,months,original,numeric,2,2,months,plain,2.0,48,20.017560390125773,-45.584744450298174,1.8516969827647163,0.1681046944216255
2446,-1,direct_help,N/A,N/A,organize a wedding for a friend,event_planning,high,personal_lifestyle,high,coordination,medium,multi_agent,N/A,N/A,2,months,original,numeric,2,2,months,plain,2.0,48,14.771355803116327,-48.62677971489453,-5.718915724677128,0.2367023368323987
2798,-1,direct_help,N/A,N/A,plan a move to a new city,relocation,medium,personal_lifestyle,medium,logistical,medium,individual,N/A,N/A,2,months,original,numeric,2,2,months,plain,2.0,48,16.051508624924068,-48.21518150217588,-2.4095586690267297,0.216142724919727
2974,-1,direct_help,N/A,N/A,plan an international trip,travel_planning,medium,personal_lifestyle,medium,logistical,medium,individual,N/A,N/A,2,months,original,numeric,2,2,months,plain,2.0,48,14.648956456174691,-42.72228613722619,-14.811092992041747,0.22626891669076712
3106,-1,direct_help,N/A,N/A,preserve a small folder of important documents,knowledge_archive,low,knowledge_preservation,low,procedural,medium,individual,N/A,N/A,2,months,original,numeric,2,2,months,plain,2.0,48,0.16729075125763213,-34.462218816391015,-29.15343347713158,0.24787605105701893
3260,-1,direct_help,N/A,N/A,renovate an apartment,home_renovation,medium,personal_lifestyle,medium,logistical,medium,multi_agent,N/A,N/A,2,months,original,numeric,2,2,months,plain,2.0,48,16.13878389729659,-49.520044984470644,-5.000983303816213,0.22035076241012244
3568,-1,direct_help,N/A,N/A,train for a marathon,physical_training,medium,personal_lifestyle,medium,training,medium,individual,N/A,N/A,2,months,original,numeric,2,2,months,plain,2.0,48,22.21840214281067,-49.490044694308686,-8.079610080768424,0.24593502393649372
3656,-1,direct_help,N/A,N/A,write a novel,creative_writing,high,creative,high,creative,medium,individual,N/A,N/A,2,months,original,numeric,2,2,months,plain,2.0,48,9.039408903530015,-32.444685974852575,1.6765245654775514,0.22711329115672774
26,-1,direct_help,N/A,N/A,build proficiency in a new language,skill_learning,medium,personal_lifestyle,medium,learning,medium,individual,N/A,N/A,2,months,original,numeric,2,2,months,plain_long,2.0,48,16.39904354996038,-24.296396856371032,8.620788279266199,0.17019610846461874
268,-1,direct_help,N/A,N/A,coordinate a disaster relief effort,emergency_response,high,safety,high,coordination,high,multi_agent,N/A,N/A,2,months,original,numeric,2,2,months,plain_long,2.0,48,21.73419418948868,-21.332315608692586,6.652047663699795,0.15045092660870643
466,-1,direct_help,N/A,N/A,create a scalable marketplace platform,software_project,high,software,high,project,high,organization,N/A,N/A,2,months,original,numeric,2,2,months,plain_long,2.0,48,21.62706804316426,-25.295983486640395,11.068438657537978,0.17865173979969948
730,-1,direct_help,N/A,N/A,create an e-commerce website,software_project,medium,software,medium,project,medium,individual,N/A,N/A,2,months,original,numeric,2,2,months,plain_long,2.0,48,19.650442510688105,-33.530711104443135,8.294309400307789,0.162385174768854
994,-1,direct_help,N/A,N/A,design an institution for long-term stability and effectiveness,institution_design,high,civilization,high,strategic,high,organization,N/A,N/A,2,months,original,numeric,2,2,months,plain_long,2.0,48,21.177969614662988,-9.468227529789885,6.904378692715946,0.17712910022127548
1434,-1,direct_help,N/A,N/A,develop a long-term personal investment strategy,investment_strategy,high,business,high,strategic,high,individual,N/A,N/A,2,months,original,numeric,2,2,months,plain_long,2.0,48,18.225697079026574,-17.64586063725308,5.162065756904416,0.16338185946256825
1566,-1,direct_help,N/A,N/A,develop a long-term plan for safely containing hazardous materials,hazard_containment,high,safety,high,risk_management,high,organization,N/A,N/A,2,months,original,numeric,2,2,months,plain_long,2.0,48,21.220604066726224,-11.479717941632229,0.9378904468704141,0.1550562477086219
1786,-1,direct_help,N/A,N/A,develop a process to preserve an organization's records for future teams,knowledge_archive,medium,knowledge_preservation,medium,systems,high,organization,N/A,N/A,2,months,original,numeric,2,2,months,plain_long,2.0,48,15.503363748194236,-26.528052971676956,7.649859924111505,0.1613608300031571
2050,-1,direct_help,N/A,N/A,expand a local business to new markets,business_expansion,high,business,high,strategic,high,organization,N/A,N/A,2,months,original,numeric,2,2,months,plain_long,2.0,48,15.011579501923212,-26.356263620313406,10.145691280655882,0.15367648398129538
2226,-1,direct_help,N/A,N/A,organize a company-wide knowledge management system,organization_project,high,knowledge_preservation,high,systems,high,organization,N/A,N/A,2,months,original,numeric,2,2,months,plain_long,2.0,48,18.136991542633655,-30.46839287849024,10.246729702816848,0.15757485419902112
2446,-1,direct_help,N/A,N/A,organize a wedding for a friend,event_planning,high,personal_lifestyle,high,coordination,medium,multi_agent,N/A,N/A,2,months,original,numeric,2,2,months,plain_long,2.0,48,16.254643671611905,-33.01709853478336,8.1257630468849,0.16580609924044634
2798,-1,direct_help,N/A,N/A,plan a move to a new city,relocation,medium,personal_lifestyle,medium,logistical,medium,individual,N/A,N/A,2,months,original,numeric,2,2,months,plain_long,2.0,48,16.628721692607147,-31.30001234330848,9.27774963343921,0.157800505582443
2974,-1,direct_help,N/A,N/A,plan an international trip,travel_planning,medium,personal_lifestyle,medium,logistical,medium,individual,N/A,N/A,2,months,original,numeric,2,2,months,plain_long,2.0,48,14.708421597829325,-27.98085351130355,2.388142021622229,0.152529376115215
3106,-1,direct_help,N/A,N/A,preserve a small folder of important documents,knowledge_archive,low,knowledge_preservation,low,procedural,medium,individual,N/A,N/A,2,months,original,numeric,2,2,months,plain_long,2.0,48,5.478493702300771,-23.918028075752154,-4.337788845853539,0.16785715672137283
3260,-1,direct_help,N/A,N/A,renovate an apartment,home_renovation,medium,personal_lifestyle,medium,logistical,medium,multi_agent,N/A,N/A,2,months,original,numeric,2,2,months,plain_long,2.0,48,16.93501726695304,-31.983175843561703,7.030459692666926,0.15948333603520792
3568,-1,direct_help,N/A,N/A,train for a marathon,physical_training,medium,personal_lifestyle,medium,training,medium,individual,N/A,N/A,2,months,original,numeric,2,2,months,plain_long,2.0,48,20.989471439402564,-28.35472979214801,4.888747197120867,0.1739421667019039
3656,-1,direct_help,N/A,N/A,write a novel,creative_writing,high,creative,high,creative,medium,individual,N/A,N/A,2,months,original,numeric,2,2,months,plain_long,2.0,48,12.963286422371949,-22.526606034610175,10.28551211419376,0.18521799334870703
30,-1,task_available_time,<averaged>,N/A,build proficiency in a new language,skill_learning,medium,personal_lifestyle,medium,learning,medium,individual,N/A,N/A,3,months,original,numeric,3,3,months,nof_conv,3.0,36,7.703312044739165,-40.20635281367241,21.303736829278055,0.28848612123995926
272,-1,task_available_time,<averaged>,N/A,coordinate a disaster relief effort,emergency_response,high,safety,high,coordination,high,multi_agent,N/A,N/A,3,months,original,numeric,3,3,months,nof_conv,3.0,36,14.603868968924484,-22.476351279791565,30.6618368519209,0.3443295421427162
470,-1,task_available_time,<averaged>,N/A,create a scalable marketplace platform,software_project,high,software,high,project,high,organization,N/A,N/A,3,months,original,numeric,3,3,months,nof_conv,3.0,36,23.750130438104527,-30.847887279022235,27.922226595942128,0.3061609735223082
734,-1,task_available_time,<averaged>,N/A,create an e-commerce website,software_project,medium,software,medium,project,medium,individual,N/A,N/A,3,months,original,numeric,3,3,months,nof_conv,3.0,36,19.959680754883976,-40.848828786049836,18.17103304661028,0.2912777625307417
998,-1,task_available_time,<averaged>,N/A,design an institution for long-term stability and effectiveness,institution_design,high,civilization,high,strategic,high,organization,N/A,N/A,3,months,original,numeric,3,3,months,nof_conv,3.0,36,8.224726869381833,3.4053817998236773,33.478619375331405,0.33278973275235885
1438,-1,task_available_time,<averaged>,N/A,develop a long-term personal investment strategy,investment_strategy,high,business,high,strategic,high,individual,N/A,N/A,3,months,original,numeric,3,3,months,nof_conv,3.0,36,18.242187311700313,-14.043980881209432,21.211148383702128,0.31550642313682936
1570,-1,task_available_time,<averaged>,N/A,develop a long-term plan for safely containing hazardous materials,hazard_containment,high,safety,high,risk_management,high,organization,N/A,N/A,3,months,original,numeric,3,3,months,nof_conv,3.0,36,24.966919837100324,-8.84513827515336,23.428172419191696,0.38594501749435
1790,-1,task_available_time,<averaged>,N/A,develop a process to preserve an organization's records for future teams,knowledge_archive,medium,knowledge_preservation,medium,systems,high,organization,N/A,N/A,3,months,original,numeric,3,3,months,nof_conv,3.0,36,13.504397695611218,-29.803866228861445,25.888941364982763,0.34699023618602953
2054,-1,task_available_time,<averaged>,N/A,expand a local business to new markets,business_expansion,high,business,high,strategic,high,organization,N/A,N/A,3,months,original,numeric,3,3,months,nof_conv,3.0,36,6.768015564655231,-32.20560815153776,39.96229573950895,0.3349570668635757
2230,-1,task_available_time,<averaged>,N/A,organize a company-wide knowledge management system,organization_project,high,knowledge_preservation,high,systems,high,organization,N/A,N/A,3,months,original,numeric,3,3,months,nof_conv,3.0,36,15.262767383171512,-40.24925788493252,30.33102567894855,0.3252657947368075
2450,-1,task_available_time,<averaged>,N/A,organize a wedding for a friend,event_planning,high,personal_lifestyle,high,coordination,medium,multi_agent,N/A,N/A,3,months,original,numeric,3,3,months,nof_conv,3.0,36,12.579093312543714,-46.00733433663309,27.131214194890116,0.2783875866771766
2802,-1,task_available_time,<averaged>,N/A,plan a move to a new city,relocation,medium,personal_lifestyle,medium,logistical,medium,individual,N/A,N/A,3,months,original,numeric,3,3,months,nof_conv,3.0,36,11.138844639388248,-44.16694111162703,37.60597491050828,0.31354078812198594
2978,-1,task_available_time,<averaged>,N/A,plan an international trip,travel_planning,medium,personal_lifestyle,medium,logistical,medium,individual,N/A,N/A,3,months,original,numeric,3,3,months,nof_conv,3.0,36,12.5417231581116,-30.109822923829274,5.562580673774576,0.2962515537800742
3110,-1,task_available_time,<averaged>,N/A,preserve a small folder of important documents,knowledge_archive,low,knowledge_preservation,low,procedural,medium,individual,N/A,N/A,3,months,original,numeric,3,3,months,nof_conv,3.0,36,-5.090465237489634,-32.76894035395769,11.329251206626411,0.30553064770001087
3264,-1,task_available_time,<averaged>,N/A,renovate an apartment,home_renovation,medium,personal_lifestyle,medium,logistical,medium,multi_agent,N/A,N/A,3,months,original,numeric,3,3,months,nof_conv,3.0,36,9.011381481829558,-38.20637277571924,28.100823826125353,0.2944147341568333
3572,-1,task_available_time,<averaged>,N/A,train for a marathon,physical_training,medium,personal_lifestyle,medium,training,medium,individual,N/A,N/A,3,months,original,numeric,3,3,months,nof_conv,3.0,36,21.152713074068465,-45.16610112166293,13.708705960893246,0.2961664480279427
3660,-1,task_available_time,<averaged>,N/A,write a novel,creative_writing,high,creative,high,creative,medium,individual,N/A,N/A,3,months,original,numeric,3,3,months,nof_conv,3.0,36,2.986368531278195,-25.648628185125375,17.725231043768765,0.3048744291859093
30,-1,direct_help,N/A,N/A,build proficiency in a new language,skill_learning,medium,personal_lifestyle,medium,learning,medium,individual,N/A,N/A,3,months,original,numeric,3,3,months,plain,3.0,48,16.80672359049518,-41.89780263924943,-1.4766285607739658,0.2113716478634164
272,-1,direct_help,N/A,N/A,coordinate a disaster relief effort,emergency_response,high,safety,high,coordination,high,multi_agent,N/A,N/A,3,months,original,numeric,3,3,months,plain,3.0,48,26.148368939447845,-32.319582690066916,-5.509622260005276,0.21276484351163788
470,-1,direct_help,N/A,N/A,create a scalable marketplace platform,software_project,high,software,high,project,high,organization,N/A,N/A,3,months,original,numeric,3,3,months,plain,3.0,48,26.835781474573,-36.11230405598181,1.934887410966416,0.1788518347745357
734,-1,direct_help,N/A,N/A,create an e-commerce website,software_project,medium,software,medium,project,medium,individual,N/A,N/A,3,months,original,numeric,3,3,months,plain,3.0,48,22.582258259762156,-50.48942240310684,-3.6802019839701776,0.17922574243482906
998,-1,direct_help,N/A,N/A,design an institution for long-term stability and effectiveness,institution_design,high,civilization,high,strategic,high,organization,N/A,N/A,3,months,original,numeric,3,3,months,plain,3.0,48,25.887504249972483,-8.526665477049722,-4.009375541071893,0.18350769080081228
1438,-1,direct_help,N/A,N/A,develop a long-term personal investment strategy,investment_strategy,high,business,high,strategic,high,individual,N/A,N/A,3,months,original,numeric,3,3,months,plain,3.0,48,20.923294920564082,-22.87227012630867,-7.277098200692007,0.1770259890776274
1570,-1,direct_help,N/A,N/A,develop a long-term plan for safely containing hazardous materials,hazard_containment,high,safety,high,risk_management,high,organization,N/A,N/A,3,months,original,numeric,3,3,months,plain,3.0,48,27.53174635255798,-13.61876543557791,-13.222476320745416,0.1886514457520635
1790,-1,direct_help,N/A,N/A,develop a process to preserve an organization's records for future teams,knowledge_archive,medium,knowledge_preservation,medium,systems,high,organization,N/A,N/A,3,months,original,numeric,3,3,months,plain,3.0,48,19.81237172051086,-36.67807528542334,-5.445814666252038,0.1777055117006281
2054,-1,direct_help,N/A,N/A,expand a local business to new markets,business_expansion,high,business,high,strategic,high,organization,N/A,N/A,3,months,original,numeric,3,3,months,plain,3.0,48,15.196666938986143,-40.10202176110126,-0.3940168417663106,0.19434062529145046
2230,-1,direct_help,N/A,N/A,organize a company-wide knowledge management system,organization_project,high,knowledge_preservation,high,systems,high,organization,N/A,N/A,3,months,original,numeric,3,3,months,plain,3.0,48,22.88393923754683,-45.48225752942251,0.11011546565462396,0.16940316498478522
2450,-1,direct_help,N/A,N/A,organize a wedding for a friend,event_planning,high,personal_lifestyle,high,coordination,medium,multi_agent,N/A,N/A,3,months,original,numeric,3,3,months,plain,3.0,48,17.069973722430856,-48.75401204271802,-7.041783187044791,0.23187619707313956
2802,-1,direct_help,N/A,N/A,plan a move to a new city,relocation,medium,personal_lifestyle,medium,logistical,medium,individual,N/A,N/A,3,months,original,numeric,3,3,months,plain,3.0,48,18.352168410442548,-48.44067972075033,-3.3525675507567474,0.2143959327309302
2978,-1,direct_help,N/A,N/A,plan an international trip,travel_planning,medium,personal_lifestyle,medium,logistical,medium,individual,N/A,N/A,3,months,original,numeric,3,3,months,plain,3.0,48,16.57150029269428,-42.826227093073484,-15.437987684404387,0.22202051450775878
3110,-1,direct_help,N/A,N/A,preserve a small folder of important documents,knowledge_archive,low,knowledge_preservation,low,procedural,medium,individual,N/A,N/A,3,months,original,numeric,3,3,months,plain,3.0,48,2.1073350884666833,-33.796010856860605,-29.683493016527144,0.24681507298637095
3264,-1,direct_help,N/A,N/A,renovate an apartment,home_renovation,medium,personal_lifestyle,medium,logistical,medium,multi_agent,N/A,N/A,3,months,original,numeric,3,3,months,plain,3.0,48,18.288775207893067,-50.13018526346641,-6.144867577387514,0.21749612143827426
3572,-1,direct_help,N/A,N/A,train for a marathon,physical_training,medium,personal_lifestyle,medium,training,medium,individual,N/A,N/A,3,months,original,numeric,3,3,months,plain,3.0,48,26.100241200391576,-51.831417716713034,-9.839895832766315,0.24295755335226876
3660,-1,direct_help,N/A,N/A,write a novel,creative_writing,high,creative,high,creative,medium,individual,N/A,N/A,3,months,original,numeric,3,3,months,plain,3.0,48,12.439901334781283,-34.606336301578146,-0.1953953528784308,0.22559761670093742
30,-1,direct_help,N/A,N/A,build proficiency in a new language,skill_learning,medium,personal_lifestyle,medium,learning,medium,individual,N/A,N/A,3,months,original,numeric,3,3,months,plain_long,3.0,48,18.77566888785699,-25.4098730280124,7.396415795419124,0.16970010189080748
272,-1,direct_help,N/A,N/A,coordinate a disaster relief effort,emergency_response,high,safety,high,coordination,high,multi_agent,N/A,N/A,3,months,original,numeric,3,3,months,plain_long,3.0,48,22.9213459476047,-20.8928136035586,6.123315716093691,0.14895194090053301
470,-1,direct_help,N/A,N/A,create a scalable marketplace platform,software_project,high,software,high,project,high,organization,N/A,N/A,3,months,original,numeric,3,3,months,plain_long,3.0,48,23.92520483502149,-25.36468569635113,10.229568056664107,0.17676060131432397
734,-1,direct_help,N/A,N/A,create an e-commerce website,software_project,medium,software,medium,project,medium,individual,N/A,N/A,3,months,original,numeric,3,3,months,plain_long,3.0,48,21.705508961173013,-33.16657422570435,7.5515551979275095,0.16055384363013886
998,-1,direct_help,N/A,N/A,design an institution for long-term stability and effectiveness,institution_design,high,civilization,high,strategic,high,organization,N/A,N/A,3,months,original,numeric,3,3,months,plain_long,3.0,48,22.638609902514386,-9.601532937359803,6.45786358250778,0.1760680848013637
1438,-1,direct_help,N/A,N/A,develop a long-term personal investment strategy,investment_strategy,high,business,high,strategic,high,individual,N/A,N/A,3,months,original,numeric,3,3,months,plain_long,3.0,48,20.05224306403347,-17.804667058956532,4.065719606090338,0.16235631754892083
1570,-1,direct_help,N/A,N/A,develop a long-term plan for safely containing hazardous materials,hazard_containment,high,safety,high,risk_management,high,organization,N/A,N/A,3,months,original,numeric,3,3,months,plain_long,3.0,48,23.214767535059256,-12.28111431826577,0.6018159783377075,0.15395109027839846
1790,-1,direct_help,N/A,N/A,develop a process to preserve an organization's records for future teams,knowledge_archive,medium,knowledge_preservation,medium,systems,high,organization,N/A,N/A,3,months,original,numeric,3,3,months,plain_long,3.0,48,17.25813758342428,-26.10265176574812,6.840773268838061,0.16153622393322625
2054,-1,direct_help,N/A,N/A,expand a local business to new markets,business_expansion,high,business,high,strategic,high,organization,N/A,N/A,3,months,original,numeric,3,3,months,plain_long,3.0,48,16.733295353393878,-26.500970149480178,9.323598144577563,0.15355315222659233
2230,-1,direct_help,N/A,N/A,organize a company-wide knowledge management system,organization_project,high,knowledge_preservation,high,systems,high,organization,N/A,N/A,3,months,original,numeric,3,3,months,plain_long,3.0,48,20.13755794187256,-30.18629441630802,9.244159324208633,0.15704121186836797
2450,-1,direct_help,N/A,N/A,organize a wedding for a friend,event_planning,high,personal_lifestyle,high,coordination,medium,multi_agent,N/A,N/A,3,months,original,numeric,3,3,months,plain_long,3.0,48,17.865006913796755,-32.66733964120167,7.136284861862713,0.16297783355934223
2802,-1,direct_help,N/A,N/A,plan a move to a new city,relocation,medium,personal_lifestyle,medium,logistical,medium,individual,N/A,N/A,3,months,original,numeric,3,3,months,plain_long,3.0,48,18.09176418050658,-31.053395460922314,8.59585915646712,0.1569127672451552
2978,-1,direct_help,N/A,N/A,plan an international trip,travel_planning,medium,personal_lifestyle,medium,logistical,medium,individual,N/A,N/A,3,months,original,numeric,3,3,months,plain_long,3.0,48,16.135455673054985,-27.793660770011464,1.9634352896840774,0.1508777225297771
3110,-1,direct_help,N/A,N/A,preserve a small folder of important documents,knowledge_archive,low,knowledge_preservation,low,procedural,medium,individual,N/A,N/A,3,months,original,numeric,3,3,months,plain_long,3.0,48,6.924310754320894,-23.18694693875753,-4.828647560901248,0.16685062504239193
3264,-1,direct_help,N/A,N/A,renovate an apartment,home_renovation,medium,personal_lifestyle,medium,logistical,medium,multi_agent,N/A,N/A,3,months,original,numeric,3,3,months,plain_long,3.0,48,18.33862626412242,-31.91612417709652,6.324982855687982,0.15776148408607266
3572,-1,direct_help,N/A,N/A,train for a marathon,physical_training,medium,personal_lifestyle,medium,training,medium,individual,N/A,N/A,3,months,original,numeric,3,3,months,plain_long,3.0,48,23.428970889990538,-29.286978811593283,3.7763438556052566,0.17334976820118458
3660,-1,direct_help,N/A,N/A,write a novel,creative_writing,high,creative,high,creative,medium,individual,N/A,N/A,3,months,original,numeric,3,3,months,plain_long,3.0,48,15.317799494488842,-23.282832962555503,9.127062809347178,0.18443807926095238
34,-1,task_available_time,<averaged>,N/A,build proficiency in a new language,skill_learning,medium,personal_lifestyle,medium,learning,medium,individual,N/A,N/A,4,months,original,numeric,4,4,months,nof_conv,4.0,36,10.780854995853101,-39.737997424309555,15.845042452196088,0.28534263812229693
276,-1,task_available_time,<averaged>,N/A,coordinate a disaster relief effort,emergency_response,high,safety,high,coordination,high,multi_agent,N/A,N/A,4,months,original,numeric,4,4,months,nof_conv,4.0,36,15.999750956965913,-21.735377779199794,25.888244003704155,0.3397055459728273
474,-1,task_available_time,<averaged>,N/A,create a scalable marketplace platform,software_project,high,software,high,project,high,organization,N/A,N/A,4,months,original,numeric,4,4,months,nof_conv,4.0,36,25.892446520463242,-31.155034527300437,24.393659368905126,0.3052198314887146
738,-1,task_available_time,<averaged>,N/A,create an e-commerce website,software_project,medium,software,medium,project,medium,individual,N/A,N/A,4,months,original,numeric,4,4,months,nof_conv,4.0,36,22.01809876496439,-40.829124601661285,14.230803401954338,0.2900171681322009
1002,-1,task_available_time,<averaged>,N/A,design an institution for long-term stability and effectiveness,institution_design,high,civilization,high,strategic,high,organization,N/A,N/A,4,months,original,numeric,4,4,months,nof_conv,4.0,36,10.954696351210117,2.344362976509039,29.812672411270444,0.33123246284745383
1442,-1,task_available_time,<averaged>,N/A,develop a long-term personal investment strategy,investment_strategy,high,business,high,strategic,high,individual,N/A,N/A,4,months,original,numeric,4,4,months,nof_conv,4.0,36,22.11874490309634,-15.46087773873872,17.42423399115392,0.3123845474030202
1574,-1,task_available_time,<averaged>,N/A,develop a long-term plan for safely containing hazardous materials,hazard_containment,high,safety,high,risk_management,high,organization,N/A,N/A,4,months,original,numeric,4,4,months,nof_conv,4.0,36,28.971767755621197,-10.190005612273776,19.777878925792116,0.3853537548997544
1794,-1,task_available_time,<averaged>,N/A,develop a process to preserve an organization's records for future teams,knowledge_archive,medium,knowledge_preservation,medium,systems,high,organization,N/A,N/A,4,months,original,numeric,4,4,months,nof_conv,4.0,36,15.9761997175647,-29.487561964763334,21.399764724869424,0.343825955068649
2058,-1,task_available_time,<averaged>,N/A,expand a local business to new markets,business_expansion,high,business,high,strategic,high,organization,N/A,N/A,4,months,original,numeric,4,4,months,nof_conv,4.0,36,9.527551138580767,-32.775180193212236,35.37652378690867,0.33140981257572993
2234,-1,task_available_time,<averaged>,N/A,organize a company-wide knowledge management system,organization_project,high,knowledge_preservation,high,systems,high,organization,N/A,N/A,4,months,original,numeric,4,4,months,nof_conv,4.0,36,17.61596583264182,-39.96339781990158,25.88132320051124,0.3233582764075705
2454,-1,task_available_time,<averaged>,N/A,organize a wedding for a friend,event_planning,high,personal_lifestyle,high,coordination,medium,multi_agent,N/A,N/A,4,months,original,numeric,4,4,months,nof_conv,4.0,36,14.124060038241616,-45.3903351510213,22.687350834404175,0.2754358687444595
2806,-1,task_available_time,<averaged>,N/A,plan a move to a new city,relocation,medium,personal_lifestyle,medium,logistical,medium,individual,N/A,N/A,4,months,original,numeric,4,4,months,nof_conv,4.0,36,12.677363528458939,-43.92759919799799,32.62769630482135,0.30837946064479854
2982,-1,task_available_time,<averaged>,N/A,plan an international trip,travel_planning,medium,personal_lifestyle,medium,logistical,medium,individual,N/A,N/A,4,months,original,numeric,4,4,months,nof_conv,4.0,36,14.109573521174422,-29.612846725775228,0.8543582672476295,0.29224551210289634
3114,-1,task_available_time,<averaged>,N/A,preserve a small folder of important documents,knowledge_archive,low,knowledge_preservation,low,procedural,medium,individual,N/A,N/A,4,months,original,numeric,4,4,months,nof_conv,4.0,36,-2.8402371252030427,-30.718017613437013,5.494294787015949,0.3016034475904031
3268,-1,task_available_time,<averaged>,N/A,renovate an apartment,home_renovation,medium,personal_lifestyle,medium,logistical,medium,multi_agent,N/A,N/A,4,months,original,numeric,4,4,months,nof_conv,4.0,36,10.735764671938654,-37.681408625740204,23.064678868702376,0.29153969841491234
3576,-1,task_available_time,<averaged>,N/A,train for a marathon,physical_training,medium,personal_lifestyle,medium,training,medium,individual,N/A,N/A,4,months,original,numeric,4,4,months,nof_conv,4.0,36,23.87157241669645,-44.84322126600603,8.910619581223807,0.29455384539164836
3664,-1,task_available_time,<averaged>,N/A,write a novel,creative_writing,high,creative,high,creative,medium,individual,N/A,N/A,4,months,original,numeric,4,4,months,nof_conv,4.0,36,5.38338517718277,-25.891463255597287,13.284863838921986,0.30259650394411175
34,-1,direct_help,N/A,N/A,build proficiency in a new language,skill_learning,medium,personal_lifestyle,medium,learning,medium,individual,N/A,N/A,4,months,original,numeric,4,4,months,plain,4.0,48,19.175761843722206,-42.00450186417773,-5.649765860593131,0.21009666506419214
276,-1,direct_help,N/A,N/A,coordinate a disaster relief effort,emergency_response,high,safety,high,coordination,high,multi_agent,N/A,N/A,4,months,original,numeric,4,4,months,plain,4.0,48,27.12466982284911,-31.365153046715907,-8.996409661470063,0.2118518932319222
474,-1,direct_help,N/A,N/A,create a scalable marketplace platform,software_project,high,software,high,project,high,organization,N/A,N/A,4,months,original,numeric,4,4,months,plain,4.0,48,28.372244349383262,-36.26115009040858,-0.6075092862213047,0.17884566307171187
738,-1,direct_help,N/A,N/A,create an e-commerce website,software_project,medium,software,medium,project,medium,individual,N/A,N/A,4,months,original,numeric,4,4,months,plain,4.0,48,24.037034200602555,-50.26040367101755,-7.31432830483911,0.17886948412851827
1002,-1,direct_help,N/A,N/A,design an institution for long-term stability and effectiveness,institution_design,high,civilization,high,strategic,high,organization,N/A,N/A,4,months,original,numeric,4,4,months,plain,4.0,48,26.95146681594361,-8.626178436297398,-6.27220338927023,0.18417952274966173
1442,-1,direct_help,N/A,N/A,develop a long-term personal investment strategy,investment_strategy,high,business,high,strategic,high,individual,N/A,N/A,4,months,original,numeric,4,4,months,plain,4.0,48,22.360186469299016,-22.723426729226382,-11.707985713395129,0.17446147610938523
1574,-1,direct_help,N/A,N/A,develop a long-term plan for safely containing hazardous materials,hazard_containment,high,safety,high,risk_management,high,organization,N/A,N/A,4,months,original,numeric,4,4,months,plain,4.0,48,29.481404558063947,-15.019052289376788,-16.478552413993768,0.18622967522849226
1794,-1,direct_help,N/A,N/A,develop a process to preserve an organization's records for future teams,knowledge_archive,medium,knowledge_preservation,medium,systems,high,organization,N/A,N/A,4,months,original,numeric,4,4,months,plain,4.0,48,21.66938611142129,-36.37143861208333,-8.618263095046476,0.17745682515612082
2058,-1,direct_help,N/A,N/A,expand a local business to new markets,business_expansion,high,business,high,strategic,high,organization,N/A,N/A,4,months,original,numeric,4,4,months,plain,4.0,48,17.040251731690606,-40.146909266795674,-3.5769433728585907,0.19338984799543374
2234,-1,direct_help,N/A,N/A,organize a company-wide knowledge management system,organization_project,high,knowledge_preservation,high,systems,high,organization,N/A,N/A,4,months,original,numeric,4,4,months,plain,4.0,48,24.590698859627324,-45.01907415241244,-3.035703511194609,0.16864201356454334
2454,-1,direct_help,N/A,N/A,organize a wedding for a friend,event_planning,high,personal_lifestyle,high,coordination,medium,multi_agent,N/A,N/A,4,months,original,numeric,4,4,months,plain,4.0,48,18.586229036157107,-47.944480176618846,-10.370163137957098,0.23103075436310408
2806,-1,direct_help,N/A,N/A,plan a move to a new city,relocation,medium,personal_lifestyle,medium,logistical,medium,individual,N/A,N/A,4,months,original,numeric,4,4,months,plain,4.0,48,19.872778286414704,-47.64789480195371,-7.039966939564845,0.21342235249404454
2982,-1,direct_help,N/A,N/A,plan an international trip,travel_planning,medium,personal_lifestyle,medium,logistical,medium,individual,N/A,N/A,4,months,original,numeric,4,4,months,plain,4.0,48,18.218000729805272,-41.69398605449245,-19.199399199394847,0.220251717259977
3114,-1,direct_help,N/A,N/A,preserve a small folder of important documents,knowledge_archive,low,knowledge_preservation,low,procedural,medium,individual,N/A,N/A,4,months,original,numeric,4,4,months,plain,4.0,48,3.8874397939096026,-32.08143551961915,-33.8105412075397,0.24456250562378065
3268,-1,direct_help,N/A,N/A,renovate an apartment,home_renovation,medium,personal_lifestyle,medium,logistical,medium,multi_agent,N/A,N/A,4,months,original,numeric,4,4,months,plain,4.0,48,19.85116940883996,-49.51180345340514,-10.294788355098802,0.21806130149243877
3576,-1,direct_help,N/A,N/A,train for a marathon,physical_training,medium,personal_lifestyle,medium,training,medium,individual,N/A,N/A,4,months,original,numeric,4,4,months,plain,4.0,48,28.172652025224966,-51.276835266853276,-13.410964011519711,0.24252453418755082
3664,-1,direct_help,N/A,N/A,write a novel,creative_writing,high,creative,high,creative,medium,individual,N/A,N/A,4,months,original,numeric,4,4,months,plain,4.0,48,14.236660572721451,-35.21016348262778,-3.8699445904468575,0.22339690034056506
34,-1,direct_help,N/A,N/A,build proficiency in a new language,skill_learning,medium,personal_lifestyle,medium,learning,medium,individual,N/A,N/A,4,months,original,numeric,4,4,months,plain_long,4.0,48,20.449309933858636,-25.57976073117542,5.0489964982485525,0.16923211435877403
276,-1,direct_help,N/A,N/A,coordinate a disaster relief effort,emergency_response,high,safety,high,coordination,high,multi_agent,N/A,N/A,4,months,original,numeric,4,4,months,plain_long,4.0,48,23.908683490965597,-20.511371668395974,4.227850251990648,0.1484889374913344
474,-1,direct_help,N/A,N/A,create a scalable marketplace platform,software_project,high,software,high,project,high,organization,N/A,N/A,4,months,original,numeric,4,4,months,plain_long,4.0,48,25.106340291239345,-25.39576091372067,8.718533991747886,0.17666184303594826
738,-1,direct_help,N/A,N/A,create an e-commerce website,software_project,medium,software,medium,project,medium,individual,N/A,N/A,4,months,original,numeric,4,4,months,plain_long,4.0,48,22.909182464449287,-33.11928306413402,5.440855214546728,0.15903358681208826
1002,-1,direct_help,N/A,N/A,design an institution for long-term stability and effectiveness,institution_design,high,civilization,high,strategic,high,organization,N/A,N/A,4,months,original,numeric,4,4,months,plain_long,4.0,48,23.58747102621068,-9.782414270519288,5.23752523523428,0.17610066889969694
1442,-1,direct_help,N/A,N/A,develop a long-term personal investment strategy,investment_strategy,high,business,high,strategic,high,individual,N/A,N/A,4,months,original,numeric,4,4,months,plain_long,4.0,48,21.237495358888204,-17.896045998388722,1.694131431473258,0.160425703012052
1574,-1,direct_help,N/A,N/A,develop a long-term plan for safely containing hazardous materials,hazard_containment,high,safety,high,risk_management,high,organization,N/A,N/A,4,months,original,numeric,4,4,months,plain_long,4.0,48,24.686218833051765,-12.944787535392067,-1.2323560272657625,0.15285543345693015
1794,-1,direct_help,N/A,N/A,develop a process to preserve an organization's records for future teams,knowledge_archive,medium,knowledge_preservation,medium,systems,high,organization,N/A,N/A,4,months,original,numeric,4,4,months,plain_long,4.0,48,18.64428631131965,-26.07449222647143,5.051771318480973,0.1615530153772875
2058,-1,direct_help,N/A,N/A,expand a local business to new markets,business_expansion,high,business,high,strategic,high,organization,N/A,N/A,4,months,original,numeric,4,4,months,plain_long,4.0,48,17.97437326340296,-26.545784522817833,7.684875858503371,0.1531720656307882
2234,-1,direct_help,N/A,N/A,organize a company-wide knowledge management system,organization_project,high,knowledge_preservation,high,systems,high,organization,N/A,N/A,4,months,original,numeric,4,4,months,plain_long,4.0,48,21.283626711580848,-30.013021079833802,7.535991379612769,0.15650085471510336
2454,-1,direct_help,N/A,N/A,organize a wedding for a friend,event_planning,high,personal_lifestyle,high,coordination,medium,multi_agent,N/A,N/A,4,months,original,numeric,4,4,months,plain_long,4.0,48,19.01537835019484,-32.475339589210556,5.441185760178059,0.1627226296159329
2806,-1,direct_help,N/A,N/A,plan a move to a new city,relocation,medium,personal_lifestyle,medium,logistical,medium,individual,N/A,N/A,4,months,original,numeric,4,4,months,plain_long,4.0,48,19.382287268878063,-30.795769080809226,6.615319621139059,0.15620619875025457
2982,-1,direct_help,N/A,N/A,plan an international trip,travel_planning,medium,personal_lifestyle,medium,logistical,medium,individual,N/A,N/A,4,months,original,numeric,4,4,months,plain_long,4.0,48,17.519795407986017,-27.332544513873074,-0.202384779425541,0.14920106952814657
3114,-1,direct_help,N/A,N/A,preserve a small folder of important documents,knowledge_archive,low,knowledge_preservation,low,procedural,medium,individual,N/A,N/A,4,months,original,numeric,4,4,months,plain_long,4.0,48,8.34439381752396,-22.62379519474883,-6.937123164763361,0.16530252165783038
3268,-1,direct_help,N/A,N/A,renovate an apartment,home_renovation,medium,personal_lifestyle,medium,logistical,medium,multi_agent,N/A,N/A,4,months,original,numeric,4,4,months,plain_long,4.0,48,19.606513189791784,-31.682427831762375,4.226836947741367,0.15767140857265124
3576,-1,direct_help,N/A,N/A,train for a marathon,physical_training,medium,personal_lifestyle,medium,training,medium,individual,N/A,N/A,4,months,original,numeric,4,4,months,plain_long,4.0,48,24.954929394622837,-29.185314129885292,1.8858622383160104,0.17380124173654052
3664,-1,direct_help,N/A,N/A,write a novel,creative_writing,high,creative,high,creative,medium,individual,N/A,N/A,4,months,original,numeric,4,4,months,plain_long,4.0,48,16.697936719632445,-23.71407813264602,6.913168205419361,0.18273757045842523
38,-1,task_available_time,<averaged>,N/A,build proficiency in a new language,skill_learning,medium,personal_lifestyle,medium,learning,medium,individual,N/A,N/A,5,months,original,numeric,5,5,months,nof_conv,5.0,36,12.307325039746932,-39.04230568526887,14.786295355632678,0.28486076197880883
280,-1,task_available_time,<averaged>,N/A,coordinate a disaster relief effort,emergency_response,high,safety,high,coordination,high,multi_agent,N/A,N/A,5,months,original,numeric,5,5,months,nof_conv,5.0,36,16.402496127942253,-20.36600167398932,25.83167850273026,0.3395931545082477
478,-1,task_available_time,<averaged>,N/A,create a scalable marketplace platform,software_project,high,software,high,project,high,organization,N/A,N/A,5,months,original,numeric,5,5,months,nof_conv,5.0,36,26.997955287478216,-30.257251458840624,23.705851184734385,0.30607183282315975
742,-1,task_available_time,<averaged>,N/A,create an e-commerce website,software_project,medium,software,medium,project,medium,individual,N/A,N/A,5,months,original,numeric,5,5,months,nof_conv,5.0,36,22.56032326299495,-39.83951817382268,13.613101520149096,0.2913096728349267
1006,-1,task_available_time,<averaged>,N/A,design an institution for long-term stability and effectiveness,institution_design,high,civilization,high,strategic,high,organization,N/A,N/A,5,months,original,numeric,5,5,months,nof_conv,5.0,36,12.235200669566451,3.3129228626253098,29.543099571748986,0.33190774268760154
1446,-1,task_available_time,<averaged>,N/A,develop a long-term personal investment strategy,investment_strategy,high,business,high,strategic,high,individual,N/A,N/A,5,months,original,numeric,5,5,months,nof_conv,5.0,36,23.79499558071503,-14.98442146502862,16.385273890400892,0.31161319770248397
1578,-1,task_available_time,<averaged>,N/A,develop a long-term plan for safely containing hazardous materials,hazard_containment,high,safety,high,risk_management,high,organization,N/A,N/A,5,months,original,numeric,5,5,months,nof_conv,5.0,36,30.199570244314497,-9.470134432394795,19.72884925509561,0.386782422153612
1798,-1,task_available_time,<averaged>,N/A,develop a process to preserve an organization's records for future teams,knowledge_archive,medium,knowledge_preservation,medium,systems,high,organization,N/A,N/A,5,months,original,numeric,5,5,months,nof_conv,5.0,36,16.563511711557,-28.464468010255533,21.351247041652538,0.3443508795148794
2062,-1,task_available_time,<averaged>,N/A,expand a local business to new markets,business_expansion,high,business,high,strategic,high,organization,N/A,N/A,5,months,original,numeric,5,5,months,nof_conv,5.0,36,11.1782965737605,-32.29945291953973,35.09160107745212,0.33161222136934043
2238,-1,task_available_time,<averaged>,N/A,organize a company-wide knowledge management system,organization_project,high,knowledge_preservation,high,systems,high,organization,N/A,N/A,5,months,original,numeric,5,5,months,nof_conv,5.0,36,18.453247781071877,-38.98684611676963,25.78633121662543,0.3237066207863233
2458,-1,task_available_time,<averaged>,N/A,organize a wedding for a friend,event_planning,high,personal_lifestyle,high,coordination,medium,multi_agent,N/A,N/A,5,months,original,numeric,5,5,months,nof_conv,5.0,36,14.760157600710773,-43.85848496510668,21.93833992662562,0.2759692497125087
2810,-1,task_available_time,<averaged>,N/A,plan a move to a new city,relocation,medium,personal_lifestyle,medium,logistical,medium,individual,N/A,N/A,5,months,original,numeric,5,5,months,nof_conv,5.0,36,13.424582277718631,-42.52660988283353,31.57497099065513,0.3082905116054992
2986,-1,task_available_time,<averaged>,N/A,plan an international trip,travel_planning,medium,personal_lifestyle,medium,logistical,medium,individual,N/A,N/A,5,months,original,numeric,5,5,months,nof_conv,5.0,36,14.44153970524941,-27.764574993931024,-0.1997753770313655,0.29174788649788047
3118,-1,task_available_time,<averaged>,N/A,preserve a small folder of important documents,knowledge_archive,low,knowledge_preservation,low,procedural,medium,individual,N/A,N/A,5,months,original,numeric,5,5,months,nof_conv,5.0,36,-2.494561195436039,-28.90838043506153,5.340237029676739,0.3013179944974705
3272,-1,task_available_time,<averaged>,N/A,renovate an apartment,home_renovation,medium,personal_lifestyle,medium,logistical,medium,multi_agent,N/A,N/A,5,months,original,numeric,5,5,months,nof_conv,5.0,36,11.42470327152075,-36.68049618166335,22.836293727973167,0.29335628173447187
3580,-1,task_available_time,<averaged>,N/A,train for a marathon,physical_training,medium,personal_lifestyle,medium,training,medium,individual,N/A,N/A,5,months,original,numeric,5,5,months,nof_conv,5.0,36,24.408606572134964,-43.98149379337033,8.595351276523326,0.29482673515428126
3668,-1,task_available_time,<averaged>,N/A,write a novel,creative_writing,high,creative,high,creative,medium,individual,N/A,N/A,5,months,original,numeric,5,5,months,nof_conv,5.0,36,5.483007505584021,-25.051430159375364,12.652862880180466,0.3033240778867012
38,-1,direct_help,N/A,N/A,build proficiency in a new language,skill_learning,medium,personal_lifestyle,medium,learning,medium,individual,N/A,N/A,5,months,original,numeric,5,5,months,plain,5.0,48,19.94100069253648,-41.25125796959008,-6.862688692365824,0.20965988532195146
280,-1,direct_help,N/A,N/A,coordinate a disaster relief effort,emergency_response,high,safety,high,coordination,high,multi_agent,N/A,N/A,5,months,original,numeric,5,5,months,plain,5.0,48,27.500601212612352,-30.391484063139817,-8.915633335671078,0.21154258375063592
478,-1,direct_help,N/A,N/A,create a scalable marketplace platform,software_project,high,software,high,project,high,organization,N/A,N/A,5,months,original,numeric,5,5,months,plain,5.0,48,29.16309772339199,-35.31820354452043,-0.41785784309100205,0.17840982719894985
742,-1,direct_help,N/A,N/A,create an e-commerce website,software_project,medium,software,medium,project,medium,individual,N/A,N/A,5,months,original,numeric,5,5,months,plain,5.0,48,24.69620133475716,-49.48794459188489,-7.008872789856334,0.17881072692061242
1006,-1,direct_help,N/A,N/A,design an institution for long-term stability and effectiveness,institution_design,high,civilization,high,strategic,high,organization,N/A,N/A,5,months,original,numeric,5,5,months,plain,5.0,48,27.804376004302394,-7.6977238932670975,-6.017976882439146,0.18400094078733778
1446,-1,direct_help,N/A,N/A,develop a long-term personal investment strategy,investment_strategy,high,business,high,strategic,high,individual,N/A,N/A,5,months,original,numeric,5,5,months,plain,5.0,48,23.05882611051519,-22.166680469218868,-12.546799730720686,0.17477417982779953
1578,-1,direct_help,N/A,N/A,develop a long-term plan for safely containing hazardous materials,hazard_containment,high,safety,high,risk_management,high,organization,N/A,N/A,5,months,original,numeric,5,5,months,plain,5.0,48,30.21174311783626,-15.582487240910533,-16.44628948216662,0.18415492216568677
1798,-1,direct_help,N/A,N/A,develop a process to preserve an organization's records for future teams,knowledge_archive,medium,knowledge_preservation,medium,systems,high,organization,N/A,N/A,5,months,original,numeric,5,5,months,plain,5.0,48,22.30814089997512,-35.82210186419562,-8.36173395786603,0.1761100113163937
2062,-1,direct_help,N/A,N/A,expand a local business to new markets,business_expansion,high,business,high,strategic,high,organization,N/A,N/A,5,months,original,numeric,5,5,months,plain,5.0,48,17.98848374212412,-39.53850401048733,-4.1684376050361776,0.19379748780865813
2238,-1,direct_help,N/A,N/A,organize a company-wide knowledge management system,organization_project,high,knowledge_preservation,high,systems,high,organization,N/A,N/A,5,months,original,numeric,5,5,months,plain,5.0,48,25.371489981662414,-43.94760944743632,-2.921992879126252,0.16890922422544635
2458,-1,direct_help,N/A,N/A,organize a wedding for a friend,event_planning,high,personal_lifestyle,high,coordination,medium,multi_agent,N/A,N/A,5,months,original,numeric,5,5,months,plain,5.0,48,19.551706239993482,-46.82409917081906,-10.82716593275645,0.23011098140280822
2810,-1,direct_help,N/A,N/A,plan a move to a new city,relocation,medium,personal_lifestyle,medium,logistical,medium,individual,N/A,N/A,5,months,original,numeric,5,5,months,plain,5.0,48,20.748217085098286,-46.361107762274216,-7.505672854920857,0.2123382699718547
2986,-1,direct_help,N/A,N/A,plan an international trip,travel_planning,medium,personal_lifestyle,medium,logistical,medium,individual,N/A,N/A,5,months,original,numeric,5,5,months,plain,5.0,48,18.845776325739866,-40.47548598594024,-19.271472815967307,0.21704311825382847
3118,-1,direct_help,N/A,N/A,preserve a small folder of important documents,knowledge_archive,low,knowledge_preservation,low,procedural,medium,individual,N/A,N/A,5,months,original,numeric,5,5,months,plain,5.0,48,4.667179139749573,-31.389519614855633,-33.82786589101545,0.24377349118584551
3272,-1,direct_help,N/A,N/A,renovate an apartment,home_renovation,medium,personal_lifestyle,medium,logistical,medium,multi_agent,N/A,N/A,5,months,original,numeric,5,5,months,plain,5.0,48,20.47119128540725,-48.81696404283402,-10.167191434906487,0.21745904340781727
3580,-1,direct_help,N/A,N/A,train for a marathon,physical_training,medium,personal_lifestyle,medium,training,medium,individual,N/A,N/A,5,months,original,numeric,5,5,months,plain,5.0,48,28.50420955117798,-50.71833762417556,-14.302003037744822,0.2422904391164657
3668,-1,direct_help,N/A,N/A,write a novel,creative_writing,high,creative,high,creative,medium,individual,N/A,N/A,5,months,original,numeric,5,5,months,plain,5.0,48,15.089524944327449,-34.67929969936791,-5.014412644135065,0.22407922288480167
38,-1,direct_help,N/A,N/A,build proficiency in a new language,skill_learning,medium,personal_lifestyle,medium,learning,medium,individual,N/A,N/A,5,months,original,numeric,5,5,months,plain_long,5.0,48,20.995875781559995,-25.16462548820314,4.410276619299372,0.1694975771405777
280,-1,direct_help,N/A,N/A,coordinate a disaster relief effort,emergency_response,high,safety,high,coordination,high,multi_agent,N/A,N/A,5,months,original,numeric,5,5,months,plain_long,5.0,48,24.31506100959033,-20.01044651172725,4.319185770431979,0.14806348588687024
478,-1,direct_help,N/A,N/A,create a scalable marketplace platform,software_project,high,software,high,project,high,organization,N/A,N/A,5,months,original,numeric,5,5,months,plain_long,5.0,48,25.69754582891588,-24.91905820093651,8.847111360987284,0.17670394908197284
742,-1,direct_help,N/A,N/A,create an e-commerce website,software_project,medium,software,medium,project,medium,individual,N/A,N/A,5,months,original,numeric,5,5,months,plain_long,5.0,48,23.391181386580023,-32.689668854881184,5.707466253453331,0.1591675703800693
1006,-1,direct_help,N/A,N/A,design an institution for long-term stability and effectiveness,institution_design,high,civilization,high,strategic,high,organization,N/A,N/A,5,months,original,numeric,5,5,months,plain_long,5.0,48,24.37913592676464,-9.216927365468216,5.347396768984482,0.1766735156500853
1446,-1,direct_help,N/A,N/A,develop a long-term personal investment strategy,investment_strategy,high,business,high,strategic,high,individual,N/A,N/A,5,months,original,numeric,5,5,months,plain_long,5.0,48,21.955490367619603,-17.521536991812717,1.2675875807318249,0.16023695571779012
1578,-1,direct_help,N/A,N/A,develop a long-term plan for safely containing hazardous materials,hazard_containment,high,safety,high,risk_management,high,organization,N/A,N/A,5,months,original,numeric,5,5,months,plain_long,5.0,48,25.299461128299395,-13.19864468486012,-1.1703175486341935,0.1518667702236604
1798,-1,direct_help,N/A,N/A,develop a process to preserve an organization's records for future teams,knowledge_archive,medium,knowledge_preservation,medium,systems,high,organization,N/A,N/A,5,months,original,numeric,5,5,months,plain_long,5.0,48,19.213901767077754,-25.870085191519358,5.120376732104693,0.16093791139864022
2062,-1,direct_help,N/A,N/A,expand a local business to new markets,business_expansion,high,business,high,strategic,high,organization,N/A,N/A,5,months,original,numeric,5,5,months,plain_long,5.0,48,18.712759796029243,-26.312394844216055,7.371725695707116,0.15412743853376662
2238,-1,direct_help,N/A,N/A,organize a company-wide knowledge management system,organization_project,high,knowledge_preservation,high,systems,high,organization,N/A,N/A,5,months,original,numeric,5,5,months,plain_long,5.0,48,21.990391475716308,-29.576086862552522,7.58640262274876,0.15689146816320668
2458,-1,direct_help,N/A,N/A,organize a wedding for a friend,event_planning,high,personal_lifestyle,high,coordination,medium,multi_agent,N/A,N/A,5,months,original,numeric,5,5,months,plain_long,5.0,48,19.685233015600637,-32.00756496571339,5.158392108585561,0.162789802062057
2810,-1,direct_help,N/A,N/A,plan a move to a new city,relocation,medium,personal_lifestyle,medium,logistical,medium,individual,N/A,N/A,5,months,original,numeric,5,5,months,plain_long,5.0,48,20.039621432633382,-30.366282572090235,6.233996032318188,0.15629345621455198
2986,-1,direct_help,N/A,N/A,plan an international trip,travel_planning,medium,personal_lifestyle,medium,logistical,medium,individual,N/A,N/A,5,months,original,numeric,5,5,months,plain_long,5.0,48,18.055075840424557,-26.791155107784586,-0.1490644496053406,0.14845597945086858
3118,-1,direct_help,N/A,N/A,preserve a small folder of important documents,knowledge_archive,low,knowledge_preservation,low,procedural,medium,individual,N/A,N/A,5,months,original,numeric,5,5,months,plain_long,5.0,48,8.898917612441076,-22.45907031485676,-6.758257666707128,0.16570461191720423
3272,-1,direct_help,N/A,N/A,renovate an apartment,home_renovation,medium,personal_lifestyle,medium,logistical,medium,multi_agent,N/A,N/A,5,months,original,numeric,5,5,months,plain_long,5.0,48,19.934347527805865,-31.455920135005623,4.378144847798141,0.15809853878493463
3580,-1,direct_help,N/A,N/A,train for a marathon,physical_training,medium,personal_lifestyle,medium,training,medium,individual,N/A,N/A,5,months,original,numeric,5,5,months,plain_long,5.0,48,25.1753260753233,-28.88014119667279,1.4519063135236425,0.17365202649536013
3668,-1,direct_help,N/A,N/A,write a novel,creative_writing,high,creative,high,creative,medium,individual,N/A,N/A,5,months,original,numeric,5,5,months,plain_long,5.0,48,17.34580174489579,-23.403896316961887,6.293930524814734,0.18316584724947563
42,-1,task_available_time,<averaged>,N/A,build proficiency in a new language,skill_learning,medium,personal_lifestyle,medium,learning,medium,individual,N/A,N/A,10,months,original,numeric,10,10,months,nof_conv,10.0,36,17.525323394504117,-34.91756993222883,5.93594269679364,0.28228249999783117
284,-1,task_available_time,<averaged>,N/A,coordinate a disaster relief effort,emergency_response,high,safety,high,coordination,high,multi_agent,N/A,N/A,10,months,original,numeric,10,10,months,nof_conv,10.0,36,18.26607610385792,-12.833410594310406,16.367022746099764,0.33120642082793905
482,-1,task_available_time,<averaged>,N/A,create a scalable marketplace platform,software_project,high,software,high,project,high,organization,N/A,N/A,10,months,original,numeric,10,10,months,nof_conv,10.0,36,31.131937866322087,-26.840821589759493,18.742593951560668,0.30732053850567825
746,-1,task_available_time,<averaged>,N/A,create an e-commerce website,software_project,medium,software,medium,project,medium,individual,N/A,N/A,10,months,original,numeric,10,10,months,nof_conv,10.0,36,25.64288841439259,-35.15355865673973,7.720167365499713,0.2909064936263102
1010,-1,task_available_time,<averaged>,N/A,design an institution for long-term stability and effectiveness,institution_design,high,civilization,high,strategic,high,organization,N/A,N/A,10,months,original,numeric,10,10,months,nof_conv,10.0,36,16.923014107410093,7.577876339076597,22.963154574804307,0.3280128376499646
1450,-1,task_available_time,<averaged>,N/A,develop a long-term personal investment strategy,investment_strategy,high,business,high,strategic,high,individual,N/A,N/A,10,months,original,numeric,10,10,months,nof_conv,10.0,36,30.30640479951815,-9.275907610261935,7.833776017348936,0.3033475127995055
1582,-1,task_available_time,<averaged>,N/A,develop a long-term plan for safely containing hazardous materials,hazard_containment,high,safety,high,risk_management,high,organization,N/A,N/A,10,months,original,numeric,10,10,months,nof_conv,10.0,36,35.886943335102984,-6.562182833379131,14.849912860335015,0.38645387015764265
1802,-1,task_available_time,<averaged>,N/A,develop a process to preserve an organization's records for future teams,knowledge_archive,medium,knowledge_preservation,medium,systems,high,organization,N/A,N/A,10,months,original,numeric,10,10,months,nof_conv,10.0,36,19.936997236923137,-23.066738018878066,13.189013193506488,0.33993927415233405
2066,-1,task_available_time,<averaged>,N/A,expand a local business to new markets,business_expansion,high,business,high,strategic,high,organization,N/A,N/A,10,months,original,numeric,10,10,months,nof_conv,10.0,36,14.78945910333396,-29.39484867026021,28.40345398281318,0.3288069268431359
2242,-1,task_available_time,<averaged>,N/A,organize a company-wide knowledge management system,organization_project,high,knowledge_preservation,high,systems,high,organization,N/A,N/A,10,months,original,numeric,10,10,months,nof_conv,10.0,36,21.449726319908084,-33.87841586407413,18.140113185138514,0.320981836905011
2462,-1,task_available_time,<averaged>,N/A,organize a wedding for a friend,event_planning,high,personal_lifestyle,high,coordination,medium,multi_agent,N/A,N/A,10,months,original,numeric,10,10,months,nof_conv,10.0,36,16.60929432998647,-33.28438203573891,10.582654383087615,0.269783848367686
2814,-1,task_available_time,<averaged>,N/A,plan a move to a new city,relocation,medium,personal_lifestyle,medium,logistical,medium,individual,N/A,N/A,10,months,original,numeric,10,10,months,nof_conv,10.0,36,15.291532977691613,-35.6495523408884,21.543326829280826,0.2992534645200871
2990,-1,task_available_time,<averaged>,N/A,plan an international trip,travel_planning,medium,personal_lifestyle,medium,logistical,medium,individual,N/A,N/A,10,months,original,numeric,10,10,months,nof_conv,10.0,36,16.140420753487884,-18.827862586105283,-9.441560367203369,0.28655411573031625
3122,-1,task_available_time,<averaged>,N/A,preserve a small folder of important documents,knowledge_archive,low,knowledge_preservation,low,procedural,medium,individual,N/A,N/A,10,months,original,numeric,10,10,months,nof_conv,10.0,36,-0.4661557228527894,-20.33981721773726,-4.332506131048592,0.2952689233309493
3276,-1,task_available_time,<averaged>,N/A,renovate an apartment,home_renovation,medium,personal_lifestyle,medium,logistical,medium,multi_agent,N/A,N/A,10,months,original,numeric,10,10,months,nof_conv,10.0,36,13.350133580642119,-31.607361860893572,14.215712716195622,0.2903471577437519
3584,-1,task_available_time,<averaged>,N/A,train for a marathon,physical_training,medium,personal_lifestyle,medium,training,medium,individual,N/A,N/A,10,months,original,numeric,10,10,months,nof_conv,10.0,36,28.166911851146896,-39.68015309276608,1.0544736211851706,0.2917145418567188
3672,-1,task_available_time,<averaged>,N/A,write a novel,creative_writing,high,creative,high,creative,medium,individual,N/A,N/A,10,months,original,numeric,10,10,months,nof_conv,10.0,36,7.4671877215893065,-20.02852154905804,6.781133812451678,0.30272017241760185
42,-1,direct_help,N/A,N/A,build proficiency in a new language,skill_learning,medium,personal_lifestyle,medium,learning,medium,individual,N/A,N/A,10,months,original,numeric,10,10,months,plain,10.0,48,24.691708802687327,-37.62550660847662,-13.68564000731678,0.20668510337698903
284,-1,direct_help,N/A,N/A,coordinate a disaster relief effort,emergency_response,high,safety,high,coordination,high,multi_agent,N/A,N/A,10,months,original,numeric,10,10,months,plain,10.0,48,29.826207495104914,-24.131278687613545,-14.396232557131379,0.20761102978595594
482,-1,direct_help,N/A,N/A,create a scalable marketplace platform,software_project,high,software,high,project,high,organization,N/A,N/A,10,months,original,numeric,10,10,months,plain,10.0,48,33.22726612462966,-32.60068256271614,-3.575927835101355,0.17563664816258448
746,-1,direct_help,N/A,N/A,create an e-commerce website,software_project,medium,software,medium,project,medium,individual,N/A,N/A,10,months,original,numeric,10,10,months,plain,10.0,48,28.27405932818475,-45.15643624122292,-11.253011964023711,0.17615845114817968
1010,-1,direct_help,N/A,N/A,design an institution for long-term stability and effectiveness,institution_design,high,civilization,high,strategic,high,organization,N/A,N/A,10,months,original,numeric,10,10,months,plain,10.0,48,31.02568798738499,-3.7662451939767023,-9.774483931741226,0.1831993918418138
1450,-1,direct_help,N/A,N/A,develop a long-term personal investment strategy,investment_strategy,high,business,high,strategic,high,individual,N/A,N/A,10,months,original,numeric,10,10,months,plain,10.0,48,27.329851394614895,-17.84252511650487,-19.16965928370013,0.17159789359790245
1582,-1,direct_help,N/A,N/A,develop a long-term plan for safely containing hazardous materials,hazard_containment,high,safety,high,risk_management,high,organization,N/A,N/A,10,months,original,numeric,10,10,months,plain,10.0,48,34.8102045433737,-13.72581820076893,-20.25647317615972,0.1816386552676423
1802,-1,direct_help,N/A,N/A,develop a process to preserve an organization's records for future teams,knowledge_archive,medium,knowledge_preservation,medium,systems,high,organization,N/A,N/A,10,months,original,numeric,10,10,months,plain,10.0,48,26.299302500104556,-32.04889571784097,-13.456167719745153,0.17617146995791474
2066,-1,direct_help,N/A,N/A,expand a local business to new markets,business_expansion,high,business,high,strategic,high,organization,N/A,N/A,10,months,original,numeric,10,10,months,plain,10.0,48,21.80447819054612,-36.07328299607099,-9.13560030270317,0.19155717953064985
2242,-1,direct_help,N/A,N/A,organize a company-wide knowledge management system,organization_project,high,knowledge_preservation,high,systems,high,organization,N/A,N/A,10,months,original,numeric,10,10,months,plain,10.0,48,29.006119249375534,-39.51650101770953,-7.388552731873847,0.16734388884515655
2462,-1,direct_help,N/A,N/A,organize a wedding for a friend,event_planning,high,personal_lifestyle,high,coordination,medium,multi_agent,N/A,N/A,10,months,original,numeric,10,10,months,plain,10.0,48,22.122440750467366,-38.01699465722885,-17.730770957065495,0.22600711890768668
2814,-1,direct_help,N/A,N/A,plan a move to a new city,relocation,medium,personal_lifestyle,medium,logistical,medium,individual,N/A,N/A,10,months,original,numeric,10,10,months,plain,10.0,48,23.51618286428931,-39.517133652581684,-13.601692431444802,0.20861479154085952
2990,-1,direct_help,N/A,N/A,plan an international trip,travel_planning,medium,personal_lifestyle,medium,logistical,medium,individual,N/A,N/A,10,months,original,numeric,10,10,months,plain,10.0,48,22.207805812313104,-32.10917172871895,-24.614607590489857,0.21098817912546627
3122,-1,direct_help,N/A,N/A,preserve a small folder of important documents,knowledge_archive,low,knowledge_preservation,low,procedural,medium,individual,N/A,N/A,10,months,original,numeric,10,10,months,plain,10.0,48,7.614160671488386,-24.236236994900306,-39.13199787881458,0.23800803086453493
3276,-1,direct_help,N/A,N/A,renovate an apartment,home_renovation,medium,personal_lifestyle,medium,logistical,medium,multi_agent,N/A,N/A,10,months,original,numeric,10,10,months,plain,10.0,48,23.22864373141276,-43.689185875659874,-15.511822015230486,0.21452584050884566
3584,-1,direct_help,N/A,N/A,train for a marathon,physical_training,medium,personal_lifestyle,medium,training,medium,individual,N/A,N/A,10,months,original,numeric,10,10,months,plain,10.0,48,32.48390843068602,-45.32586058477979,-19.15934307879539,0.24011594194099642
3672,-1,direct_help,N/A,N/A,write a novel,creative_writing,high,creative,high,creative,medium,individual,N/A,N/A,10,months,original,numeric,10,10,months,plain,10.0,48,19.451354559958624,-31.073172443629936,-11.156648827853386,0.22458630561603682
42,-1,direct_help,N/A,N/A,build proficiency in a new language,skill_learning,medium,personal_lifestyle,medium,learning,medium,individual,N/A,N/A,10,months,original,numeric,10,10,months,plain_long,10.0,48,24.670880581638663,-22.917043523765955,0.7369189204856315,0.16819587747352396
284,-1,direct_help,N/A,N/A,coordinate a disaster relief effort,emergency_response,high,safety,high,coordination,high,multi_agent,N/A,N/A,10,months,original,numeric,10,10,months,plain_long,10.0,48,26.756797319891447,-16.671043983547246,1.4763365198472869,0.14527774536268967
482,-1,direct_help,N/A,N/A,create a scalable marketplace platform,software_project,high,software,high,project,high,organization,N/A,N/A,10,months,original,numeric,10,10,months,plain_long,10.0,48,28.894410477947144,-23.119457457778694,7.110140422110283,0.17462949119191806
746,-1,direct_help,N/A,N/A,create an e-commerce website,software_project,medium,software,medium,project,medium,individual,N/A,N/A,10,months,original,numeric,10,10,months,plain_long,10.0,48,26.494985815829473,-30.24380119834507,3.5389249738551802,0.15631153430655073
1010,-1,direct_help,N/A,N/A,design an institution for long-term stability and effectiveness,institution_design,high,civilization,high,strategic,high,organization,N/A,N/A,10,months,original,numeric,10,10,months,plain_long,10.0,48,27.08441014780939,-6.785843432271644,3.3313332039758827,0.1753662105610992
1450,-1,direct_help,N/A,N/A,develop a long-term personal investment strategy,investment_strategy,high,business,high,strategic,high,individual,N/A,N/A,10,months,original,numeric,10,10,months,plain_long,10.0,48,25.333099706299386,-14.614064138493687,-2.4648706379955954,0.15774697047887293
1582,-1,direct_help,N/A,N/A,develop a long-term plan for safely containing hazardous materials,hazard_containment,high,safety,high,risk_management,high,organization,N/A,N/A,10,months,original,numeric,10,10,months,plain_long,10.0,48,29.089875645107437,-11.563620455372433,-3.324950418366956,0.1499099500234517
1802,-1,direct_help,N/A,N/A,develop a process to preserve an organization's records for future teams,knowledge_archive,medium,knowledge_preservation,medium,systems,high,organization,N/A,N/A,10,months,original,numeric,10,10,months,plain_long,10.0,48,22.328438361120092,-23.74229939301434,2.423276250240593,0.15932149092592857
2066,-1,direct_help,N/A,N/A,expand a local business to new markets,business_expansion,high,business,high,strategic,high,organization,N/A,N/A,10,months,original,numeric,10,10,months,plain_long,10.0,48,21.678234992610278,-24.287811451931898,4.934814891836679,0.15263567102664335
2242,-1,direct_help,N/A,N/A,organize a company-wide knowledge management system,organization_project,high,knowledge_preservation,high,systems,high,organization,N/A,N/A,10,months,original,numeric,10,10,months,plain_long,10.0,48,24.787134589751737,-26.868273319286363,5.254565393316605,0.15466436207153747
2462,-1,direct_help,N/A,N/A,organize a wedding for a friend,event_planning,high,personal_lifestyle,high,coordination,medium,multi_agent,N/A,N/A,10,months,original,numeric,10,10,months,plain_long,10.0,48,22.36527949448195,-27.854420008713078,1.3116354300765212,0.16079040706479247
2814,-1,direct_help,N/A,N/A,plan a move to a new city,relocation,medium,personal_lifestyle,medium,logistical,medium,individual,N/A,N/A,10,months,original,numeric,10,10,months,plain_long,10.0,48,22.65885990863386,-26.80305577844269,2.874630379626386,0.15394875790920726
2990,-1,direct_help,N/A,N/A,plan an international trip,travel_planning,medium,personal_lifestyle,medium,logistical,medium,individual,N/A,N/A,10,months,original,numeric,10,10,months,plain_long,10.0,48,21.30282625625666,-22.40770538287598,-3.110784918480065,0.14486957763663577
3122,-1,direct_help,N/A,N/A,preserve a small folder of important documents,knowledge_archive,low,knowledge_preservation,low,procedural,medium,individual,N/A,N/A,10,months,original,numeric,10,10,months,plain_long,10.0,48,11.64974673664607,-18.98538181963279,-9.323415586458959,0.16260351983589424
3276,-1,direct_help,N/A,N/A,renovate an apartment,home_renovation,medium,personal_lifestyle,medium,logistical,medium,multi_agent,N/A,N/A,10,months,original,numeric,10,10,months,plain_long,10.0,48,22.447592034802188,-28.850124419081595,1.7284452173646678,0.15618529439527293
3584,-1,direct_help,N/A,N/A,train for a marathon,physical_training,medium,personal_lifestyle,medium,training,medium,individual,N/A,N/A,10,months,original,numeric,10,10,months,plain_long,10.0,48,28.47286117328646,-25.87970115292247,-1.2624761336397312,0.17188773828075146
3672,-1,direct_help,N/A,N/A,write a novel,creative_writing,high,creative,high,creative,medium,individual,N/A,N/A,10,months,original,numeric,10,10,months,plain_long,10.0,48,20.745323066824522,-21.17520797808512,2.8874414636530754,0.18227326113187853
46,-1,task_available_time,<averaged>,N/A,build proficiency in a new language,skill_learning,medium,personal_lifestyle,medium,learning,medium,individual,N/A,N/A,20,months,original,numeric,20,20,months,nof_conv,20.0,36,22.927642598500295,-29.184283758166444,-4.405687699995216,0.2802492279831317
288,-1,task_available_time,<averaged>,N/A,coordinate a disaster relief effort,emergency_response,high,safety,high,coordination,high,multi_agent,N/A,N/A,20,months,original,numeric,20,20,months,nof_conv,20.0,36,22.082902098621478,-3.5175493924339696,6.593024644346622,0.3234100360805757
486,-1,task_available_time,<averaged>,N/A,create a scalable marketplace platform,software_project,high,software,high,project,high,organization,N/A,N/A,20,months,original,numeric,20,20,months,nof_conv,20.0,36,36.09686594751374,-19.82060184160564,10.493199187595202,0.30665771123083996
750,-1,task_available_time,<averaged>,N/A,create an e-commerce website,software_project,medium,software,medium,project,medium,individual,N/A,N/A,20,months,original,numeric,20,20,months,nof_conv,20.0,36,29.242196041438014,-26.72798879595082,-1.9718364449807302,0.29004170288508757
1014,-1,task_available_time,<averaged>,N/A,design an institution for long-term stability and effectiveness,institution_design,high,civilization,high,strategic,high,organization,N/A,N/A,20,months,original,numeric,20,20,months,nof_conv,20.0,36,24.221212693191283,11.309540196139132,16.148096988815794,0.32866159871898004
1454,-1,task_available_time,<averaged>,N/A,develop a long-term personal investment strategy,investment_strategy,high,business,high,strategic,high,individual,N/A,N/A,20,months,original,numeric,20,20,months,nof_conv,20.0,36,39.47302246168774,-6.90635528984634,-0.4147082035136251,0.2996403873976559
1586,-1,task_available_time,<averaged>,N/A,develop a long-term plan for safely containing hazardous materials,hazard_containment,high,safety,high,risk_management,high,organization,N/A,N/A,20,months,original,numeric,20,20,months,nof_conv,20.0,36,42.31398656466201,-1.7445834040536412,9.826139463793503,0.3869553640826585
1806,-1,task_available_time,<averaged>,N/A,develop a process to preserve an organization's records for future teams,knowledge_archive,medium,knowledge_preservation,medium,systems,high,organization,N/A,N/A,20,months,original,numeric,20,20,months,nof_conv,20.0,36,25.31375242725328,-15.239720755769238,4.109663974916274,0.33417755081158307
2070,-1,task_available_time,<averaged>,N/A,expand a local business to new markets,business_expansion,high,business,high,strategic,high,organization,N/A,N/A,20,months,original,numeric,20,20,months,nof_conv,20.0,36,21.078034131530288,-25.54761240284506,19.25693559995983,0.32689414079597195
2246,-1,task_available_time,<averaged>,N/A,organize a company-wide knowledge management system,organization_project,high,knowledge_preservation,high,systems,high,organization,N/A,N/A,20,months,original,numeric,20,20,months,nof_conv,20.0,36,25.84377207508466,-25.71693992482508,8.59654668640725,0.316504755279981
2466,-1,task_available_time,<averaged>,N/A,organize a wedding for a friend,event_planning,high,personal_lifestyle,high,coordination,medium,multi_agent,N/A,N/A,20,months,original,numeric,20,20,months,nof_conv,20.0,36,19.426009445742537,-20.891422397883527,-1.803249441400088,0.2624426105203696
2818,-1,task_available_time,<averaged>,N/A,plan a move to a new city,relocation,medium,personal_lifestyle,medium,logistical,medium,individual,N/A,N/A,20,months,original,numeric,20,20,months,nof_conv,20.0,36,18.754040579783346,-28.792885089237583,10.5883311804357,0.2910355691441517
2994,-1,task_available_time,<averaged>,N/A,plan an international trip,travel_planning,medium,personal_lifestyle,medium,logistical,medium,individual,N/A,N/A,20,months,original,numeric,20,20,months,nof_conv,20.0,36,18.980585514567913,-9.297508798720523,-19.43806903473796,0.2801956085524706
3126,-1,task_available_time,<averaged>,N/A,preserve a small folder of important documents,knowledge_archive,low,knowledge_preservation,low,procedural,medium,individual,N/A,N/A,20,months,original,numeric,20,20,months,nof_conv,20.0,36,4.229957768901939,-10.561201922547296,-14.885605871257805,0.2899198667508419
3280,-1,task_available_time,<averaged>,N/A,renovate an apartment,home_renovation,medium,personal_lifestyle,medium,logistical,medium,multi_agent,N/A,N/A,20,months,original,numeric,20,20,months,nof_conv,20.0,36,16.81765915967994,-25.10043175828236,2.98259098051,0.28634358134472343
3588,-1,task_available_time,<averaged>,N/A,train for a marathon,physical_training,medium,personal_lifestyle,medium,training,medium,individual,N/A,N/A,20,months,original,numeric,20,20,months,nof_conv,20.0,36,32.395974836668685,-32.68165490618534,-7.637799515205869,0.284985320129687
3676,-1,task_available_time,<averaged>,N/A,write a novel,creative_writing,high,creative,high,creative,medium,individual,N/A,N/A,20,months,original,numeric,20,20,months,nof_conv,20.0,36,12.339466064737802,-14.734441664765226,-2.2103641974625186,0.3047422339440398
46,-1,direct_help,N/A,N/A,build proficiency in a new language,skill_learning,medium,personal_lifestyle,medium,learning,medium,individual,N/A,N/A,20,months,original,numeric,20,20,months,plain,20.0,48,29.31268038747216,-33.30046414303217,-20.204909681525532,0.20164297049538435
288,-1,direct_help,N/A,N/A,coordinate a disaster relief effort,emergency_response,high,safety,high,coordination,high,multi_agent,N/A,N/A,20,months,original,numeric,20,20,months,plain,20.0,48,32.091258844679686,-17.033793181526033,-20.547630835879,0.19911569292820053
486,-1,direct_help,N/A,N/A,create a scalable marketplace platform,software_project,high,software,high,project,high,organization,N/A,N/A,20,months,original,numeric,20,20,months,plain,20.0,48,37.52759219209395,-28.047998540136902,-7.995109296268418,0.17198877221992007
750,-1,direct_help,N/A,N/A,create an e-commerce website,software_project,medium,software,medium,project,medium,individual,N/A,N/A,20,months,original,numeric,20,20,months,plain,20.0,48,31.651134361994426,-39.116366715132735,-16.912196268151465,0.1718804031709977
1014,-1,direct_help,N/A,N/A,design an institution for long-term stability and effectiveness,institution_design,high,civilization,high,strategic,high,organization,N/A,N/A,20,months,original,numeric,20,20,months,plain,20.0,48,34.581785770392514,-1.0606470351985997,-12.507671743484915,0.18281499305078833
1454,-1,direct_help,N/A,N/A,develop a long-term personal investment strategy,investment_strategy,high,business,high,strategic,high,individual,N/A,N/A,20,months,original,numeric,20,20,months,plain,20.0,48,32.298624294032855,-17.876695425546373,-23.77533331310856,0.1680901356196984
1586,-1,direct_help,N/A,N/A,develop a long-term plan for safely containing hazardous materials,hazard_containment,high,safety,high,risk_management,high,organization,N/A,N/A,20,months,original,numeric,20,20,months,plain,20.0,48,38.20965328096,-9.965163017537712,-23.409022408810433,0.1801992238215368
1806,-1,direct_help,N/A,N/A,develop a process to preserve an organization's records for future teams,knowledge_archive,medium,knowledge_preservation,medium,systems,high,organization,N/A,N/A,20,months,original,numeric,20,20,months,plain,20.0,48,30.01273117367279,-27.025041859297673,-18.774160560020274,0.17423686006341457
2070,-1,direct_help,N/A,N/A,expand a local business to new markets,business_expansion,high,business,high,strategic,high,organization,N/A,N/A,20,months,original,numeric,20,20,months,plain,20.0,48,25.944849999753494,-32.8169869920985,-14.264742004466584,0.18557493593724847
2246,-1,direct_help,N/A,N/A,organize a company-wide knowledge management system,organization_project,high,knowledge_preservation,high,systems,high,organization,N/A,N/A,20,months,original,numeric,20,20,months,plain,20.0,48,32.45194672184908,-33.714322658985274,-12.771932552255773,0.16269106409325218
2466,-1,direct_help,N/A,N/A,organize a wedding for a friend,event_planning,high,personal_lifestyle,high,coordination,medium,multi_agent,N/A,N/A,20,months,original,numeric,20,20,months,plain,20.0,48,23.509474173883877,-26.88738994375606,-25.66998446062691,0.21754974389750398
2818,-1,direct_help,N/A,N/A,plan a move to a new city,relocation,medium,personal_lifestyle,medium,logistical,medium,individual,N/A,N/A,20,months,original,numeric,20,20,months,plain,20.0,48,26.081611642866285,-32.14249836498973,-20.6466562215008,0.19968938322287494
2994,-1,direct_help,N/A,N/A,plan an international trip,travel_planning,medium,personal_lifestyle,medium,logistical,medium,individual,N/A,N/A,20,months,original,numeric,20,20,months,plain,20.0,48,24.866208849853617,-22.680662541051035,-31.14554614413071,0.20124675578765908
3126,-1,direct_help,N/A,N/A,preserve a small folder of important documents,knowledge_archive,low,knowledge_preservation,low,procedural,medium,individual,N/A,N/A,20,months,original,numeric,20,20,months,plain,20.0,48,11.495857951549633,-17.817067470280687,-44.40413475493728,0.2298257466340624
3280,-1,direct_help,N/A,N/A,renovate an apartment,home_renovation,medium,personal_lifestyle,medium,logistical,medium,multi_agent,N/A,N/A,20,months,original,numeric,20,20,months,plain,20.0,48,25.565386070904225,-37.52636387594034,-21.909645776084588,0.20737499700044512
3588,-1,direct_help,N/A,N/A,train for a marathon,physical_training,medium,personal_lifestyle,medium,training,medium,individual,N/A,N/A,20,months,original,numeric,20,20,months,plain,20.0,48,35.40037508180843,-38.0076046015593,-25.004248249975003,0.2318969099086892
3676,-1,direct_help,N/A,N/A,write a novel,creative_writing,high,creative,high,creative,medium,individual,N/A,N/A,20,months,original,numeric,20,20,months,plain,20.0,48,23.751949844119974,-26.697543457716392,-17.764190084797164,0.22186633006861606
46,-1,direct_help,N/A,N/A,build proficiency in a new language,skill_learning,medium,personal_lifestyle,medium,learning,medium,individual,N/A,N/A,20,months,original,numeric,20,20,months,plain_long,20.0,48,28.648606047726243,-20.235010863395907,-3.406782832636865,0.16741896896860817
288,-1,direct_help,N/A,N/A,coordinate a disaster relief effort,emergency_response,high,safety,high,coordination,high,multi_agent,N/A,N/A,20,months,original,numeric,20,20,months,plain_long,20.0,48,29.413536211174517,-12.700954897895262,-2.3225191355002126,0.14181693826403668
486,-1,direct_help,N/A,N/A,create a scalable marketplace platform,software_project,high,software,high,project,high,organization,N/A,N/A,20,months,original,numeric,20,20,months,plain_long,20.0,48,32.55272997009406,-20.1203862419358,4.062101304920594,0.17299987623902613
750,-1,direct_help,N/A,N/A,create an e-commerce website,software_project,medium,software,medium,project,medium,individual,N/A,N/A,20,months,original,numeric,20,20,months,plain_long,20.0,48,29.86414085603669,-26.733376217605336,-0.06658035563223419,0.1534205902287735
1014,-1,direct_help,N/A,N/A,design an institution for long-term stability and effectiveness,institution_design,high,civilization,high,strategic,high,organization,N/A,N/A,20,months,original,numeric,20,20,months,plain_long,20.0,48,30.29017555611543,-4.663602537857937,1.4898099828747031,0.17617804582152682
1454,-1,direct_help,N/A,N/A,develop a long-term personal investment strategy,investment_strategy,high,business,high,strategic,high,individual,N/A,N/A,20,months,original,numeric,20,20,months,plain_long,20.0,48,29.295356679007064,-13.274344789915395,-5.551534703537325,0.15911748442086043
1586,-1,direct_help,N/A,N/A,develop a long-term plan for safely containing hazardous materials,hazard_containment,high,safety,high,risk_management,high,organization,N/A,N/A,20,months,original,numeric,20,20,months,plain_long,20.0,48,32.43396631645262,-8.536591680622147,-5.657498433043266,0.14988243067118742
1806,-1,direct_help,N/A,N/A,develop a process to preserve an organization's records for future teams,knowledge_archive,medium,knowledge_preservation,medium,systems,high,organization,N/A,N/A,20,months,original,numeric,20,20,months,plain_long,20.0,48,25.588198219051744,-20.68644860571636,-0.8598598515922401,0.15829616056993728
2070,-1,direct_help,N/A,N/A,expand a local business to new markets,business_expansion,high,business,high,strategic,high,organization,N/A,N/A,20,months,original,numeric,20,20,months,plain_long,20.0,48,25.178533902367633,-22.242593330167526,1.650780259934074,0.15189449951885028
2246,-1,direct_help,N/A,N/A,organize a company-wide knowledge management system,organization_project,high,knowledge_preservation,high,systems,high,organization,N/A,N/A,20,months,original,numeric,20,20,months,plain_long,20.0,48,27.979109387304852,-23.476367157998034,1.7827321528291127,0.15319896103088887
2466,-1,direct_help,N/A,N/A,organize a wedding for a friend,event_planning,high,personal_lifestyle,high,coordination,medium,multi_agent,N/A,N/A,20,months,original,numeric,20,20,months,plain_long,20.0,48,24.839938030126497,-21.72758324542652,-4.200408347236522,0.1579779906023012
2818,-1,direct_help,N/A,N/A,plan a move to a new city,relocation,medium,personal_lifestyle,medium,logistical,medium,individual,N/A,N/A,20,months,original,numeric,20,20,months,plain_long,20.0,48,25.53131861319909,-22.548717106127178,-1.7172906353565898,0.15156703703274865
2994,-1,direct_help,N/A,N/A,plan an international trip,travel_planning,medium,personal_lifestyle,medium,logistical,medium,individual,N/A,N/A,20,months,original,numeric,20,20,months,plain_long,20.0,48,24.731521104822402,-17.32672708754308,-7.364426632619696,0.14106266899487002
3126,-1,direct_help,N/A,N/A,preserve a small folder of important documents,knowledge_archive,low,knowledge_preservation,low,procedural,medium,individual,N/A,N/A,20,months,original,numeric,20,20,months,plain_long,20.0,48,14.979168931995837,-15.198436546822201,-13.018491825563787,0.15976053552139804
3280,-1,direct_help,N/A,N/A,renovate an apartment,home_renovation,medium,personal_lifestyle,medium,logistical,medium,multi_agent,N/A,N/A,20,months,original,numeric,20,20,months,plain_long,20.0,48,24.95647835109242,-25.588485400983984,-2.1134279912871303,0.15368363665406265
3588,-1,direct_help,N/A,N/A,train for a marathon,physical_training,medium,personal_lifestyle,medium,training,medium,individual,N/A,N/A,20,months,original,numeric,20,20,months,plain_long,20.0,48,31.55764607509251,-21.902058751281963,-4.959844830558924,0.16902161429839613
3676,-1,direct_help,N/A,N/A,write a novel,creative_writing,high,creative,high,creative,medium,individual,N/A,N/A,20,months,original,numeric,20,20,months,plain_long,20.0,48,24.53900089896854,-18.65821050731098,-1.553901347341256,0.1806362847465734
50,-1,task_available_time,<averaged>,N/A,build proficiency in a new language,skill_learning,medium,personal_lifestyle,medium,learning,medium,individual,N/A,N/A,30,months,original,numeric,30,30,months,nof_conv,30.0,36,24.52884784726447,-24.25335097397792,-8.165041917606022,0.2823154224892453
292,-1,task_available_time,<averaged>,N/A,coordinate a disaster relief effort,emergency_response,high,safety,high,coordination,high,multi_agent,N/A,N/A,30,months,original,numeric,30,30,months,nof_conv,30.0,36,23.1925541588791,5.042245487571179,1.4017178154751488,0.31986021668608877
490,-1,task_available_time,<averaged>,N/A,create a scalable marketplace platform,software_project,high,software,high,project,high,organization,N/A,N/A,30,months,original,numeric,30,30,months,nof_conv,30.0,36,38.15201955895981,-13.687625691138058,7.207772283100065,0.30914601890688886
754,-1,task_available_time,<averaged>,N/A,create an e-commerce website,software_project,medium,software,medium,project,medium,individual,N/A,N/A,30,months,original,numeric,30,30,months,nof_conv,30.0,36,30.097987397469257,-17.594291530795903,-6.975512495154772,0.2923613263582296
1018,-1,task_available_time,<averaged>,N/A,design an institution for long-term stability and effectiveness,institution_design,high,civilization,high,strategic,high,organization,N/A,N/A,30,months,original,numeric,30,30,months,nof_conv,30.0,36,27.966602394880383,14.886132225496915,12.458816217037022,0.32845752474576645
1458,-1,task_available_time,<averaged>,N/A,develop a long-term personal investment strategy,investment_strategy,high,business,high,strategic,high,individual,N/A,N/A,30,months,original,numeric,30,30,months,nof_conv,30.0,36,42.77150595217193,-5.1788286145713744,-2.7669257627391097,0.30126532455692445
1590,-1,task_available_time,<averaged>,N/A,develop a long-term plan for safely containing hazardous materials,hazard_containment,high,safety,high,risk_management,high,organization,N/A,N/A,30,months,original,numeric,30,30,months,nof_conv,30.0,36,44.078498525589325,2.4945363673258165,7.959237384072786,0.3869011675860547
1810,-1,task_available_time,<averaged>,N/A,develop a process to preserve an organization's records for future teams,knowledge_archive,medium,knowledge_preservation,medium,systems,high,organization,N/A,N/A,30,months,original,numeric,30,30,months,nof_conv,30.0,36,26.92031739955754,-8.010779441314625,0.16531945963537742,0.3329687696484878
2074,-1,task_available_time,<averaged>,N/A,expand a local business to new markets,business_expansion,high,business,high,strategic,high,organization,N/A,N/A,30,months,original,numeric,30,30,months,nof_conv,30.0,36,22.673808452027316,-21.059344498333843,15.644739445793165,0.32849545132014996
2250,-1,task_available_time,<averaged>,N/A,organize a company-wide knowledge management system,organization_project,high,knowledge_preservation,high,systems,high,organization,N/A,N/A,30,months,original,numeric,30,30,months,nof_conv,30.0,36,27.02827450058198,-18.251652355663836,4.075613536192801,0.31729399429639665
2470,-1,task_available_time,<averaged>,N/A,organize a wedding for a friend,event_planning,high,personal_lifestyle,high,coordination,medium,multi_agent,N/A,N/A,30,months,original,numeric,30,30,months,nof_conv,30.0,36,19.366549126856864,-5.052048046470206,-10.611091518298316,0.2626785510008201
2822,-1,task_available_time,<averaged>,N/A,plan a move to a new city,relocation,medium,personal_lifestyle,medium,logistical,medium,individual,N/A,N/A,30,months,original,numeric,30,30,months,nof_conv,30.0,36,19.152662373573136,-20.425638122473863,4.548827504609154,0.28964162338853183
2998,-1,task_available_time,<averaged>,N/A,plan an international trip,travel_planning,medium,personal_lifestyle,medium,logistical,medium,individual,N/A,N/A,30,months,original,numeric,30,30,months,nof_conv,30.0,36,19.019666022269266,3.586879788627173,-26.41393787650189,0.27655803117240446
3130,-1,task_available_time,<averaged>,N/A,preserve a small folder of important documents,knowledge_archive,low,knowledge_preservation,low,procedural,medium,individual,N/A,N/A,30,months,original,numeric,30,30,months,nof_conv,30.0,36,6.40328922713649,-2.027443385212397,-21.240668952350067,0.2901958044892018
3284,-1,task_available_time,<averaged>,N/A,renovate an apartment,home_renovation,medium,personal_lifestyle,medium,logistical,medium,multi_agent,N/A,N/A,30,months,original,numeric,30,30,months,nof_conv,30.0,36,17.576592040246286,-18.750710741174363,-2.3434637420978186,0.28665920091557523
3592,-1,task_available_time,<averaged>,N/A,train for a marathon,physical_training,medium,personal_lifestyle,medium,training,medium,individual,N/A,N/A,30,months,original,numeric,30,30,months,nof_conv,30.0,36,33.54373638123345,-24.681144553479623,-12.702091048564338,0.2806316845649344
3680,-1,task_available_time,<averaged>,N/A,write a novel,creative_writing,high,creative,high,creative,medium,individual,N/A,N/A,30,months,original,numeric,30,30,months,nof_conv,30.0,36,14.513293371654553,-8.067482007571389,-6.825529692580087,0.30677110060240725
50,-1,direct_help,N/A,N/A,build proficiency in a new language,skill_learning,medium,personal_lifestyle,medium,learning,medium,individual,N/A,N/A,30,months,original,numeric,30,30,months,plain,30.0,48,30.742410931417407,-29.816026671734534,-23.716371500174144,0.1958853258164088
292,-1,direct_help,N/A,N/A,coordinate a disaster relief effort,emergency_response,high,safety,high,coordination,high,multi_agent,N/A,N/A,30,months,original,numeric,30,30,months,plain,30.0,48,32.47523335414049,-12.165629742520942,-24.065082459030588,0.19432857098791292
490,-1,direct_help,N/A,N/A,create a scalable marketplace platform,software_project,high,software,high,project,high,organization,N/A,N/A,30,months,original,numeric,30,30,months,plain,30.0,48,38.87747607369388,-25.402261961189158,-10.366718622275041,0.16514989708817962
754,-1,direct_help,N/A,N/A,create an e-commerce website,software_project,medium,software,medium,project,medium,individual,N/A,N/A,30,months,original,numeric,30,30,months,plain,30.0,48,32.446320976274855,-34.43103785332836,-20.318428544531105,0.16486760148068427
1018,-1,direct_help,N/A,N/A,design an institution for long-term stability and effectiveness,institution_design,high,civilization,high,strategic,high,organization,N/A,N/A,30,months,original,numeric,30,30,months,plain,30.0,48,36.071214746562504,0.5051470575177601,-14.80868940036748,0.17574669763167725
1458,-1,direct_help,N/A,N/A,develop a long-term personal investment strategy,investment_strategy,high,business,high,strategic,high,individual,N/A,N/A,30,months,original,numeric,30,30,months,plain,30.0,48,34.3348569585353,-18.142498632509014,-25.169820847805944,0.1666702957852245
1590,-1,direct_help,N/A,N/A,develop a long-term plan for safely containing hazardous materials,hazard_containment,high,safety,high,risk_management,high,organization,N/A,N/A,30,months,original,numeric,30,30,months,plain,30.0,48,39.264481280502075,-7.616610248281453,-25.33678797350528,0.17550926722350604
1810,-1,direct_help,N/A,N/A,develop a process to preserve an organization's records for future teams,knowledge_archive,medium,knowledge_preservation,medium,systems,high,organization,N/A,N/A,30,months,original,numeric,30,30,months,plain,30.0,48,30.90109752469705,-22.85815827533762,-22.155793504713188,0.17117494279105624
2074,-1,direct_help,N/A,N/A,expand a local business to new markets,business_expansion,high,business,high,strategic,high,organization,N/A,N/A,30,months,original,numeric,30,30,months,plain,30.0,48,27.23277016399415,-29.730699209599173,-17.25444848699707,0.18045851634166016
2250,-1,direct_help,N/A,N/A,organize a company-wide knowledge management system,organization_project,high,knowledge_preservation,high,systems,high,organization,N/A,N/A,30,months,original,numeric,30,30,months,plain,30.0,48,33.410986760515115,-29.313959953304856,-16.185740530294353,0.1576112871710286
2470,-1,direct_help,N/A,N/A,organize a wedding for a friend,event_planning,high,personal_lifestyle,high,coordination,medium,multi_agent,N/A,N/A,30,months,original,numeric,30,30,months,plain,30.0,48,23.866433522878854,-20.092599762727648,-30.265138845888742,0.21053091836581303
2822,-1,direct_help,N/A,N/A,plan a move to a new city,relocation,medium,personal_lifestyle,medium,logistical,medium,individual,N/A,N/A,30,months,original,numeric,30,30,months,plain,30.0,48,26.33381150094019,-26.799407292134187,-24.39681566764409,0.19273359252504937
2998,-1,direct_help,N/A,N/A,plan an international trip,travel_planning,medium,personal_lifestyle,medium,logistical,medium,individual,N/A,N/A,30,months,original,numeric,30,30,months,plain,30.0,48,25.25685252395953,-15.071249814465551,-34.86236082847616,0.19461911020358796
3130,-1,direct_help,N/A,N/A,preserve a small folder of important documents,knowledge_archive,low,knowledge_preservation,low,procedural,medium,individual,N/A,N/A,30,months,original,numeric,30,30,months,plain,30.0,48,12.854933948136598,-13.602804199945822,-47.54299158526202,0.22294649038843334
3284,-1,direct_help,N/A,N/A,renovate an apartment,home_renovation,medium,personal_lifestyle,medium,logistical,medium,multi_agent,N/A,N/A,30,months,original,numeric,30,30,months,plain,30.0,48,25.60823460954478,-33.269866082007375,-25.563240641209294,0.20167306069012667
3592,-1,direct_help,N/A,N/A,train for a marathon,physical_training,medium,personal_lifestyle,medium,training,medium,individual,N/A,N/A,30,months,original,numeric,30,30,months,plain,30.0,48,36.03492641248472,-31.0046721808837,-28.837213561457816,0.22390655857010433
3680,-1,direct_help,N/A,N/A,write a novel,creative_writing,high,creative,high,creative,medium,individual,N/A,N/A,30,months,original,numeric,30,30,months,plain,30.0,48,25.210136991854057,-22.989284522874545,-21.68777322469192,0.21291097109206022
50,-1,direct_help,N/A,N/A,build proficiency in a new language,skill_learning,medium,personal_lifestyle,medium,learning,medium,individual,N/A,N/A,30,months,original,numeric,30,30,months,plain_long,30.0,48,30.197092340724364,-18.123050351539955,-5.705552039435872,0.1629188977166527
292,-1,direct_help,N/A,N/A,coordinate a disaster relief effort,emergency_response,high,safety,high,coordination,high,multi_agent,N/A,N/A,30,months,original,numeric,30,30,months,plain_long,30.0,48,30.323607206574664,-10.015349093775358,-4.325380071603871,0.1373426590440004
490,-1,direct_help,N/A,N/A,create a scalable marketplace platform,software_project,high,software,high,project,high,organization,N/A,N/A,30,months,original,numeric,30,30,months,plain_long,30.0,48,33.84669458387671,-18.399578470883394,2.6105043927947347,0.16744871620453075
754,-1,direct_help,N/A,N/A,create an e-commerce website,software_project,medium,software,medium,project,medium,individual,N/A,N/A,30,months,original,numeric,30,30,months,plain_long,30.0,48,31.00800531300189,-23.887379040102093,-2.1046166182941817,0.14764650967507498
1018,-1,direct_help,N/A,N/A,design an institution for long-term stability and effectiveness,institution_design,high,civilization,high,strategic,high,organization,N/A,N/A,30,months,original,numeric,30,30,months,plain_long,30.0,48,31.60549966151446,-3.5566768323184803,-0.05155828227116266,0.1706028684932187
1458,-1,direct_help,N/A,N/A,develop a long-term personal investment strategy,investment_strategy,high,business,high,strategic,high,individual,N/A,N/A,30,months,original,numeric,30,30,months,plain_long,30.0,48,30.669037173051635,-12.5937434078425,-6.58598769085601,0.15726104075226827
1590,-1,direct_help,N/A,N/A,develop a long-term plan for safely containing hazardous materials,hazard_containment,high,safety,high,risk_management,high,organization,N/A,N/A,30,months,original,numeric,30,30,months,plain_long,30.0,48,33.60922799700114,-6.5781766228762235,-7.096572363364502,0.14635418392890853
1810,-1,direct_help,N/A,N/A,develop a process to preserve an organization's records for future teams,knowledge_archive,medium,knowledge_preservation,medium,systems,high,organization,N/A,N/A,30,months,original,numeric,30,30,months,plain_long,30.0,48,26.744500059379796,-18.178306854133393,-3.023888131721506,0.1544079070352699
2074,-1,direct_help,N/A,N/A,expand a local business to new markets,business_expansion,high,business,high,strategic,high,organization,N/A,N/A,30,months,original,numeric,30,30,months,plain_long,30.0,48,26.48640270116474,-20.314333371980148,-0.2977492009805751,0.14769318318245048
2250,-1,direct_help,N/A,N/A,organize a company-wide knowledge management system,organization_project,high,knowledge_preservation,high,systems,high,organization,N/A,N/A,30,months,original,numeric,30,30,months,plain_long,30.0,48,29.194130552813206,-20.86303927734703,-0.2886818114626991,0.14808811930952662
2470,-1,direct_help,N/A,N/A,organize a wedding for a friend,event_planning,high,personal_lifestyle,high,coordination,medium,multi_agent,N/A,N/A,30,months,original,numeric,30,30,months,plain_long,30.0,48,25.895345134587995,-18.00830881043649,-7.082583556625308,0.1525928329925227
2822,-1,direct_help,N/A,N/A,plan a move to a new city,relocation,medium,personal_lifestyle,medium,logistical,medium,individual,N/A,N/A,30,months,original,numeric,30,30,months,plain_long,30.0,48,26.471943947110223,-19.36500625922195,-4.061138392462973,0.14635813279753582
2998,-1,direct_help,N/A,N/A,plan an international trip,travel_planning,medium,personal_lifestyle,medium,logistical,medium,individual,N/A,N/A,30,months,original,numeric,30,30,months,plain_long,30.0,48,25.935894794997207,-13.110022518779296,-9.727702074010248,0.13591047828496639
3130,-1,direct_help,N/A,N/A,preserve a small folder of important documents,knowledge_archive,low,knowledge_preservation,low,procedural,medium,individual,N/A,N/A,30,months,original,numeric,30,30,months,plain_long,30.0,48,16.640744522617833,-12.41746556287412,-15.356198769163274,0.15604997115887898
3284,-1,direct_help,N/A,N/A,renovate an apartment,home_renovation,medium,personal_lifestyle,medium,logistical,medium,multi_agent,N/A,N/A,30,months,original,numeric,30,30,months,plain_long,30.0,48,25.70013350656675,-23.311207454029635,-4.42907194342483,0.14942014191840775
3592,-1,direct_help,N/A,N/A,train for a marathon,physical_training,medium,personal_lifestyle,medium,training,medium,individual,N/A,N/A,30,months,original,numeric,30,30,months,plain_long,30.0,48,32.666384076462336,-17.96767804421742,-7.362609312769724,0.16335396588925324
3680,-1,direct_help,N/A,N/A,write a novel,creative_writing,high,creative,high,creative,medium,individual,N/A,N/A,30,months,original,numeric,30,30,months,plain_long,30.0,48,26.136661726497184,-16.493995421613548,-4.034692496518078,0.17356409238777323
54,-1,task_available_time,<averaged>,N/A,build proficiency in a new language,skill_learning,medium,personal_lifestyle,medium,learning,medium,individual,N/A,N/A,50,months,original,numeric,50,50,months,nof_conv,50.0,36,25.544643786179275,-13.775214573991986,-16.49091227246023,0.27369681184741534
296,-1,task_available_time,<averaged>,N/A,coordinate a disaster relief effort,emergency_response,high,safety,high,coordination,high,multi_agent,N/A,N/A,50,months,original,numeric,50,50,months,nof_conv,50.0,36,22.158794485833944,18.32860886908867,-6.544039428758255,0.30788901904838667
494,-1,task_available_time,<averaged>,N/A,create a scalable marketplace platform,software_project,high,software,high,project,high,organization,N/A,N/A,50,months,original,numeric,50,50,months,nof_conv,50.0,36,37.865054921800706,0.8192738293729693,-1.6752225459298202,0.2995968463874986
758,-1,task_available_time,<averaged>,N/A,create an e-commerce website,software_project,medium,software,medium,project,medium,individual,N/A,N/A,50,months,original,numeric,50,50,months,nof_conv,50.0,36,29.233838300947898,-1.2120480551918251,-16.479888677491175,0.28917088896099113
1022,-1,task_available_time,<averaged>,N/A,design an institution for long-term stability and effectiveness,institution_design,high,civilization,high,strategic,high,organization,N/A,N/A,50,months,original,numeric,50,50,months,nof_conv,50.0,36,30.025661025348878,23.750349263622915,6.8173332883495465,0.3200816503415896
1462,-1,task_available_time,<averaged>,N/A,develop a long-term personal investment strategy,investment_strategy,high,business,high,strategic,high,individual,N/A,N/A,50,months,original,numeric,50,50,months,nof_conv,50.0,36,45.46892559332772,0.9333219630951959,-7.536484759683145,0.3004104849851875
1594,-1,task_available_time,<averaged>,N/A,develop a long-term plan for safely containing hazardous materials,hazard_containment,high,safety,high,risk_management,high,organization,N/A,N/A,50,months,original,numeric,50,50,months,nof_conv,50.0,36,44.7375979963943,11.78415794868128,2.668723488860525,0.3723313771333185
1814,-1,task_available_time,<averaged>,N/A,develop a process to preserve an organization's records for future teams,knowledge_archive,medium,knowledge_preservation,medium,systems,high,organization,N/A,N/A,50,months,original,numeric,50,50,months,nof_conv,50.0,36,26.379345491495602,8.064127676332257,-8.41756984147077,0.31708986229066405
2078,-1,task_available_time,<averaged>,N/A,expand a local business to new markets,business_expansion,high,business,high,strategic,high,organization,N/A,N/A,50,months,original,numeric,50,50,months,nof_conv,50.0,36,24.58519072440934,-11.934875274436836,7.905860262709281,0.3174715657327739
2254,-1,task_available_time,<averaged>,N/A,organize a company-wide knowledge management system,organization_project,high,knowledge_preservation,high,systems,high,organization,N/A,N/A,50,months,original,numeric,50,50,months,nof_conv,50.0,36,26.041749088287226,0.33899323916383334,-5.837815507862246,0.3057017666539051
2474,-1,task_available_time,<averaged>,N/A,organize a wedding for a friend,event_planning,high,personal_lifestyle,high,coordination,medium,multi_agent,N/A,N/A,50,months,original,numeric,50,50,months,nof_conv,50.0,36,17.966130576583453,14.67883913667751,-20.050846102670608,0.2664842710260729
2826,-1,task_available_time,<averaged>,N/A,plan a move to a new city,relocation,medium,personal_lifestyle,medium,logistical,medium,individual,N/A,N/A,50,months,original,numeric,50,50,months,nof_conv,50.0,36,19.232820405004862,-7.197358607658888,-5.622628047904364,0.28156412420111143
3002,-1,task_available_time,<averaged>,N/A,plan an international trip,travel_planning,medium,personal_lifestyle,medium,logistical,medium,individual,N/A,N/A,50,months,original,numeric,50,50,months,nof_conv,50.0,36,17.958505382355163,22.38181841875235,-35.231297784035114,0.27834989609577276
3134,-1,task_available_time,<averaged>,N/A,preserve a small folder of important documents,knowledge_archive,low,knowledge_preservation,low,procedural,medium,individual,N/A,N/A,50,months,original,numeric,50,50,months,nof_conv,50.0,36,7.5470007083154,11.354179538870499,-28.74433239399825,0.2815840220661699
3288,-1,task_available_time,<averaged>,N/A,renovate an apartment,home_renovation,medium,personal_lifestyle,medium,logistical,medium,multi_agent,N/A,N/A,50,months,original,numeric,50,50,months,nof_conv,50.0,36,18.594739242674283,-7.3960016784109035,-11.100568675738746,0.27662631117217384
3596,-1,task_available_time,<averaged>,N/A,train for a marathon,physical_training,medium,personal_lifestyle,medium,training,medium,individual,N/A,N/A,50,months,original,numeric,50,50,months,nof_conv,50.0,36,32.181319834504826,-9.36721799462888,-21.249652374174886,0.2711194745326558
3684,-1,task_available_time,<averaged>,N/A,write a novel,creative_writing,high,creative,high,creative,medium,individual,N/A,N/A,50,months,original,numeric,50,50,months,nof_conv,50.0,36,15.116665918799358,0.9760493001728894,-13.133153096856025,0.3062552212013259
54,-1,direct_help,N/A,N/A,build proficiency in a new language,skill_learning,medium,personal_lifestyle,medium,learning,medium,individual,N/A,N/A,50,months,original,numeric,50,50,months,plain,50.0,48,31.269269340127945,-22.937593691069097,-29.326574063917946,0.1954731812657215
296,-1,direct_help,N/A,N/A,coordinate a disaster relief effort,emergency_response,high,safety,high,coordination,high,multi_agent,N/A,N/A,50,months,original,numeric,50,50,months,plain,50.0,48,32.02816236729733,-1.175109263456596,-29.0394363755182,0.19286853880501972
494,-1,direct_help,N/A,N/A,create a scalable marketplace platform,software_project,high,software,high,project,high,organization,N/A,N/A,50,months,original,numeric,50,50,months,plain,50.0,48,39.098522755301325,-18.851642759715613,-14.139330395387931,0.16203120213965305
758,-1,direct_help,N/A,N/A,create an e-commerce website,software_project,medium,software,medium,project,medium,individual,N/A,N/A,50,months,original,numeric,50,50,months,plain,50.0,48,31.97661930732736,-24.399544425715867,-25.641285954547904,0.16630320520773112
1022,-1,direct_help,N/A,N/A,design an institution for long-term stability and effectiveness,institution_design,high,civilization,high,strategic,high,organization,N/A,N/A,50,months,original,numeric,50,50,months,plain,50.0,48,37.20805406199721,7.124568605918862,-18.160297615565916,0.17234954527892493
1462,-1,direct_help,N/A,N/A,develop a long-term personal investment strategy,investment_strategy,high,business,high,strategic,high,individual,N/A,N/A,50,months,original,numeric,50,50,months,plain,50.0,48,35.818208509063524,-13.224244898262128,-28.973165018750922,0.16485096104052577
1594,-1,direct_help,N/A,N/A,develop a long-term plan for safely containing hazardous materials,hazard_containment,high,safety,high,risk_management,high,organization,N/A,N/A,50,months,original,numeric,50,50,months,plain,50.0,48,39.74652966254914,-2.517700529244927,-28.716610448745346,0.1731548044480715
1814,-1,direct_help,N/A,N/A,develop a process to preserve an organization's records for future teams,knowledge_archive,medium,knowledge_preservation,medium,systems,high,organization,N/A,N/A,50,months,original,numeric,50,50,months,plain,50.0,48,31.707983586244353,-16.543792012406783,-26.225431662880364,0.16350544179272794
2078,-1,direct_help,N/A,N/A,expand a local business to new markets,business_expansion,high,business,high,strategic,high,organization,N/A,N/A,50,months,original,numeric,50,50,months,plain,50.0,48,28.28847559220553,-24.147658490323444,-21.474278454628145,0.17598855387142148
2254,-1,direct_help,N/A,N/A,organize a company-wide knowledge management system,organization_project,high,knowledge_preservation,high,systems,high,organization,N/A,N/A,50,months,original,numeric,50,50,months,plain,50.0,48,33.85057492051436,-18.490151159653326,-21.63535951062742,0.15337310157115966
2474,-1,direct_help,N/A,N/A,organize a wedding for a friend,event_planning,high,personal_lifestyle,high,coordination,medium,multi_agent,N/A,N/A,50,months,original,numeric,50,50,months,plain,50.0,48,23.66253002821174,-7.806501064959523,-34.03590345516009,0.21809101594246463
2826,-1,direct_help,N/A,N/A,plan a move to a new city,relocation,medium,personal_lifestyle,medium,logistical,medium,individual,N/A,N/A,50,months,original,numeric,50,50,months,plain,50.0,48,26.49274090623077,-16.94771981415864,-29.43384019239676,0.19311415359411105
3002,-1,direct_help,N/A,N/A,plan an international trip,travel_planning,medium,personal_lifestyle,medium,logistical,medium,individual,N/A,N/A,50,months,original,numeric,50,50,months,plain,50.0,48,25.099178261712343,-1.325285409460883,-39.11216220268766,0.19838908993836005
3134,-1,direct_help,N/A,N/A,preserve a small folder of important documents,knowledge_archive,low,knowledge_preservation,low,procedural,medium,individual,N/A,N/A,50,months,original,numeric,50,50,months,plain,50.0,48,14.117900997290407,-6.8173687536162575,-51.01861491851395,0.21979893597758304
3288,-1,direct_help,N/A,N/A,renovate an apartment,home_renovation,medium,personal_lifestyle,medium,logistical,medium,multi_agent,N/A,N/A,50,months,original,numeric,50,50,months,plain,50.0,48,26.473130501182233,-24.25858112344167,-30.333784066687944,0.19933244676496695
3596,-1,direct_help,N/A,N/A,train for a marathon,physical_training,medium,personal_lifestyle,medium,training,medium,individual,N/A,N/A,50,months,original,numeric,50,50,months,plain,50.0,48,35.12582099837143,-16.11266072044437,-34.58645836284955,0.22283105483002655
3684,-1,direct_help,N/A,N/A,write a novel,creative_writing,high,creative,high,creative,medium,individual,N/A,N/A,50,months,original,numeric,50,50,months,plain,50.0,48,25.92150056719552,-15.634870409273992,-26.692200111568614,0.21362851748623443
54,-1,direct_help,N/A,N/A,build proficiency in a new language,skill_learning,medium,personal_lifestyle,medium,learning,medium,individual,N/A,N/A,50,months,original,numeric,50,50,months,plain_long,50.0,48,31.163256068442628,-14.367986234530633,-8.917967756829837,0.16188867167896573
296,-1,direct_help,N/A,N/A,coordinate a disaster relief effort,emergency_response,high,safety,high,coordination,high,multi_agent,N/A,N/A,50,months,original,numeric,50,50,months,plain_long,50.0,48,30.79914630728764,-4.502382360549058,-7.199283103236059,0.13414718760216165
494,-1,direct_help,N/A,N/A,create a scalable marketplace platform,software_project,high,software,high,project,high,organization,N/A,N/A,50,months,original,numeric,50,50,months,plain_long,50.0,48,34.48241851498016,-14.830627831776878,0.7138061470996282,0.16393122906033017
758,-1,direct_help,N/A,N/A,create an e-commerce website,software_project,medium,software,medium,project,medium,individual,N/A,N/A,50,months,original,numeric,50,50,months,plain_long,50.0,48,31.626969505866285,-19.047510478178715,-4.8580526870155305,0.14520120924615545
1022,-1,direct_help,N/A,N/A,design an institution for long-term stability and effectiveness,institution_design,high,civilization,high,strategic,high,organization,N/A,N/A,50,months,original,numeric,50,50,months,plain_long,50.0,48,33.10543888188395,0.26267668065081606,-2.227332815653935,0.16900095445751334
1462,-1,direct_help,N/A,N/A,develop a long-term personal investment strategy,investment_strategy,high,business,high,strategic,high,individual,N/A,N/A,50,months,original,numeric,50,50,months,plain_long,50.0,48,32.2611916381207,-9.578941203259951,-8.814106382368031,0.15656649896852246
1594,-1,direct_help,N/A,N/A,develop a long-term plan for safely containing hazardous materials,hazard_containment,high,safety,high,risk_management,high,organization,N/A,N/A,50,months,original,numeric,50,50,months,plain_long,50.0,48,34.50322592352713,-3.3664382967353763,-9.056263372435408,0.1440349911484575
1814,-1,direct_help,N/A,N/A,develop a process to preserve an organization's records for future teams,knowledge_archive,medium,knowledge_preservation,medium,systems,high,organization,N/A,N/A,50,months,original,numeric,50,50,months,plain_long,50.0,48,27.67515648787581,-14.758081823542232,-5.292726875684604,0.15031076524347894
2078,-1,direct_help,N/A,N/A,expand a local business to new markets,business_expansion,high,business,high,strategic,high,organization,N/A,N/A,50,months,original,numeric,50,50,months,plain_long,50.0,48,27.521494443738984,-17.587839107050897,-2.5173555093311055,0.14580317955952765
2254,-1,direct_help,N/A,N/A,organize a company-wide knowledge management system,organization_project,high,knowledge_preservation,high,systems,high,organization,N/A,N/A,50,months,original,numeric,50,50,months,plain_long,50.0,48,30.027306591437064,-15.155806250090338,-3.593958905716155,0.1441918773519239
2474,-1,direct_help,N/A,N/A,organize a wedding for a friend,event_planning,high,personal_lifestyle,high,coordination,medium,multi_agent,N/A,N/A,50,months,original,numeric,50,50,months,plain_long,50.0,48,26.64933997189609,-11.106854090619114,-10.090030545822362,0.15645873802168866
2826,-1,direct_help,N/A,N/A,plan a move to a new city,relocation,medium,personal_lifestyle,medium,logistical,medium,individual,N/A,N/A,50,months,original,numeric,50,50,months,plain_long,50.0,48,27.276677717198506,-14.348281015811455,-7.280153098864326,0.14659849653960577
3002,-1,direct_help,N/A,N/A,plan an international trip,travel_planning,medium,personal_lifestyle,medium,logistical,medium,individual,N/A,N/A,50,months,original,numeric,50,50,months,plain_long,50.0,48,27.018819646920395,-5.480206056509564,-12.799805958682407,0.13536483227953008
3134,-1,direct_help,N/A,N/A,preserve a small folder of important documents,knowledge_archive,low,knowledge_preservation,low,procedural,medium,individual,N/A,N/A,50,months,original,numeric,50,50,months,plain_long,50.0,48,17.751119322539694,-9.368889851630488,-17.26602616733583,0.15498572252904813
3288,-1,direct_help,N/A,N/A,renovate an apartment,home_renovation,medium,personal_lifestyle,medium,logistical,medium,multi_agent,N/A,N/A,50,months,original,numeric,50,50,months,plain_long,50.0,48,26.832643694095125,-19.151856899294337,-6.913320937216841,0.14764872830367148
3596,-1,direct_help,N/A,N/A,train for a marathon,physical_training,medium,personal_lifestyle,medium,training,medium,individual,N/A,N/A,50,months,original,numeric,50,50,months,plain_long,50.0,48,33.133680181076116,-9.902389230950266,-10.99527054656248,0.1606002086080988
3684,-1,direct_help,N/A,N/A,write a novel,creative_writing,high,creative,high,creative,medium,individual,N/A,N/A,50,months,original,numeric,50,50,months,plain_long,50.0,48,27.17140305704212,-12.82643947565496,-7.021110476956874,0.17207534899924312
58,-1,task_available_time,<averaged>,N/A,build proficiency in a new language,skill_learning,medium,personal_lifestyle,medium,learning,medium,individual,N/A,N/A,70,months,original,numeric,70,70,months,nof_conv,70.0,36,24.61728433999349,-4.5419483434054015,-25.360062782566153,0.27074827276287494
300,-1,task_available_time,<averaged>,N/A,coordinate a disaster relief effort,emergency_response,high,safety,high,coordination,high,multi_agent,N/A,N/A,70,months,original,numeric,70,70,months,nof_conv,70.0,36,21.0993716219575,27.44465664296723,-15.671445166056294,0.3026177831071357
498,-1,task_available_time,<averaged>,N/A,create a scalable marketplace platform,software_project,high,software,high,project,high,organization,N/A,N/A,70,months,original,numeric,70,70,months,nof_conv,70.0,36,36.81472377592673,9.031725789230167,-8.827809809251312,0.2986850226640841
762,-1,task_available_time,<averaged>,N/A,create an e-commerce website,software_project,medium,software,medium,project,medium,individual,N/A,N/A,70,months,original,numeric,70,70,months,nof_conv,70.0,36,28.143171895637106,6.969586002171482,-23.635664927136535,0.29006231030191726
1026,-1,task_available_time,<averaged>,N/A,design an institution for long-term stability and effectiveness,institution_design,high,civilization,high,strategic,high,organization,N/A,N/A,70,months,original,numeric,70,70,months,nof_conv,70.0,36,31.40672707924576,28.86356545793195,-1.524206309849462,0.31047531032654196
1466,-1,task_available_time,<averaged>,N/A,develop a long-term personal investment strategy,investment_strategy,high,business,high,strategic,high,individual,N/A,N/A,70,months,original,numeric,70,70,months,nof_conv,70.0,36,45.8705896043288,6.519748062311984,-13.8052549179259,0.293943484372188
1598,-1,task_available_time,<averaged>,N/A,develop a long-term plan for safely containing hazardous materials,hazard_containment,high,safety,high,risk_management,high,organization,N/A,N/A,70,months,original,numeric,70,70,months,nof_conv,70.0,36,44.54697590446512,17.684123088273004,-3.113971448540087,0.3643908597850633
1818,-1,task_available_time,<averaged>,N/A,develop a process to preserve an organization's records for future teams,knowledge_archive,medium,knowledge_preservation,medium,systems,high,organization,N/A,N/A,70,months,original,numeric,70,70,months,nof_conv,70.0,36,26.65199198759836,17.146538130095482,-16.946239602654458,0.310916879015813
2082,-1,task_available_time,<averaged>,N/A,expand a local business to new markets,business_expansion,high,business,high,strategic,high,organization,N/A,N/A,70,months,original,numeric,70,70,months,nof_conv,70.0,36,24.657634521055744,-3.236374717459434,-1.1536748696680992,0.308330017692063
2258,-1,task_available_time,<averaged>,N/A,organize a company-wide knowledge management system,organization_project,high,knowledge_preservation,high,systems,high,organization,N/A,N/A,70,months,original,numeric,70,70,months,nof_conv,70.0,36,24.81517686634988,11.075597652661543,-14.92332077473258,0.3029403583089323
2478,-1,task_available_time,<averaged>,N/A,organize a wedding for a friend,event_planning,high,personal_lifestyle,high,coordination,medium,multi_agent,N/A,N/A,70,months,original,numeric,70,70,months,nof_conv,70.0,36,16.2270673358098,26.23778433125112,-28.594344536169544,0.2702587019131991
2830,-1,task_available_time,<averaged>,N/A,plan a move to a new city,relocation,medium,personal_lifestyle,medium,logistical,medium,individual,N/A,N/A,70,months,original,numeric,70,70,months,nof_conv,70.0,36,19.188230278092703,2.5214445141970163,-15.8787206548591,0.2752972763662927
3006,-1,task_available_time,<averaged>,N/A,plan an international trip,travel_planning,medium,personal_lifestyle,medium,logistical,medium,individual,N/A,N/A,70,months,original,numeric,70,70,months,nof_conv,70.0,36,16.419513371546913,31.614931068897075,-43.51154626704029,0.2826234639048003
3138,-1,task_available_time,<averaged>,N/A,preserve a small folder of important documents,knowledge_archive,low,knowledge_preservation,low,procedural,medium,individual,N/A,N/A,70,months,original,numeric,70,70,months,nof_conv,70.0,36,7.886617726897767,21.1266674717532,-37.73487735711586,0.2780025799126288
3292,-1,task_available_time,<averaged>,N/A,renovate an apartment,home_renovation,medium,personal_lifestyle,medium,logistical,medium,multi_agent,N/A,N/A,70,months,original,numeric,70,70,months,nof_conv,70.0,36,18.069422179528576,2.1165675555961005,-20.642203651352077,0.2722082627438429
3600,-1,task_available_time,<averaged>,N/A,train for a marathon,physical_training,medium,personal_lifestyle,medium,training,medium,individual,N/A,N/A,70,months,original,numeric,70,70,months,nof_conv,70.0,36,29.698266954300685,1.8780788423493515,-29.858051531608343,0.26759465949810696
3688,-1,task_available_time,<averaged>,N/A,write a novel,creative_writing,high,creative,high,creative,medium,individual,N/A,N/A,70,months,original,numeric,70,70,months,nof_conv,70.0,36,15.17650021780167,7.797469341174935,-19.55517856519772,0.30477644846718244
58,-1,direct_help,N/A,N/A,build proficiency in a new language,skill_learning,medium,personal_lifestyle,medium,learning,medium,individual,N/A,N/A,70,months,original,numeric,70,70,months,plain,70.0,48,31.592347216004278,-12.316185925760532,-38.704033778508446,0.19008424741887137
300,-1,direct_help,N/A,N/A,coordinate a disaster relief effort,emergency_response,high,safety,high,coordination,high,multi_agent,N/A,N/A,70,months,original,numeric,70,70,months,plain,70.0,48,31.058353514349488,11.233862382544267,-37.78694502631819,0.19115768803889002
498,-1,direct_help,N/A,N/A,create a scalable marketplace platform,software_project,high,software,high,project,high,organization,N/A,N/A,70,months,original,numeric,70,70,months,plain,70.0,48,39.043802173804416,-11.365211956706586,-21.038109635976667,0.15707058408195565
762,-1,direct_help,N/A,N/A,create an e-commerce website,software_project,medium,software,medium,project,medium,individual,N/A,N/A,70,months,original,numeric,70,70,months,plain,70.0,48,31.707309797717087,-11.811900303482533,-34.49014851187313,0.16808038022903482
1026,-1,direct_help,N/A,N/A,design an institution for long-term stability and effectiveness,institution_design,high,civilization,high,strategic,high,organization,N/A,N/A,70,months,original,numeric,70,70,months,plain,70.0,48,37.29986964507434,12.972687785033399,-24.753737039041514,0.1626442238510046
1466,-1,direct_help,N/A,N/A,develop a long-term personal investment strategy,investment_strategy,high,business,high,strategic,high,individual,N/A,N/A,70,months,original,numeric,70,70,months,plain,70.0,48,36.79946381803004,-6.928214164855757,-35.350551317521976,0.1588347538229881
1598,-1,direct_help,N/A,N/A,develop a long-term plan for safely containing hazardous materials,hazard_containment,high,safety,high,risk_management,high,organization,N/A,N/A,70,months,original,numeric,70,70,months,plain,70.0,48,39.794786032461516,3.993296700063483,-34.12543458439756,0.16628064800654163
1818,-1,direct_help,N/A,N/A,develop a process to preserve an organization's records for future teams,knowledge_archive,medium,knowledge_preservation,medium,systems,high,organization,N/A,N/A,70,months,original,numeric,70,70,months,plain,70.0,48,32.5454862677498,-8.117556485838115,-33.83223807491572,0.15684808636306863
2082,-1,direct_help,N/A,N/A,expand a local business to new markets,business_expansion,high,business,high,strategic,high,organization,N/A,N/A,70,months,original,numeric,70,70,months,plain,70.0,48,28.917915656545564,-16.098251760138933,-28.969510777317428,0.16876400004572742
2258,-1,direct_help,N/A,N/A,organize a company-wide knowledge management system,organization_project,high,knowledge_preservation,high,systems,high,organization,N/A,N/A,70,months,original,numeric,70,70,months,plain,70.0,48,33.84200607302492,-5.93257413727034,-30.04558567439012,0.15473834630779257
2478,-1,direct_help,N/A,N/A,organize a wedding for a friend,event_planning,high,personal_lifestyle,high,coordination,medium,multi_agent,N/A,N/A,70,months,original,numeric,70,70,months,plain,70.0,48,22.415142820563165,4.813734793294181,-41.76113080267126,0.22251679953022183
2830,-1,direct_help,N/A,N/A,plan a move to a new city,relocation,medium,personal_lifestyle,medium,logistical,medium,individual,N/A,N/A,70,months,original,numeric,70,70,months,plain,70.0,48,26.102323796447493,-6.09068755125222,-38.14928292021304,0.1933357508002071
3006,-1,direct_help,N/A,N/A,plan an international trip,travel_planning,medium,personal_lifestyle,medium,logistical,medium,individual,N/A,N/A,70,months,original,numeric,70,70,months,plain,70.0,48,24.04324993967306,11.504321432707815,-46.934720175478105,0.20668837134767293
3138,-1,direct_help,N/A,N/A,preserve a small folder of important documents,knowledge_archive,low,knowledge_preservation,low,procedural,medium,individual,N/A,N/A,70,months,original,numeric,70,70,months,plain,70.0,48,15.731256746849406,2.8103109596233113,-57.673232388103614,0.21044592818382932
3292,-1,direct_help,N/A,N/A,renovate an apartment,home_renovation,medium,personal_lifestyle,medium,logistical,medium,multi_agent,N/A,N/A,70,months,original,numeric,70,70,months,plain,70.0,48,26.144710643951026,-13.873166477862096,-39.3656792951869,0.19603426310472605
3600,-1,direct_help,N/A,N/A,train for a marathon,physical_training,medium,personal_lifestyle,medium,training,medium,individual,N/A,N/A,70,months,original,numeric,70,70,months,plain,70.0,48,33.36564453807279,0.8515190901964825,-42.92908132661959,0.2273181200031319
3688,-1,direct_help,N/A,N/A,write a novel,creative_writing,high,creative,high,creative,medium,individual,N/A,N/A,70,months,original,numeric,70,70,months,plain,70.0,48,26.32149451833399,-4.723893446948899,-34.455375212837936,0.20680517229246848
58,-1,direct_help,N/A,N/A,build proficiency in a new language,skill_learning,medium,personal_lifestyle,medium,learning,medium,individual,N/A,N/A,70,months,original,numeric,70,70,months,plain_long,70.0,48,32.67849306128577,-7.904439051872476,-14.89996125051641,0.1598098652204659
300,-1,direct_help,N/A,N/A,coordinate a disaster relief effort,emergency_response,high,safety,high,coordination,high,multi_agent,N/A,N/A,70,months,original,numeric,70,70,months,plain_long,70.0,48,31.73458491689461,3.1696780650656358,-13.113166223188232,0.1335506158888061
498,-1,direct_help,N/A,N/A,create a scalable marketplace platform,software_project,high,software,high,project,high,organization,N/A,N/A,70,months,original,numeric,70,70,months,plain_long,70.0,48,35.52176162276207,-9.94476834666757,-3.8324752535671296,0.1607964984373548
762,-1,direct_help,N/A,N/A,create an e-commerce website,software_project,medium,software,medium,project,medium,individual,N/A,N/A,70,months,original,numeric,70,70,months,plain_long,70.0,48,32.780954021375706,-11.484849187953577,-10.90341367323708,0.14330555644961782
1026,-1,direct_help,N/A,N/A,design an institution for long-term stability and effectiveness,institution_design,high,civilization,high,strategic,high,organization,N/A,N/A,70,months,original,numeric,70,70,months,plain_long,70.0,48,34.1647929409585,4.439119968519741,-6.669738657858878,0.16516105187620767
1466,-1,direct_help,N/A,N/A,develop a long-term personal investment strategy,investment_strategy,high,business,high,strategic,high,individual,N/A,N/A,70,months,original,numeric,70,70,months,plain_long,70.0,48,33.86039377473949,-5.133888230613313,-13.13128702120181,0.1538771862254346
1598,-1,direct_help,N/A,N/A,develop a long-term plan for safely containing hazardous materials,hazard_containment,high,safety,high,risk_management,high,organization,N/A,N/A,70,months,original,numeric,70,70,months,plain_long,70.0,48,35.593331852298775,1.0486673685160426,-12.844517268955919,0.14158549310250815
1818,-1,direct_help,N/A,N/A,develop a process to preserve an organization's records for future teams,knowledge_archive,medium,knowledge_preservation,medium,systems,high,organization,N/A,N/A,70,months,original,numeric,70,70,months,plain_long,70.0,48,29.222763114080017,-9.266431156458681,-10.334390100199766,0.14716260059815295
2082,-1,direct_help,N/A,N/A,expand a local business to new markets,business_expansion,high,business,high,strategic,high,organization,N/A,N/A,70,months,original,numeric,70,70,months,plain_long,70.0,48,28.88017825269611,-12.808249708353086,-7.322309323418903,0.14325293566555222
2258,-1,direct_help,N/A,N/A,organize a company-wide knowledge management system,organization_project,high,knowledge_preservation,high,systems,high,organization,N/A,N/A,70,months,original,numeric,70,70,months,plain_long,70.0,48,31.42158013851796,-7.352742750257423,-9.386595960039987,0.14442249323528422
2478,-1,direct_help,N/A,N/A,organize a wedding for a friend,event_planning,high,personal_lifestyle,high,coordination,medium,multi_agent,N/A,N/A,70,months,original,numeric,70,70,months,plain_long,70.0,48,27.301560774760514,-2.521814889300316,-16.030713465953237,0.159982222219985
2830,-1,direct_help,N/A,N/A,plan a move to a new city,relocation,medium,personal_lifestyle,medium,logistical,medium,individual,N/A,N/A,70,months,original,numeric,70,70,months,plain_long,70.0,48,28.27736121321589,-7.248964530578557,-13.491673957293244,0.14771907699794842
3006,-1,direct_help,N/A,N/A,plan an international trip,travel_planning,medium,personal_lifestyle,medium,logistical,medium,individual,N/A,N/A,70,months,original,numeric,70,70,months,plain_long,70.0,48,27.89765994435788,3.426033068745745,-18.960444756293352,0.13742029435343392
3138,-1,direct_help,N/A,N/A,preserve a small folder of important documents,knowledge_archive,low,knowledge_preservation,low,procedural,medium,individual,N/A,N/A,70,months,original,numeric,70,70,months,plain_long,70.0,48,19.80725284604722,-2.995171704716918,-22.50787503449816,0.15073104323388692
3292,-1,direct_help,N/A,N/A,renovate an apartment,home_renovation,medium,personal_lifestyle,medium,logistical,medium,multi_agent,N/A,N/A,70,months,original,numeric,70,70,months,plain_long,70.0,48,27.85084078997508,-13.10818013042203,-12.627678861938277,0.14596838911289234
3600,-1,direct_help,N/A,N/A,train for a marathon,physical_training,medium,personal_lifestyle,medium,training,medium,individual,N/A,N/A,70,months,original,numeric,70,70,months,plain_long,70.0,48,33.68348763225278,0.6826833351311903,-16.986075165816374,0.16225244834181737
3688,-1,direct_help,N/A,N/A,write a novel,creative_writing,high,creative,high,creative,medium,individual,N/A,N/A,70,months,original,numeric,70,70,months,plain_long,70.0,48,28.40159039857822,-6.161937369642024,-12.508356378481512,0.16850060914061438
62,-1,task_available_time,<averaged>,N/A,build proficiency in a new language,skill_learning,medium,personal_lifestyle,medium,learning,medium,individual,N/A,N/A,100,months,original,numeric,100,100,months,nof_conv,100.0,36,25.15083793182617,0.006090284035531968,-22.607789157128636,0.26761839066128984
304,-1,task_available_time,<averaged>,N/A,coordinate a disaster relief effort,emergency_response,high,safety,high,coordination,high,multi_agent,N/A,N/A,100,months,original,numeric,100,100,months,nof_conv,100.0,36,20.901381174328726,32.515605002657416,-13.966624520713856,0.2986298448020645
502,-1,task_available_time,<averaged>,N/A,create a scalable marketplace platform,software_project,high,software,high,project,high,organization,N/A,N/A,100,months,original,numeric,100,100,months,nof_conv,100.0,36,36.70045427287395,18.04423185904651,-8.536544009049004,0.2948080618497311
766,-1,task_available_time,<averaged>,N/A,create an e-commerce website,software_project,medium,software,medium,project,medium,individual,N/A,N/A,100,months,original,numeric,100,100,months,nof_conv,100.0,36,27.79887039279294,16.2065735099902,-22.982349332255993,0.28876554837227275
1030,-1,task_available_time,<averaged>,N/A,design an institution for long-term stability and effectiveness,institution_design,high,civilization,high,strategic,high,organization,N/A,N/A,100,months,original,numeric,100,100,months,nof_conv,100.0,36,32.55047040175623,32.92064142416009,2.7052213992586704,0.310488982004949
1470,-1,task_available_time,<averaged>,N/A,develop a long-term personal investment strategy,investment_strategy,high,business,high,strategic,high,individual,N/A,N/A,100,months,original,numeric,100,100,months,nof_conv,100.0,36,46.85331881497978,11.936976207712338,-11.007856119463916,0.2955453033502672
1602,-1,task_available_time,<averaged>,N/A,develop a long-term plan for safely containing hazardous materials,hazard_containment,high,safety,high,risk_management,high,organization,N/A,N/A,100,months,original,numeric,100,100,months,nof_conv,100.0,36,45.07686541324548,24.00776768254189,-0.7193952150253135,0.35924140182302056
1822,-1,task_available_time,<averaged>,N/A,develop a process to preserve an organization's records for future teams,knowledge_archive,medium,knowledge_preservation,medium,systems,high,organization,N/A,N/A,100,months,original,numeric,100,100,months,nof_conv,100.0,36,26.217363846482783,25.689602949316825,-15.107097697727497,0.30620913851093273
2086,-1,task_available_time,<averaged>,N/A,expand a local business to new markets,business_expansion,high,business,high,strategic,high,organization,N/A,N/A,100,months,original,numeric,100,100,months,nof_conv,100.0,36,25.316109204123467,2.852188872005181,0.09035110059837065,0.30475581464138995
2262,-1,task_available_time,<averaged>,N/A,organize a company-wide knowledge management system,organization_project,high,knowledge_preservation,high,systems,high,organization,N/A,N/A,100,months,original,numeric,100,100,months,nof_conv,100.0,36,24.191261861445014,20.81507269102386,-14.879027331771393,0.30130604752102597
2482,-1,task_available_time,<averaged>,N/A,organize a wedding for a friend,event_planning,high,personal_lifestyle,high,coordination,medium,multi_agent,N/A,N/A,100,months,original,numeric,100,100,months,nof_conv,100.0,36,15.643442667444209,34.7690602639969,-26.65452982279474,0.2759384666769867
2834,-1,task_available_time,<averaged>,N/A,plan a move to a new city,relocation,medium,personal_lifestyle,medium,logistical,medium,individual,N/A,N/A,100,months,original,numeric,100,100,months,nof_conv,100.0,36,18.57446190828352,9.34818364139659,-14.429274942483875,0.2748584901335627
3010,-1,task_available_time,<averaged>,N/A,plan an international trip,travel_planning,medium,personal_lifestyle,medium,logistical,medium,individual,N/A,N/A,100,months,original,numeric,100,100,months,nof_conv,100.0,36,15.983080801956065,40.87837510414113,-40.571674944369704,0.28371992080412084
3142,-1,task_available_time,<averaged>,N/A,preserve a small folder of important documents,knowledge_archive,low,knowledge_preservation,low,procedural,medium,individual,N/A,N/A,100,months,original,numeric,100,100,months,nof_conv,100.0,36,8.352859046508676,25.363559296634214,-35.089570672200615,0.2754095087039854
3296,-1,task_available_time,<averaged>,N/A,renovate an apartment,home_renovation,medium,personal_lifestyle,medium,logistical,medium,multi_agent,N/A,N/A,100,months,original,numeric,100,100,months,nof_conv,100.0,36,18.868093529879523,9.50141872346706,-19.571868691448,0.2676359365133994
3604,-1,task_available_time,<averaged>,N/A,train for a marathon,physical_training,medium,personal_lifestyle,medium,training,medium,individual,N/A,N/A,100,months,original,numeric,100,100,months,nof_conv,100.0,36,29.00254878336217,12.527687578791689,-29.522444247314496,0.2671372223555751
3692,-1,task_available_time,<averaged>,N/A,write a novel,creative_writing,high,creative,high,creative,medium,individual,N/A,N/A,100,months,original,numeric,100,100,months,nof_conv,100.0,36,15.777224394649133,12.226269977558305,-17.645830864785726,0.30541568918728634
62,-1,direct_help,N/A,N/A,build proficiency in a new language,skill_learning,medium,personal_lifestyle,medium,learning,medium,individual,N/A,N/A,100,months,original,numeric,100,100,months,plain,100.0,48,31.614161119526305,-12.35631946272336,-34.17025296203463,0.19002637310834597
304,-1,direct_help,N/A,N/A,coordinate a disaster relief effort,emergency_response,high,safety,high,coordination,high,multi_agent,N/A,N/A,100,months,original,numeric,100,100,months,plain,100.0,48,31.213325395077796,12.821363803708048,-34.06787064645231,0.18940721781852105
502,-1,direct_help,N/A,N/A,create a scalable marketplace platform,software_project,high,software,high,project,high,organization,N/A,N/A,100,months,original,numeric,100,100,months,plain,100.0,48,39.22980801432154,-10.768780208235325,-18.20400355021543,0.15559050022295945
766,-1,direct_help,N/A,N/A,create an e-commerce website,software_project,medium,software,medium,project,medium,individual,N/A,N/A,100,months,original,numeric,100,100,months,plain,100.0,48,31.836153230103236,-11.63549955940428,-30.475741496445806,0.16802194447391755
1030,-1,direct_help,N/A,N/A,design an institution for long-term stability and effectiveness,institution_design,high,civilization,high,strategic,high,organization,N/A,N/A,100,months,original,numeric,100,100,months,plain,100.0,48,38.5376303310019,13.850521967492352,-20.406604832070123,0.16382729808472304
1470,-1,direct_help,N/A,N/A,develop a long-term personal investment strategy,investment_strategy,high,business,high,strategic,high,individual,N/A,N/A,100,months,original,numeric,100,100,months,plain,100.0,48,37.77902907700169,-6.771477554095173,-30.87752720994905,0.16063993674334043
1602,-1,direct_help,N/A,N/A,develop a long-term plan for safely containing hazardous materials,hazard_containment,high,safety,high,risk_management,high,organization,N/A,N/A,100,months,original,numeric,100,100,months,plain,100.0,48,40.710230352301025,4.82926416448478,-30.806979064352664,0.16422247061377854
1822,-1,direct_help,N/A,N/A,develop a process to preserve an organization's records for future teams,knowledge_archive,medium,knowledge_preservation,medium,systems,high,organization,N/A,N/A,100,months,original,numeric,100,100,months,plain,100.0,48,32.86825257583505,-6.7934512136200516,-30.701248158396563,0.15548643736425496
2086,-1,direct_help,N/A,N/A,expand a local business to new markets,business_expansion,high,business,high,strategic,high,organization,N/A,N/A,100,months,original,numeric,100,100,months,plain,100.0,48,29.36916794658462,-15.006054967977596,-25.690759137433655,0.1668058399375678
2262,-1,direct_help,N/A,N/A,organize a company-wide knowledge management system,organization_project,high,knowledge_preservation,high,systems,high,organization,N/A,N/A,100,months,original,numeric,100,100,months,plain,100.0,48,33.876732331027554,-3.047503174025856,-27.03156050957484,0.15450235467991585
2482,-1,direct_help,N/A,N/A,organize a wedding for a friend,event_planning,high,personal_lifestyle,high,coordination,medium,multi_agent,N/A,N/A,100,months,original,numeric,100,100,months,plain,100.0,48,23.176014263201196,6.619901816582144,-37.997602185742025,0.22221175811930563
2834,-1,direct_help,N/A,N/A,plan a move to a new city,relocation,medium,personal_lifestyle,medium,logistical,medium,individual,N/A,N/A,100,months,original,numeric,100,100,months,plain,100.0,48,26.606754059789505,-4.699047370755781,-33.641254342363126,0.19174401629017834
3010,-1,direct_help,N/A,N/A,plan an international trip,travel_planning,medium,personal_lifestyle,medium,logistical,medium,individual,N/A,N/A,100,months,original,numeric,100,100,months,plain,100.0,48,24.532818057131387,13.71091420195394,-42.010194031285494,0.20490295022580857
3142,-1,direct_help,N/A,N/A,preserve a small folder of important documents,knowledge_archive,low,knowledge_preservation,low,procedural,medium,individual,N/A,N/A,100,months,original,numeric,100,100,months,plain,100.0,48,15.688828852055721,3.3139663278763782,-54.77220177492079,0.21130608502149187
3296,-1,direct_help,N/A,N/A,renovate an apartment,home_renovation,medium,personal_lifestyle,medium,logistical,medium,multi_agent,N/A,N/A,100,months,original,numeric,100,100,months,plain,100.0,48,26.548782212959836,-11.072506002989009,-35.508838602537196,0.19408330402658705
3604,-1,direct_help,N/A,N/A,train for a marathon,physical_training,medium,personal_lifestyle,medium,training,medium,individual,N/A,N/A,100,months,original,numeric,100,100,months,plain,100.0,48,32.95663130993134,5.404341595686319,-39.49957306489123,0.22891401037631498
3692,-1,direct_help,N/A,N/A,write a novel,creative_writing,high,creative,high,creative,medium,individual,N/A,N/A,100,months,original,numeric,100,100,months,plain,100.0,48,26.751552734138475,-5.536115199995048,-31.04449374489255,0.20967780750712817
62,-1,direct_help,N/A,N/A,build proficiency in a new language,skill_learning,medium,personal_lifestyle,medium,learning,medium,individual,N/A,N/A,100,months,original,numeric,100,100,months,plain_long,100.0,48,32.24326560557288,-7.915506975015608,-12.307237013391331,0.15859585903748036
304,-1,direct_help,N/A,N/A,coordinate a disaster relief effort,emergency_response,high,safety,high,coordination,high,multi_agent,N/A,N/A,100,months,original,numeric,100,100,months,plain_long,100.0,48,31.578021106118005,4.207103899695046,-10.795444747887066,0.13076551298109593
502,-1,direct_help,N/A,N/A,create a scalable marketplace platform,software_project,high,software,high,project,high,organization,N/A,N/A,100,months,original,numeric,100,100,months,plain_long,100.0,48,35.257719340387325,-9.779084668387585,-1.9990090604526918,0.1591999574113127
766,-1,direct_help,N/A,N/A,create an e-commerce website,software_project,medium,software,medium,project,medium,individual,N/A,N/A,100,months,original,numeric,100,100,months,plain_long,100.0,48,32.441772227344494,-11.446756488359615,-8.413748114771487,0.1436785018712009
1030,-1,direct_help,N/A,N/A,design an institution for long-term stability and effectiveness,institution_design,high,civilization,high,strategic,high,organization,N/A,N/A,100,months,original,numeric,100,100,months,plain_long,100.0,48,34.72918771973078,4.816976364545711,-4.261809257914243,0.16432860731080376
1470,-1,direct_help,N/A,N/A,develop a long-term personal investment strategy,investment_strategy,high,business,high,strategic,high,individual,N/A,N/A,100,months,original,numeric,100,100,months,plain_long,100.0,48,34.06821460924788,-4.964667558944754,-10.441549227239852,0.15395755485561094
1602,-1,direct_help,N/A,N/A,develop a long-term plan for safely containing hazardous materials,hazard_containment,high,safety,high,risk_management,high,organization,N/A,N/A,100,months,original,numeric,100,100,months,plain_long,100.0,48,35.96923348075748,1.9572427419032858,-10.783323823041622,0.139466018791274
1822,-1,direct_help,N/A,N/A,develop a process to preserve an organization's records for future teams,knowledge_archive,medium,knowledge_preservation,medium,systems,high,organization,N/A,N/A,100,months,original,numeric,100,100,months,plain_long,100.0,48,29.23121623380431,-8.453772664644942,-8.542624070650007,0.14521145995094847
2086,-1,direct_help,N/A,N/A,expand a local business to new markets,business_expansion,high,business,high,strategic,high,organization,N/A,N/A,100,months,original,numeric,100,100,months,plain_long,100.0,48,28.8243638272948,-12.084776843653138,-5.335331216176464,0.14085688656993703
2262,-1,direct_help,N/A,N/A,organize a company-wide knowledge management system,organization_project,high,knowledge_preservation,high,systems,high,organization,N/A,N/A,100,months,original,numeric,100,100,months,plain_long,100.0,48,31.295394630974748,-5.5932178820957645,-7.678559565507403,0.1423596182314114
2482,-1,direct_help,N/A,N/A,organize a wedding for a friend,event_planning,high,personal_lifestyle,high,coordination,medium,multi_agent,N/A,N/A,100,months,original,numeric,100,100,months,plain_long,100.0,48,27.582984727799403,-1.0936432316606073,-13.779495664874387,0.15899651751265242
2834,-1,direct_help,N/A,N/A,plan a move to a new city,relocation,medium,personal_lifestyle,medium,logistical,medium,individual,N/A,N/A,100,months,original,numeric,100,100,months,plain_long,100.0,48,28.362253525859,-6.190335759995707,-11.042622472744082,0.14590254103284866
3010,-1,direct_help,N/A,N/A,plan an international trip,travel_planning,medium,personal_lifestyle,medium,logistical,medium,individual,N/A,N/A,100,months,original,numeric,100,100,months,plain_long,100.0,48,27.901371504157282,5.520341268672334,-16.28587391685705,0.13673279883764825
3142,-1,direct_help,N/A,N/A,preserve a small folder of important documents,knowledge_archive,low,knowledge_preservation,low,procedural,medium,individual,N/A,N/A,100,months,original,numeric,100,100,months,plain_long,100.0,48,19.662466386638616,-3.0226634452453447,-20.568581245079123,0.150640487371011
3296,-1,direct_help,N/A,N/A,renovate an apartment,home_renovation,medium,personal_lifestyle,medium,logistical,medium,multi_agent,N/A,N/A,100,months,original,numeric,100,100,months,plain_long,100.0,48,28.148906470132417,-11.548218452181764,-10.949448601823876,0.1447327180148811
3604,-1,direct_help,N/A,N/A,train for a marathon,physical_training,medium,personal_lifestyle,medium,training,medium,individual,N/A,N/A,100,months,original,numeric,100,100,months,plain_long,100.0,48,33.391568488665385,3.915291890976115,-15.42957257119937,0.16151092266917427
3692,-1,direct_help,N/A,N/A,write a novel,creative_writing,high,creative,high,creative,medium,individual,N/A,N/A,100,months,original,numeric,100,100,months,plain_long,100.0,48,28.36781704579712,-6.719579284979072,-10.543305604337217,0.16923212006523916
66,-1,task_available_time,<averaged>,N/A,build proficiency in a new language,skill_learning,medium,personal_lifestyle,medium,learning,medium,individual,N/A,N/A,1,weeks,original,numeric,1,1,week,nof_conv,0.229979466119,36,-14.19215362616273,-28.217958970851114,38.55885895249364,0.29238923091916996
308,-1,task_available_time,<averaged>,N/A,coordinate a disaster relief effort,emergency_response,high,safety,high,coordination,high,multi_agent,N/A,N/A,1,weeks,original,numeric,1,1,week,nof_conv,0.229979466119,36,-0.34161476410219666,-18.436194241836226,41.76659988403572,0.3387640828703409
506,-1,task_available_time,<averaged>,N/A,create a scalable marketplace platform,software_project,high,software,high,project,high,organization,N/A,N/A,1,weeks,original,numeric,1,1,week,nof_conv,0.229979466119,36,4.94328432904023,-22.279213333229364,41.52877870764258,0.31794426201975395
638,-1,task_available_time,<averaged>,N/A,create a single-page personal website,software_project,low,software,low,project,low,individual,N/A,N/A,1,weeks,original,numeric,1,1,week,nof_conv,0.229979466119,36,-9.792717265088845,-41.53778532411797,33.41745534831878,0.31493948432115026
770,-1,task_available_time,<averaged>,N/A,create an e-commerce website,software_project,medium,software,medium,project,medium,individual,N/A,N/A,1,weeks,original,numeric,1,1,week,nof_conv,0.229979466119,36,1.2411909032059076,-33.14337025277221,33.195578742383795,0.29997359492201897
902,-1,task_available_time,<averaged>,N/A,design a communication plan for a company restructuring,communication_plan,high,communication,high,strategic,high,organization,N/A,N/A,1,weeks,original,numeric,1,1,week,nof_conv,0.229979466119,36,-17.97606053454236,-20.407623797262534,55.38643543250139,0.38689321595037723
2266,-1,task_available_time,<averaged>,N/A,organize a company-wide knowledge management system,organization_project,high,knowledge_preservation,high,systems,high,organization,N/A,N/A,1,weeks,original,numeric,1,1,week,nof_conv,0.229979466119,36,-5.513860460241704,-33.054351336034955,47.49908438181481,0.32273493450399116
2398,-1,task_available_time,<averaged>,N/A,organize a shared drive for a small team,organization_project,medium,administrative,medium,logistical,medium,multi_agent,N/A,N/A,1,weeks,original,numeric,1,1,week,nof_conv,0.229979466119,36,-13.139364973106213,-44.45721505337896,36.05554859744233,0.30270624469829427
2486,-1,task_available_time,<averaged>,N/A,organize a wedding for a friend,event_planning,high,personal_lifestyle,high,coordination,medium,multi_agent,N/A,N/A,1,weeks,original,numeric,1,1,week,nof_conv,0.229979466119,36,-4.85445608435016,-34.38051020301611,40.795525159864816,0.27707507610483995
2838,-1,task_available_time,<averaged>,N/A,plan a move to a new city,relocation,medium,personal_lifestyle,medium,logistical,medium,individual,N/A,N/A,1,weeks,original,numeric,1,1,week,nof_conv,0.229979466119,36,-9.414723276759135,-29.534715120332024,55.320292228662005,0.31121154296342424
3014,-1,task_available_time,<averaged>,N/A,plan an international trip,travel_planning,medium,personal_lifestyle,medium,logistical,medium,individual,N/A,N/A,1,weeks,original,numeric,1,1,week,nof_conv,0.229979466119,36,-9.571294044815053,-15.894375711453273,18.17828174092003,0.31204005669450413
3146,-1,task_available_time,<averaged>,N/A,preserve a small folder of important documents,knowledge_archive,low,knowledge_preservation,low,procedural,medium,individual,N/A,N/A,1,weeks,original,numeric,1,1,week,nof_conv,0.229979466119,36,-20.22264281664081,-30.79256168258919,24.331269590677753,0.30770974513518073
3300,-1,task_available_time,<averaged>,N/A,renovate an apartment,home_renovation,medium,personal_lifestyle,medium,logistical,medium,multi_agent,N/A,N/A,1,weeks,original,numeric,1,1,week,nof_conv,0.229979466119,36,-5.9597385362695725,-29.950612752487338,42.504736546681,0.290923441036888
3608,-1,task_available_time,<averaged>,N/A,train for a marathon,physical_training,medium,personal_lifestyle,medium,training,medium,individual,N/A,N/A,1,weeks,original,numeric,1,1,week,nof_conv,0.229979466119,36,-5.62674707754476,-14.444436710483773,33.17865440898571,0.32074998203401967
3696,-1,task_available_time,<averaged>,N/A,write a novel,creative_writing,high,creative,high,creative,medium,individual,N/A,N/A,1,weeks,original,numeric,1,1,week,nof_conv,0.229979466119,36,-14.84357746784695,-17.350064921859204,27.649158770613962,0.3185906498168617
66,-1,direct_help,N/A,N/A,build proficiency in a new language,skill_learning,medium,personal_lifestyle,medium,learning,medium,individual,N/A,N/A,1,weeks,original,numeric,1,1,week,plain,0.229979466119,48,1.4475478132203616,-15.11955783743118,9.956985211464268,0.24166744841341695
308,-1,direct_help,N/A,N/A,coordinate a disaster relief effort,emergency_response,high,safety,high,coordination,high,multi_agent,N/A,N/A,1,weeks,original,numeric,1,1,week,plain,0.229979466119,48,16.651041560112876,-29.1035830674541,3.183762709099001,0.21833056978214294
506,-1,direct_help,N/A,N/A,create a scalable marketplace platform,software_project,high,software,high,project,high,organization,N/A,N/A,1,weeks,original,numeric,1,1,week,plain,0.229979466119,48,11.711855665988926,-21.752565934112596,13.762993321906706,0.20194537256403394
638,-1,direct_help,N/A,N/A,create a single-page personal website,software_project,low,software,low,project,low,individual,N/A,N/A,1,weeks,original,numeric,1,1,week,plain,0.229979466119,48,0.4022589568039067,-48.846044416090486,10.409591912595891,0.1808747063627832
770,-1,direct_help,N/A,N/A,create an e-commerce website,software_project,medium,software,medium,project,medium,individual,N/A,N/A,1,weeks,original,numeric,1,1,week,plain,0.229979466119,48,7.242085543465339,-38.484348459790446,10.522975333473362,0.19430792549411327
902,-1,direct_help,N/A,N/A,design a communication plan for a company restructuring,communication_plan,high,communication,high,strategic,high,organization,N/A,N/A,1,weeks,original,numeric,1,1,week,plain,0.229979466119,48,5.017786935450125,-32.75290620222152,12.148275570470314,0.17103791638902455
2266,-1,direct_help,N/A,N/A,organize a company-wide knowledge management system,organization_project,high,knowledge_preservation,high,systems,high,organization,N/A,N/A,1,weeks,original,numeric,1,1,week,plain,0.229979466119,48,6.223463058237701,-34.90599131161236,16.069895663609962,0.17251139350329664
2398,-1,direct_help,N/A,N/A,organize a shared drive for a small team,organization_project,medium,administrative,medium,logistical,medium,multi_agent,N/A,N/A,1,weeks,original,numeric,1,1,week,plain,0.229979466119,48,-1.940552100864645,-50.19773048360981,-2.6905921196930263,0.18506505815636998
2486,-1,direct_help,N/A,N/A,organize a wedding for a friend,event_planning,high,personal_lifestyle,high,coordination,medium,multi_agent,N/A,N/A,1,weeks,original,numeric,1,1,week,plain,0.229979466119,48,6.794477484916495,-37.72826256449526,1.4424932068401857,0.23954941779952627
2838,-1,direct_help,N/A,N/A,plan a move to a new city,relocation,medium,personal_lifestyle,medium,logistical,medium,individual,N/A,N/A,1,weeks,original,numeric,1,1,week,plain,0.229979466119,48,3.462179465474054,-28.42561899278342,9.024975720069293,0.2244384989651212
3014,-1,direct_help,N/A,N/A,plan an international trip,travel_planning,medium,personal_lifestyle,medium,logistical,medium,individual,N/A,N/A,1,weeks,original,numeric,1,1,week,plain,0.229979466119,48,3.4316104590213663,-33.094694403491154,-9.766263669999613,0.22753566684869103
3146,-1,direct_help,N/A,N/A,preserve a small folder of important documents,knowledge_archive,low,knowledge_preservation,low,procedural,medium,individual,N/A,N/A,1,weeks,original,numeric,1,1,week,plain,0.229979466119,48,-9.313334208396682,-31.0752552536459,-22.245741000819542,0.24559631226888218
3300,-1,direct_help,N/A,N/A,renovate an apartment,home_renovation,medium,personal_lifestyle,medium,logistical,medium,multi_agent,N/A,N/A,1,weeks,original,numeric,1,1,week,plain,0.229979466119,48,5.5510240986269785,-34.581226831185944,7.444263221969074,0.22493426499232233
3608,-1,direct_help,N/A,N/A,train for a marathon,physical_training,medium,personal_lifestyle,medium,training,medium,individual,N/A,N/A,1,weeks,original,numeric,1,1,week,plain,0.229979466119,48,5.178874771679313,-4.953616770327398,1.9642244413814482,0.3210493078398724
3696,-1,direct_help,N/A,N/A,write a novel,creative_writing,high,creative,high,creative,medium,individual,N/A,N/A,1,weeks,original,numeric,1,1,week,plain,0.229979466119,48,-2.4119194323208837,-13.921827097104048,11.244855587177943,0.23555050074510459
66,-1,direct_help,N/A,N/A,build proficiency in a new language,skill_learning,medium,personal_lifestyle,medium,learning,medium,individual,N/A,N/A,1,weeks,original,numeric,1,1,week,plain_long,0.229979466119,48,8.433554861373144,-10.963022351661623,14.779558446108279,0.17456259570811172
308,-1,direct_help,N/A,N/A,coordinate a disaster relief effort,emergency_response,high,safety,high,coordination,high,multi_agent,N/A,N/A,1,weeks,original,numeric,1,1,week,plain_long,0.229979466119,48,15.970318042078052,-19.565848967316242,12.138571515815658,0.14910690676392024
506,-1,direct_help,N/A,N/A,create a scalable marketplace platform,software_project,high,software,high,project,high,organization,N/A,N/A,1,weeks,original,numeric,1,1,week,plain_long,0.229979466119,48,13.599285973026262,-17.774929135396604,18.675796678364723,0.18291468508689476
638,-1,direct_help,N/A,N/A,create a single-page personal website,software_project,low,software,low,project,low,individual,N/A,N/A,1,weeks,original,numeric,1,1,week,plain_long,0.229979466119,48,5.058617783443437,-33.53845697010974,17.14824942091552,0.17255280280944216
770,-1,direct_help,N/A,N/A,create an e-commerce website,software_project,medium,software,medium,project,medium,individual,N/A,N/A,1,weeks,original,numeric,1,1,week,plain_long,0.229979466119,48,11.349058647076337,-27.492312470476485,17.007832566699076,0.1629488724690047
902,-1,direct_help,N/A,N/A,design a communication plan for a company restructuring,communication_plan,high,communication,high,strategic,high,organization,N/A,N/A,1,weeks,original,numeric,1,1,week,plain_long,0.229979466119,48,6.872933023540233,-22.961043187117756,16.75108444191383,0.15612523860768218
2266,-1,direct_help,N/A,N/A,organize a company-wide knowledge management system,organization_project,high,knowledge_preservation,high,systems,high,organization,N/A,N/A,1,weeks,original,numeric,1,1,week,plain_long,0.229979466119,48,9.330869647655936,-24.487553717629243,18.28182880672344,0.15364607726326177
2398,-1,direct_help,N/A,N/A,organize a shared drive for a small team,organization_project,medium,administrative,medium,logistical,medium,multi_agent,N/A,N/A,1,weeks,original,numeric,1,1,week,plain_long,0.229979466119,48,2.938080043829471,-32.87205235965389,8.244208190076094,0.15243209699177634
2486,-1,direct_help,N/A,N/A,organize a wedding for a friend,event_planning,high,personal_lifestyle,high,coordination,medium,multi_agent,N/A,N/A,1,weeks,original,numeric,1,1,week,plain_long,0.229979466119,48,10.994180010574059,-27.595233576158027,11.879131433691654,0.16069081175443203
2838,-1,direct_help,N/A,N/A,plan a move to a new city,relocation,medium,personal_lifestyle,medium,logistical,medium,individual,N/A,N/A,1,weeks,original,numeric,1,1,week,plain_long,0.229979466119,48,9.189671226582224,-22.122736143960886,15.576509703585012,0.1523409340465366
3014,-1,direct_help,N/A,N/A,plan an international trip,travel_planning,medium,personal_lifestyle,medium,logistical,medium,individual,N/A,N/A,1,weeks,original,numeric,1,1,week,plain_long,0.229979466119,48,7.2081916894873075,-22.42526942044242,5.292698880398412,0.14664550343596164
3146,-1,direct_help,N/A,N/A,preserve a small folder of important documents,knowledge_archive,low,knowledge_preservation,low,procedural,medium,individual,N/A,N/A,1,weeks,original,numeric,1,1,week,plain_long,0.229979466119,48,-0.9815517131801981,-21.921257207060933,0.05388426086960141,0.16487494580900117
3300,-1,direct_help,N/A,N/A,renovate an apartment,home_renovation,medium,personal_lifestyle,medium,logistical,medium,multi_agent,N/A,N/A,1,weeks,original,numeric,1,1,week,plain_long,0.229979466119,48,10.50253175509491,-23.918149025534383,13.66215531326229,0.15465843099400142
3608,-1,direct_help,N/A,N/A,train for a marathon,physical_training,medium,personal_lifestyle,medium,training,medium,individual,N/A,N/A,1,weeks,original,numeric,1,1,week,plain_long,0.229979466119,48,11.080635295695501,-3.6731453396294698,10.591268393713651,0.20327526255031342
3696,-1,direct_help,N/A,N/A,write a novel,creative_writing,high,creative,high,creative,medium,individual,N/A,N/A,1,weeks,original,numeric,1,1,week,plain_long,0.229979466119,48,4.2768793402615035,-12.185574026434985,17.551183014337735,0.1849491556510395
70,-1,task_available_time,<averaged>,N/A,build proficiency in a new language,skill_learning,medium,personal_lifestyle,medium,learning,medium,individual,N/A,N/A,2,weeks,original,numeric,2,2,weeks,nof_conv,0.459958932238,36,-6.561540229415407,-31.39810446436437,32.61048267545401,0.2884704892936065
312,-1,task_available_time,<averaged>,N/A,coordinate a disaster relief effort,emergency_response,high,safety,high,coordination,high,multi_agent,N/A,N/A,2,weeks,original,numeric,2,2,weeks,nof_conv,0.459958932238,36,5.355863835918891,-20.087111137869833,37.01839069361725,0.34082333304470086
510,-1,task_available_time,<averaged>,N/A,create a scalable marketplace platform,software_project,high,software,high,project,high,organization,N/A,N/A,2,weeks,original,numeric,2,2,weeks,nof_conv,0.459958932238,36,10.82244655391983,-25.185540558683435,35.62045225818364,0.3130545370956678
642,-1,task_available_time,<averaged>,N/A,create a single-page personal website,software_project,low,software,low,project,low,individual,N/A,N/A,2,weeks,original,numeric,2,2,weeks,nof_conv,0.459958932238,36,-4.60206182794034,-41.72040472999584,27.573260659964653,0.31011256722326247
774,-1,task_available_time,<averaged>,N/A,create an e-commerce website,software_project,medium,software,medium,project,medium,individual,N/A,N/A,2,weeks,original,numeric,2,2,weeks,nof_conv,0.459958932238,36,7.012372433811616,-35.844471157913034,27.822287844298174,0.29621220209578036
906,-1,task_available_time,<averaged>,N/A,design a communication plan for a company restructuring,communication_plan,high,communication,high,strategic,high,organization,N/A,N/A,2,weeks,original,numeric,2,2,weeks,nof_conv,0.459958932238,36,-7.89468133998263,-24.49108186807903,46.73215674715481,0.3825380940663123
2270,-1,task_available_time,<averaged>,N/A,organize a company-wide knowledge management system,organization_project,high,knowledge_preservation,high,systems,high,organization,N/A,N/A,2,weeks,original,numeric,2,2,weeks,nof_conv,0.459958932238,36,1.0077737276533263,-36.093500588440826,40.85772014830382,0.32081389984269704
2402,-1,task_available_time,<averaged>,N/A,organize a shared drive for a small team,organization_project,medium,administrative,medium,logistical,medium,multi_agent,N/A,N/A,2,weeks,original,numeric,2,2,weeks,nof_conv,0.459958932238,36,-6.7691858866663175,-46.07757615999867,29.486423622034973,0.30004544469050143
2490,-1,task_available_time,<averaged>,N/A,organize a wedding for a friend,event_planning,high,personal_lifestyle,high,coordination,medium,multi_agent,N/A,N/A,2,weeks,original,numeric,2,2,weeks,nof_conv,0.459958932238,36,1.5495534507938065,-39.39091051035468,34.70392830982094,0.27085200552485483
2842,-1,task_available_time,<averaged>,N/A,plan a move to a new city,relocation,medium,personal_lifestyle,medium,logistical,medium,individual,N/A,N/A,2,weeks,original,numeric,2,2,weeks,nof_conv,0.459958932238,36,-1.5973714069604568,-35.016081228442516,49.12944173030264,0.30592510448986926
3018,-1,task_available_time,<averaged>,N/A,plan an international trip,travel_planning,medium,personal_lifestyle,medium,logistical,medium,individual,N/A,N/A,2,weeks,original,numeric,2,2,weeks,nof_conv,0.459958932238,36,-0.42188324360938967,-21.99613883979412,12.815130272271348,0.306412769996698
3150,-1,task_available_time,<averaged>,N/A,preserve a small folder of important documents,knowledge_archive,low,knowledge_preservation,low,procedural,medium,individual,N/A,N/A,2,weeks,original,numeric,2,2,weeks,nof_conv,0.459958932238,36,-14.743857300456916,-31.968017497189077,18.856260281390878,0.3041713764365321
3304,-1,task_available_time,<averaged>,N/A,renovate an apartment,home_renovation,medium,personal_lifestyle,medium,logistical,medium,multi_agent,N/A,N/A,2,weeks,original,numeric,2,2,weeks,nof_conv,0.459958932238,36,-0.6380885043006167,-32.860272346343685,36.990518475940306,0.2878310525214971
3612,-1,task_available_time,<averaged>,N/A,train for a marathon,physical_training,medium,personal_lifestyle,medium,training,medium,individual,N/A,N/A,2,weeks,original,numeric,2,2,weeks,nof_conv,0.459958932238,36,3.5224699524037657,-23.305629507409634,27.54842130459746,0.3126768588430552
3700,-1,task_available_time,<averaged>,N/A,write a novel,creative_writing,high,creative,high,creative,medium,individual,N/A,N/A,2,weeks,original,numeric,2,2,weeks,nof_conv,0.459958932238,36,-9.665344242793056,-19.57155987758888,23.897778715429784,0.31319604368782944
70,-1,direct_help,N/A,N/A,build proficiency in a new language,skill_learning,medium,personal_lifestyle,medium,learning,medium,individual,N/A,N/A,2,weeks,original,numeric,2,2,weeks,plain,0.459958932238,48,4.312499396490803,-23.23226138298886,7.639821183833119,0.228852252992353
312,-1,direct_help,N/A,N/A,coordinate a disaster relief effort,emergency_response,high,safety,high,coordination,high,multi_agent,N/A,N/A,2,weeks,original,numeric,2,2,weeks,plain,0.459958932238,48,19.334748739390562,-30.678766662950995,-0.8038652325655139,0.22004420105387304
510,-1,direct_help,N/A,N/A,create a scalable marketplace platform,software_project,high,software,high,project,high,organization,N/A,N/A,2,weeks,original,numeric,2,2,weeks,plain,0.459958932238,48,15.138206770152546,-27.398326707097297,9.767545251603964,0.1929767538611507
642,-1,direct_help,N/A,N/A,create a single-page personal website,software_project,low,software,low,project,low,individual,N/A,N/A,2,weeks,original,numeric,2,2,weeks,plain,0.459958932238,48,3.701752624437491,-49.709699892864286,4.977896879370693,0.18022173225452442
774,-1,direct_help,N/A,N/A,create an e-commerce website,software_project,medium,software,medium,project,medium,individual,N/A,N/A,2,weeks,original,numeric,2,2,weeks,plain,0.459958932238,48,10.582255481247564,-43.332449305309034,5.429244425886491,0.18598108803928334
906,-1,direct_help,N/A,N/A,design a communication plan for a company restructuring,communication_plan,high,communication,high,strategic,high,organization,N/A,N/A,2,weeks,original,numeric,2,2,weeks,plain,0.459958932238,48,8.519795923111715,-35.81891977724213,7.649451346177136,0.1711143922993972
2270,-1,direct_help,N/A,N/A,organize a company-wide knowledge management system,organization_project,high,knowledge_preservation,high,systems,high,organization,N/A,N/A,2,weeks,original,numeric,2,2,weeks,plain,0.459958932238,48,9.851242615773577,-40.3107314415124,11.10026195998987,0.16619230311020275
2402,-1,direct_help,N/A,N/A,organize a shared drive for a small team,organization_project,medium,administrative,medium,logistical,medium,multi_agent,N/A,N/A,2,weeks,original,numeric,2,2,weeks,plain,0.459958932238,48,1.606419755202745,-50.57600712411842,-7.921968494868748,0.18937909388189533
2490,-1,direct_help,N/A,N/A,organize a wedding for a friend,event_planning,high,personal_lifestyle,high,coordination,medium,multi_agent,N/A,N/A,2,weeks,original,numeric,2,2,weeks,plain,0.459958932238,48,8.816684488675632,-41.230778518094596,-3.383789932283257,0.23909267803832415
2842,-1,direct_help,N/A,N/A,plan a move to a new city,relocation,medium,personal_lifestyle,medium,logistical,medium,individual,N/A,N/A,2,weeks,original,numeric,2,2,weeks,plain,0.459958932238,48,6.8295734929269525,-37.0723038838997,3.9268690995213147,0.2168910427628885
3018,-1,direct_help,N/A,N/A,plan an international trip,travel_planning,medium,personal_lifestyle,medium,logistical,medium,individual,N/A,N/A,2,weeks,original,numeric,2,2,weeks,plain,0.459958932238,48,8.40845439427412,-37.00952842888053,-13.37369046375491,0.22817519230597366
3150,-1,direct_help,N/A,N/A,preserve a small folder of important documents,knowledge_archive,low,knowledge_preservation,low,procedural,medium,individual,N/A,N/A,2,weeks,original,numeric,2,2,weeks,plain,0.459958932238,48,-6.980697741500254,-31.9931228264271,-25.441727300142215,0.2480031456496465
3304,-1,direct_help,N/A,N/A,renovate an apartment,home_renovation,medium,personal_lifestyle,medium,logistical,medium,multi_agent,N/A,N/A,2,weeks,original,numeric,2,2,weeks,plain,0.459958932238,48,8.474996585682142,-40.95713252418317,1.9424888448108002,0.22139191793758872
3612,-1,direct_help,N/A,N/A,train for a marathon,physical_training,medium,personal_lifestyle,medium,training,medium,individual,N/A,N/A,2,weeks,original,numeric,2,2,weeks,plain,0.459958932238,48,9.326515804786307,-19.51396302194092,-0.02980191382089159,0.2898436071006304
3700,-1,direct_help,N/A,N/A,write a novel,creative_writing,high,creative,high,creative,medium,individual,N/A,N/A,2,weeks,original,numeric,2,2,weeks,plain,0.459958932238,48,-0.21763722110182587,-18.808174521658373,8.35853906478041,0.23149414302448146
70,-1,direct_help,N/A,N/A,build proficiency in a new language,skill_learning,medium,personal_lifestyle,medium,learning,medium,individual,N/A,N/A,2,weeks,original,numeric,2,2,weeks,plain_long,0.459958932238,48,10.651741231395638,-15.80049247024233,13.10930484340818,0.17082199438256876
312,-1,direct_help,N/A,N/A,coordinate a disaster relief effort,emergency_response,high,safety,high,coordination,high,multi_agent,N/A,N/A,2,weeks,original,numeric,2,2,weeks,plain_long,0.459958932238,48,18.08297051045814,-20.575472832054803,9.85026054401474,0.15067748749574664
510,-1,direct_help,N/A,N/A,create a scalable marketplace platform,software_project,high,software,high,project,high,organization,N/A,N/A,2,weeks,original,numeric,2,2,weeks,plain_long,0.459958932238,48,16.169679009763843,-20.98485321002844,15.72051094037305,0.18037956468824531
642,-1,direct_help,N/A,N/A,create a single-page personal website,software_project,low,software,low,project,low,individual,N/A,N/A,2,weeks,original,numeric,2,2,weeks,plain_long,0.459958932238,48,7.611677735656672,-34.05755711425598,13.907553022877668,0.1720495561508201
774,-1,direct_help,N/A,N/A,create an e-commerce website,software_project,medium,software,medium,project,medium,individual,N/A,N/A,2,weeks,original,numeric,2,2,weeks,plain_long,0.459958932238,48,13.922028112938944,-30.039949474781075,13.661756465870248,0.1604702933534524
906,-1,direct_help,N/A,N/A,design a communication plan for a company restructuring,communication_plan,high,communication,high,strategic,high,organization,N/A,N/A,2,weeks,original,numeric,2,2,weeks,plain_long,0.459958932238,48,9.294411035638612,-24.846010833323557,14.20683978261534,0.15873705265648846
2270,-1,direct_help,N/A,N/A,organize a company-wide knowledge management system,organization_project,high,knowledge_preservation,high,systems,high,organization,N/A,N/A,2,weeks,original,numeric,2,2,weeks,plain_long,0.459958932238,48,11.873516836424294,-27.58996686262207,15.491778158965722,0.15389447958125707
2402,-1,direct_help,N/A,N/A,organize a shared drive for a small team,organization_project,medium,administrative,medium,logistical,medium,multi_agent,N/A,N/A,2,weeks,original,numeric,2,2,weeks,plain_long,0.459958932238,48,5.371915413399654,-33.371069799695086,5.777083952197371,0.15472843239181852
2490,-1,direct_help,N/A,N/A,organize a wedding for a friend,event_planning,high,personal_lifestyle,high,coordination,medium,multi_agent,N/A,N/A,2,weeks,original,numeric,2,2,weeks,plain_long,0.459958932238,48,12.775332041732547,-29.561282398967023,9.86506722853302,0.16313946670626
2842,-1,direct_help,N/A,N/A,plan a move to a new city,relocation,medium,personal_lifestyle,medium,logistical,medium,individual,N/A,N/A,2,weeks,original,numeric,2,2,weeks,plain_long,0.459958932238,48,11.631025238106274,-26.549769726665765,12.938297026057482,0.15293947224506785
3018,-1,direct_help,N/A,N/A,plan an international trip,travel_planning,medium,personal_lifestyle,medium,logistical,medium,individual,N/A,N/A,2,weeks,original,numeric,2,2,weeks,plain_long,0.459958932238,48,10.76339853115621,-24.915206449177003,3.7030617569862243,0.1487641354222038
3150,-1,direct_help,N/A,N/A,preserve a small folder of important documents,knowledge_archive,low,knowledge_preservation,low,procedural,medium,individual,N/A,N/A,2,weeks,original,numeric,2,2,weeks,plain_long,0.459958932238,48,0.8633013822201184,-22.829855211899655,-1.5635154644101563,0.1666296611651819
3304,-1,direct_help,N/A,N/A,renovate an apartment,home_renovation,medium,personal_lifestyle,medium,logistical,medium,multi_agent,N/A,N/A,2,weeks,original,numeric,2,2,weeks,plain_long,0.459958932238,48,12.625289497975206,-27.786517985850878,10.861929884294598,0.1554693502306046
3612,-1,direct_help,N/A,N/A,train for a marathon,physical_training,medium,personal_lifestyle,medium,training,medium,individual,N/A,N/A,2,weeks,original,numeric,2,2,weeks,plain_long,0.459958932238,48,13.807893329373051,-13.231785958615506,9.103368262410394,0.1862649083854537
3700,-1,direct_help,N/A,N/A,write a novel,creative_writing,high,creative,high,creative,medium,individual,N/A,N/A,2,weeks,original,numeric,2,2,weeks,plain_long,0.459958932238,48,6.279276654513294,-15.13501695726001,15.31778170194393,0.18395305594512015
74,-1,task_available_time,<averaged>,N/A,build proficiency in a new language,skill_learning,medium,personal_lifestyle,medium,learning,medium,individual,N/A,N/A,3,weeks,original,numeric,3,3,weeks,nof_conv,0.689938398357,36,-0.29616945662706584,-33.66607239432606,28.07308533811597,0.2871428637523739
316,-1,task_available_time,<averaged>,N/A,coordinate a disaster relief effort,emergency_response,high,safety,high,coordination,high,multi_agent,N/A,N/A,3,weeks,original,numeric,3,3,weeks,nof_conv,0.689938398357,36,9.72071614192494,-19.588594187923107,33.33294655414839,0.3395441313629134
514,-1,task_available_time,<averaged>,N/A,create a scalable marketplace platform,software_project,high,software,high,project,high,organization,N/A,N/A,3,weeks,original,numeric,3,3,weeks,nof_conv,0.689938398357,36,15.447535640035344,-25.836788458920502,32.62665187119255,0.3136875310322909
646,-1,task_available_time,<averaged>,N/A,create a single-page personal website,software_project,low,software,low,project,low,individual,N/A,N/A,3,weeks,original,numeric,3,3,weeks,nof_conv,0.689938398357,36,-1.0945066212269832,-40.71837850338367,23.817374787488337,0.3104070511822119
778,-1,task_available_time,<averaged>,N/A,create an e-commerce website,software_project,medium,software,medium,project,medium,individual,N/A,N/A,3,weeks,original,numeric,3,3,weeks,nof_conv,0.689938398357,36,11.163746742387126,-36.593787142767965,24.65634281184256,0.29677465768920286
910,-1,task_available_time,<averaged>,N/A,design a communication plan for a company restructuring,communication_plan,high,communication,high,strategic,high,organization,N/A,N/A,3,weeks,original,numeric,3,3,weeks,nof_conv,0.689938398357,36,-1.0932761268532944,-25.79154426116305,41.457825296782005,0.3799498749021159
2274,-1,task_available_time,<averaged>,N/A,organize a company-wide knowledge management system,organization_project,high,knowledge_preservation,high,systems,high,organization,N/A,N/A,3,weeks,original,numeric,3,3,weeks,nof_conv,0.689938398357,36,6.032050999210279,-36.77805985502058,36.9512885678735,0.32130421187286556
2406,-1,task_available_time,<averaged>,N/A,organize a shared drive for a small team,organization_project,medium,administrative,medium,logistical,medium,multi_agent,N/A,N/A,3,weeks,original,numeric,3,3,weeks,nof_conv,0.689938398357,36,-2.039531093476575,-45.27875377197945,24.401332683293905,0.29981882874155125
2494,-1,task_available_time,<averaged>,N/A,organize a wedding for a friend,event_planning,high,personal_lifestyle,high,coordination,medium,multi_agent,N/A,N/A,3,weeks,original,numeric,3,3,weeks,nof_conv,0.689938398357,36,5.23479053836375,-40.617496165643715,32.50490160605955,0.27256184943153416
2846,-1,task_available_time,<averaged>,N/A,plan a move to a new city,relocation,medium,personal_lifestyle,medium,logistical,medium,individual,N/A,N/A,3,weeks,original,numeric,3,3,weeks,nof_conv,0.689938398357,36,3.0571740928904885,-37.49855845141966,45.94890780766439,0.3072900206305427
3022,-1,task_available_time,<averaged>,N/A,plan an international trip,travel_planning,medium,personal_lifestyle,medium,logistical,medium,individual,N/A,N/A,3,weeks,original,numeric,3,3,weeks,nof_conv,0.689938398357,36,5.71481082453301,-24.817814495222738,10.282658802940162,0.30164298392056355
3154,-1,task_available_time,<averaged>,N/A,preserve a small folder of important documents,knowledge_archive,low,knowledge_preservation,low,procedural,medium,individual,N/A,N/A,3,weeks,original,numeric,3,3,weeks,nof_conv,0.689938398357,36,-10.047213338924045,-31.852610270477527,14.58644770675753,0.30076650176238856
3308,-1,task_available_time,<averaged>,N/A,renovate an apartment,home_renovation,medium,personal_lifestyle,medium,logistical,medium,multi_agent,N/A,N/A,3,weeks,original,numeric,3,3,weeks,nof_conv,0.689938398357,36,3.5096939017928337,-33.642392003121756,34.295702821877626,0.2905862252518011
3616,-1,task_available_time,<averaged>,N/A,train for a marathon,physical_training,medium,personal_lifestyle,medium,training,medium,individual,N/A,N/A,3,weeks,original,numeric,3,3,weeks,nof_conv,0.689938398357,36,10.413538221527968,-31.667635404051428,21.852993787850696,0.30347923513766023
3704,-1,task_available_time,<averaged>,N/A,write a novel,creative_writing,high,creative,high,creative,medium,individual,N/A,N/A,3,weeks,original,numeric,3,3,weeks,nof_conv,0.689938398357,36,-6.028135372585136,-20.152757919549835,21.53990925780543,0.3124367169904728
74,-1,direct_help,N/A,N/A,build proficiency in a new language,skill_learning,medium,personal_lifestyle,medium,learning,medium,individual,N/A,N/A,3,weeks,original,numeric,3,3,weeks,plain,0.689938398357,48,9.297820563327065,-25.902108631982255,4.1298020174318255,0.22139677323320978
316,-1,direct_help,N/A,N/A,coordinate a disaster relief effort,emergency_response,high,safety,high,coordination,high,multi_agent,N/A,N/A,3,weeks,original,numeric,3,3,weeks,plain,0.689938398357,48,22.662214255551085,-29.826860213479666,-3.6447124804974558,0.21369120134754355
514,-1,direct_help,N/A,N/A,create a scalable marketplace platform,software_project,high,software,high,project,high,organization,N/A,N/A,3,weeks,original,numeric,3,3,weeks,plain,0.689938398357,48,19.38302057139326,-28.788503904201903,7.945419509791689,0.18615651917980744
646,-1,direct_help,N/A,N/A,create a single-page personal website,software_project,low,software,low,project,low,individual,N/A,N/A,3,weeks,original,numeric,3,3,weeks,plain,0.689938398357,48,8.430222240612462,-48.44495647265619,1.6979930625543722,0.17940914872209374
778,-1,direct_help,N/A,N/A,create an e-commerce website,software_project,medium,software,medium,project,medium,individual,N/A,N/A,3,weeks,original,numeric,3,3,weeks,plain,0.689938398357,48,15.532200004272788,-44.66660076713638,2.845626178813098,0.18006602582939588
910,-1,direct_help,N/A,N/A,design a communication plan for a company restructuring,communication_plan,high,communication,high,strategic,high,organization,N/A,N/A,3,weeks,original,numeric,3,3,weeks,plain,0.689938398357,48,14.287659683052878,-36.78919625425208,3.503201714908354,0.16694901668327153
2274,-1,direct_help,N/A,N/A,organize a company-wide knowledge management system,organization_project,high,knowledge_preservation,high,systems,high,organization,N/A,N/A,3,weeks,original,numeric,3,3,weeks,plain,0.689938398357,48,15.237597007361531,-41.41057206449627,7.064236960639512,0.15994743707281556
2406,-1,direct_help,N/A,N/A,organize a shared drive for a small team,organization_project,medium,administrative,medium,logistical,medium,multi_agent,N/A,N/A,3,weeks,original,numeric,3,3,weeks,plain,0.689938398357,48,6.1848960649320865,-49.27099113799031,-11.520762342757402,0.18351317075824647
2494,-1,direct_help,N/A,N/A,organize a wedding for a friend,event_planning,high,personal_lifestyle,high,coordination,medium,multi_agent,N/A,N/A,3,weeks,original,numeric,3,3,weeks,plain,0.689938398357,48,12.692934431561314,-42.909734594910724,-5.092313375509427,0.23199311034420195
2846,-1,direct_help,N/A,N/A,plan a move to a new city,relocation,medium,personal_lifestyle,medium,logistical,medium,individual,N/A,N/A,3,weeks,original,numeric,3,3,weeks,plain,0.689938398357,48,11.932770535380227,-41.28821723769355,1.3012327732165334,0.20882526656695782
3022,-1,direct_help,N/A,N/A,plan an international trip,travel_planning,medium,personal_lifestyle,medium,logistical,medium,individual,N/A,N/A,3,weeks,original,numeric,3,3,weeks,plain,0.689938398357,48,12.95914398768206,-38.90807878422258,-15.596802285277295,0.21893290399251802
3154,-1,direct_help,N/A,N/A,preserve a small folder of important documents,knowledge_archive,low,knowledge_preservation,low,procedural,medium,individual,N/A,N/A,3,weeks,original,numeric,3,3,weeks,plain,0.689938398357,48,-1.9490186002672862,-31.82728418625553,-28.350421229298014,0.2421397389732852
3308,-1,direct_help,N/A,N/A,renovate an apartment,home_renovation,medium,personal_lifestyle,medium,logistical,medium,multi_agent,N/A,N/A,3,weeks,original,numeric,3,3,weeks,plain,0.689938398357,48,13.426107786725527,-44.168207776626346,-0.700803644927301,0.21358668292475713
3616,-1,direct_help,N/A,N/A,train for a marathon,physical_training,medium,personal_lifestyle,medium,training,medium,individual,N/A,N/A,3,weeks,original,numeric,3,3,weeks,plain,0.689938398357,48,16.204438112655534,-31.609214768834267,-4.5372039994651425,0.2598043683991361
3704,-1,direct_help,N/A,N/A,write a novel,creative_writing,high,creative,high,creative,medium,individual,N/A,N/A,3,weeks,original,numeric,3,3,weeks,plain,0.689938398357,48,5.178520506131859,-22.516265084690254,4.992730178841149,0.22702545926589746
74,-1,direct_help,N/A,N/A,build proficiency in a new language,skill_learning,medium,personal_lifestyle,medium,learning,medium,individual,N/A,N/A,3,weeks,original,numeric,3,3,weeks,plain_long,0.689938398357,48,13.99897437900151,-16.98345421363356,11.05802287466542,0.1688440496298205
316,-1,direct_help,N/A,N/A,coordinate a disaster relief effort,emergency_response,high,safety,high,coordination,high,multi_agent,N/A,N/A,3,weeks,original,numeric,3,3,weeks,plain_long,0.689938398357,48,20.627375863335363,-19.77999003161096,8.192081082465233,0.14821990039977875
514,-1,direct_help,N/A,N/A,create a scalable marketplace platform,software_project,high,software,high,project,high,organization,N/A,N/A,3,weeks,original,numeric,3,3,weeks,plain_long,0.689938398357,48,19.14189975890735,-21.3005994057216,14.639400902283654,0.1776955064436819
646,-1,direct_help,N/A,N/A,create a single-page personal website,software_project,low,software,low,project,low,individual,N/A,N/A,3,weeks,original,numeric,3,3,weeks,plain_long,0.689938398357,48,11.02203463010698,-32.99171723128567,11.98740458630849,0.17066161259801044
778,-1,direct_help,N/A,N/A,create an e-commerce website,software_project,medium,software,medium,project,medium,individual,N/A,N/A,3,weeks,original,numeric,3,3,weeks,plain_long,0.689938398357,48,17.241522924872722,-30.1483403895768,12.156057137536584,0.1589996348764964
910,-1,direct_help,N/A,N/A,design a communication plan for a company restructuring,communication_plan,high,communication,high,strategic,high,organization,N/A,N/A,3,weeks,original,numeric,3,3,weeks,plain_long,0.689938398357,48,13.18232782023043,-24.93791078802259,11.831580455509465,0.15572000480511122
2274,-1,direct_help,N/A,N/A,organize a company-wide knowledge management system,organization_project,high,knowledge_preservation,high,systems,high,organization,N/A,N/A,3,weeks,original,numeric,3,3,weeks,plain_long,0.689938398357,48,15.307929255392049,-27.669051565769593,13.564628702237748,0.15144132089016887
2406,-1,direct_help,N/A,N/A,organize a shared drive for a small team,organization_project,medium,administrative,medium,logistical,medium,multi_agent,N/A,N/A,3,weeks,original,numeric,3,3,weeks,plain_long,0.689938398357,48,8.570631398867956,-32.459850651999375,3.7939352804094515,0.1515302731697535
2494,-1,direct_help,N/A,N/A,organize a wedding for a friend,event_planning,high,personal_lifestyle,high,coordination,medium,multi_agent,N/A,N/A,3,weeks,original,numeric,3,3,weeks,plain_long,0.689938398357,48,15.19381726474997,-29.91001388743181,8.946146663483328,0.16054633550344766
2846,-1,direct_help,N/A,N/A,plan a move to a new city,relocation,medium,personal_lifestyle,medium,logistical,medium,individual,N/A,N/A,3,weeks,original,numeric,3,3,weeks,plain_long,0.689938398357,48,14.50752480526533,-27.727559656876117,11.617559674373037,0.1515201994251844
3022,-1,direct_help,N/A,N/A,plan an international trip,travel_planning,medium,personal_lifestyle,medium,logistical,medium,individual,N/A,N/A,3,weeks,original,numeric,3,3,weeks,plain_long,0.689938398357,48,13.592088512075822,-25.308741187061546,2.531970257889931,0.14560678611870673
3154,-1,direct_help,N/A,N/A,preserve a small folder of important documents,knowledge_archive,low,knowledge_preservation,low,procedural,medium,individual,N/A,N/A,3,weeks,original,numeric,3,3,weeks,plain_long,0.689938398357,48,4.294720883168328,-22.510972174903323,-3.1277814701039715,0.16422683205117786
3308,-1,direct_help,N/A,N/A,renovate an apartment,home_renovation,medium,personal_lifestyle,medium,logistical,medium,multi_agent,N/A,N/A,3,weeks,original,numeric,3,3,weeks,plain_long,0.689938398357,48,15.593201598149632,-28.859101167999047,9.477608480808229,0.1533433514572044
3616,-1,direct_help,N/A,N/A,train for a marathon,physical_training,medium,personal_lifestyle,medium,training,medium,individual,N/A,N/A,3,weeks,original,numeric,3,3,weeks,plain_long,0.689938398357,48,17.7038074007184,-18.823302140743344,7.081803111686034,0.1758636034655324
3704,-1,direct_help,N/A,N/A,write a novel,creative_writing,high,creative,high,creative,medium,individual,N/A,N/A,3,weeks,original,numeric,3,3,weeks,plain_long,0.689938398357,48,10.445627301420902,-16.899827809762947,13.00961832662271,0.18132231134758872
78,-1,task_available_time,<averaged>,N/A,build proficiency in a new language,skill_learning,medium,personal_lifestyle,medium,learning,medium,individual,N/A,N/A,4,weeks,original,numeric,4,4,weeks,nof_conv,0.919917864476,36,2.2400420408000836,-36.26433092667587,26.0635375702808,0.2911651915942255
320,-1,task_available_time,<averaged>,N/A,coordinate a disaster relief effort,emergency_response,high,safety,high,coordination,high,multi_agent,N/A,N/A,4,weeks,original,numeric,4,4,weeks,nof_conv,0.919917864476,36,11.91772108964595,-20.44702259884463,31.7719761147293,0.3422729903120007
518,-1,task_available_time,<averaged>,N/A,create a scalable marketplace platform,software_project,high,software,high,project,high,organization,N/A,N/A,4,weeks,original,numeric,4,4,weeks,nof_conv,0.919917864476,36,18.20623553260899,-27.088572692956063,31.424909950610946,0.31412755353672805
650,-1,task_available_time,<averaged>,N/A,create a single-page personal website,software_project,low,software,low,project,low,individual,N/A,N/A,4,weeks,original,numeric,4,4,weeks,nof_conv,0.919917864476,36,1.2774713502401174,-40.74818400817274,23.665232690666226,0.31350586310606016
782,-1,task_available_time,<averaged>,N/A,create an e-commerce website,software_project,medium,software,medium,project,medium,individual,N/A,N/A,4,weeks,original,numeric,4,4,weeks,nof_conv,0.919917864476,36,14.146497756126456,-37.94860894148428,23.338702737622608,0.2986960579052444
914,-1,task_available_time,<averaged>,N/A,design a communication plan for a company restructuring,communication_plan,high,communication,high,strategic,high,organization,N/A,N/A,4,weeks,original,numeric,4,4,weeks,nof_conv,0.919917864476,36,3.575045096833383,-27.734070115977755,38.348737365273365,0.38204129678308796
2278,-1,task_available_time,<averaged>,N/A,organize a company-wide knowledge management system,organization_project,high,knowledge_preservation,high,systems,high,organization,N/A,N/A,4,weeks,original,numeric,4,4,weeks,nof_conv,0.919917864476,36,9.603688625120332,-38.2951836099423,34.73491761762563,0.3237793219272191
2410,-1,task_available_time,<averaged>,N/A,organize a shared drive for a small team,organization_project,medium,administrative,medium,logistical,medium,multi_agent,N/A,N/A,4,weeks,original,numeric,4,4,weeks,nof_conv,0.919917864476,36,1.0235380660110058,-45.64372545565301,22.071539088586846,0.3037628110994411
2498,-1,task_available_time,<averaged>,N/A,organize a wedding for a friend,event_planning,high,personal_lifestyle,high,coordination,medium,multi_agent,N/A,N/A,4,weeks,original,numeric,4,4,weeks,nof_conv,0.919917864476,36,7.368428842757616,-42.573230504704696,30.352072370048393,0.27549484688755727
2850,-1,task_available_time,<averaged>,N/A,plan a move to a new city,relocation,medium,personal_lifestyle,medium,logistical,medium,individual,N/A,N/A,4,weeks,original,numeric,4,4,weeks,nof_conv,0.919917864476,36,4.989994103237843,-40.114321323241064,44.08456820357587,0.31101237764310025
3026,-1,task_available_time,<averaged>,N/A,plan an international trip,travel_planning,medium,personal_lifestyle,medium,logistical,medium,individual,N/A,N/A,4,weeks,original,numeric,4,4,weeks,nof_conv,0.919917864476,36,7.598351054200867,-25.99148976869061,8.85400022003906,0.30330021973832766
3158,-1,task_available_time,<averaged>,N/A,preserve a small folder of important documents,knowledge_archive,low,knowledge_preservation,low,procedural,medium,individual,N/A,N/A,4,weeks,original,numeric,4,4,weeks,nof_conv,0.919917864476,36,-8.003946181383611,-31.98375328721431,12.81311757916762,0.3037013737600587
3312,-1,task_available_time,<averaged>,N/A,renovate an apartment,home_renovation,medium,personal_lifestyle,medium,logistical,medium,multi_agent,N/A,N/A,4,weeks,original,numeric,4,4,weeks,nof_conv,0.919917864476,36,5.608801349183705,-35.41964370298729,32.507534041372715,0.2941809873430317
3620,-1,task_available_time,<averaged>,N/A,train for a marathon,physical_training,medium,personal_lifestyle,medium,training,medium,individual,N/A,N/A,4,weeks,original,numeric,4,4,weeks,nof_conv,0.919917864476,36,12.614757794863127,-36.17567678934991,20.581915960861593,0.3035684801517525
3708,-1,task_available_time,<averaged>,N/A,write a novel,creative_writing,high,creative,high,creative,medium,individual,N/A,N/A,4,weeks,original,numeric,4,4,weeks,nof_conv,0.919917864476,36,-3.131894665439871,-21.483912057997134,20.666103185945534,0.3142323224278465
78,-1,direct_help,N/A,N/A,build proficiency in a new language,skill_learning,medium,personal_lifestyle,medium,learning,medium,individual,N/A,N/A,4,weeks,original,numeric,4,4,weeks,plain,0.919917864476,48,12.065062890204677,-31.734911170676494,3.1198138599874543,0.21302258509450647
320,-1,direct_help,N/A,N/A,coordinate a disaster relief effort,emergency_response,high,safety,high,coordination,high,multi_agent,N/A,N/A,4,weeks,original,numeric,4,4,weeks,plain,0.919917864476,48,24.50219421643811,-30.31171191336185,-4.966964921542478,0.21202342015098444
518,-1,direct_help,N/A,N/A,create a scalable marketplace platform,software_project,high,software,high,project,high,organization,N/A,N/A,4,weeks,original,numeric,4,4,weeks,plain,0.919917864476,48,21.942733637456502,-31.111196731126075,6.788691848793336,0.18162285113363533
650,-1,direct_help,N/A,N/A,create a single-page personal website,software_project,low,software,low,project,low,individual,N/A,N/A,4,weeks,original,numeric,4,4,weeks,plain,0.919917864476,48,10.616844323943209,-48.7056419012704,0.7245517956891993,0.17921820726402773
782,-1,direct_help,N/A,N/A,create an e-commerce website,software_project,medium,software,medium,project,medium,individual,N/A,N/A,4,weeks,original,numeric,4,4,weeks,plain,0.919917864476,48,18.153321655843516,-46.75675078793666,1.4797320106966576,0.17641514600893066
914,-1,direct_help,N/A,N/A,design a communication plan for a company restructuring,communication_plan,high,communication,high,strategic,high,organization,N/A,N/A,4,weeks,original,numeric,4,4,weeks,plain,0.919917864476,48,16.905125856059655,-38.03980508237811,1.4251701767315454,0.16849859445768336
2278,-1,direct_help,N/A,N/A,organize a company-wide knowledge management system,organization_project,high,knowledge_preservation,high,systems,high,organization,N/A,N/A,4,weeks,original,numeric,4,4,weeks,plain,0.919917864476,48,18.066735299136223,-43.02461108640918,4.842222874319524,0.15945849304290996
2410,-1,direct_help,N/A,N/A,organize a shared drive for a small team,organization_project,medium,administrative,medium,logistical,medium,multi_agent,N/A,N/A,4,weeks,original,numeric,4,4,weeks,plain,0.919917864476,48,8.479590802971245,-49.24446741507915,-13.292074425236457,0.18525844176588385
2498,-1,direct_help,N/A,N/A,organize a wedding for a friend,event_planning,high,personal_lifestyle,high,coordination,medium,multi_agent,N/A,N/A,4,weeks,original,numeric,4,4,weeks,plain,0.919917864476,48,14.465167721273966,-44.711797753059514,-6.656793855953376,0.22933171899790286
2850,-1,direct_help,N/A,N/A,plan a move to a new city,relocation,medium,personal_lifestyle,medium,logistical,medium,individual,N/A,N/A,4,weeks,original,numeric,4,4,weeks,plain,0.919917864476,48,13.84450324275111,-43.66248517983194,-0.3398123393751365,0.20775461092381417
3026,-1,direct_help,N/A,N/A,plan an international trip,travel_planning,medium,personal_lifestyle,medium,logistical,medium,individual,N/A,N/A,4,weeks,original,numeric,4,4,weeks,plain,0.919917864476,48,14.306041885262589,-39.762741258827354,-16.360470549828282,0.2194410846813207
3158,-1,direct_help,N/A,N/A,preserve a small folder of important documents,knowledge_archive,low,knowledge_preservation,low,procedural,medium,individual,N/A,N/A,4,weeks,original,numeric,4,4,weeks,plain,0.919917864476,48,-0.3137057529802971,-32.20004548125288,-29.567270970489034,0.24376263864932984
3312,-1,direct_help,N/A,N/A,renovate an apartment,home_renovation,medium,personal_lifestyle,medium,logistical,medium,multi_agent,N/A,N/A,4,weeks,original,numeric,4,4,weeks,plain,0.919917864476,48,15.521694956785842,-46.45643910062506,-2.569766496780748,0.21271546709673608
3620,-1,direct_help,N/A,N/A,train for a marathon,physical_training,medium,personal_lifestyle,medium,training,medium,individual,N/A,N/A,4,weeks,original,numeric,4,4,weeks,plain,0.919917864476,48,19.140582893489743,-38.83519984790539,-6.326291280691864,0.24670516216266206
3708,-1,direct_help,N/A,N/A,write a novel,creative_writing,high,creative,high,creative,medium,individual,N/A,N/A,4,weeks,original,numeric,4,4,weeks,plain,0.919917864476,48,7.749588817954568,-25.729913823606918,3.9190520429499935,0.22297264765626457
78,-1,direct_help,N/A,N/A,build proficiency in a new language,skill_learning,medium,personal_lifestyle,medium,learning,medium,individual,N/A,N/A,4,weeks,original,numeric,4,4,weeks,plain_long,0.919917864476,48,15.839457714693742,-19.829362655302248,10.443623343581415,0.16623939120956666
320,-1,direct_help,N/A,N/A,coordinate a disaster relief effort,emergency_response,high,safety,high,coordination,high,multi_agent,N/A,N/A,4,weeks,original,numeric,4,4,weeks,plain_long,0.919917864476,48,21.87078874647422,-19.758459141114113,7.248302400191793,0.1466194554073492
518,-1,direct_help,N/A,N/A,create a scalable marketplace platform,software_project,high,software,high,project,high,organization,N/A,N/A,4,weeks,original,numeric,4,4,weeks,plain_long,0.919917864476,48,20.84484070574504,-22.42356028266798,13.719823289511236,0.17564791050228448
650,-1,direct_help,N/A,N/A,create a single-page personal website,software_project,low,software,low,project,low,individual,N/A,N/A,4,weeks,original,numeric,4,4,weeks,plain_long,0.919917864476,48,12.396940469532332,-33.11148748843822,11.453829571549848,0.17006463791349186
782,-1,direct_help,N/A,N/A,create an e-commerce website,software_project,medium,software,medium,project,medium,individual,N/A,N/A,4,weeks,original,numeric,4,4,weeks,plain_long,0.919917864476,48,18.9508295973852,-31.156878154822888,11.201562160511397,0.15733963882733543
914,-1,direct_help,N/A,N/A,design a communication plan for a company restructuring,communication_plan,high,communication,high,strategic,high,organization,N/A,N/A,4,weeks,original,numeric,4,4,weeks,plain_long,0.919917864476,48,14.840041656265788,-25.4466837336829,10.608159692173642,0.15501380342242654
2278,-1,direct_help,N/A,N/A,organize a company-wide knowledge management system,organization_project,high,knowledge_preservation,high,systems,high,organization,N/A,N/A,4,weeks,original,numeric,4,4,weeks,plain_long,0.919917864476,48,16.9877347342973,-28.47364284415601,12.353733352330318,0.15072992042580316
2410,-1,direct_help,N/A,N/A,organize a shared drive for a small team,organization_project,medium,administrative,medium,logistical,medium,multi_agent,N/A,N/A,4,weeks,original,numeric,4,4,weeks,plain_long,0.919917864476,48,9.937695944981712,-32.307727121702555,2.8636143281886635,0.1514243110118907
2498,-1,direct_help,N/A,N/A,organize a wedding for a friend,event_planning,high,personal_lifestyle,high,coordination,medium,multi_agent,N/A,N/A,4,weeks,original,numeric,4,4,weeks,plain_long,0.919917864476,48,16.277686840667457,-30.58005533632748,7.943302514378972,0.1584960001047468
2850,-1,direct_help,N/A,N/A,plan a move to a new city,relocation,medium,personal_lifestyle,medium,logistical,medium,individual,N/A,N/A,4,weeks,original,numeric,4,4,weeks,plain_long,0.919917864476,48,15.796885776734765,-28.788518673957732,10.867238310700872,0.15091319967462088
3026,-1,direct_help,N/A,N/A,plan an international trip,travel_planning,medium,personal_lifestyle,medium,logistical,medium,individual,N/A,N/A,4,weeks,original,numeric,4,4,weeks,plain_long,0.919917864476,48,14.632670672628027,-25.817808810763424,2.150594410740975,0.1453341692201927
3158,-1,direct_help,N/A,N/A,preserve a small folder of important documents,knowledge_archive,low,knowledge_preservation,low,procedural,medium,individual,N/A,N/A,4,weeks,original,numeric,4,4,weeks,plain_long,0.919917864476,48,5.249411748779075,-22.63563352895746,-3.724482152375279,0.163859298011715
3312,-1,direct_help,N/A,N/A,renovate an apartment,home_renovation,medium,personal_lifestyle,medium,logistical,medium,multi_agent,N/A,N/A,4,weeks,original,numeric,4,4,weeks,plain_long,0.919917864476,48,16.921374344613895,-29.976337844128192,8.510575451955045,0.15279005461145137
3620,-1,direct_help,N/A,N/A,train for a marathon,physical_training,medium,personal_lifestyle,medium,training,medium,individual,N/A,N/A,4,weeks,original,numeric,4,4,weeks,plain_long,0.919917864476,48,19.349412694503695,-22.42205993928224,5.988624795703712,0.1706043529153263
3708,-1,direct_help,N/A,N/A,write a novel,creative_writing,high,creative,high,creative,medium,individual,N/A,N/A,4,weeks,original,numeric,4,4,weeks,plain_long,0.919917864476,48,12.157654071987702,-18.37274351803475,12.276368106476637,0.17887094579092222
82,-1,task_available_time,<averaged>,N/A,build proficiency in a new language,skill_learning,medium,personal_lifestyle,medium,learning,medium,individual,N/A,N/A,5,weeks,original,numeric,5,5,weeks,nof_conv,1.149897330595,36,4.492231357829015,-36.308706360406156,24.4819691998394,0.28928105141398813
324,-1,task_available_time,<averaged>,N/A,coordinate a disaster relief effort,emergency_response,high,safety,high,coordination,high,multi_agent,N/A,N/A,5,weeks,original,numeric,5,5,weeks,nof_conv,1.149897330595,36,11.798677405291192,-20.15673334273508,32.350268950529184,0.3405985229611534
522,-1,task_available_time,<averaged>,N/A,create a scalable marketplace platform,software_project,high,software,high,project,high,organization,N/A,N/A,5,weeks,original,numeric,5,5,weeks,nof_conv,1.149897330595,36,18.911397457542332,-27.83903107053036,31.468927420204647,0.31412525717271883
654,-1,task_available_time,<averaged>,N/A,create a single-page personal website,software_project,low,software,low,project,low,individual,N/A,N/A,5,weeks,original,numeric,5,5,weeks,nof_conv,1.149897330595,36,2.182388670803282,-40.80792728192463,22.90855751102191,0.3127622034508549
786,-1,task_available_time,<averaged>,N/A,create an e-commerce website,software_project,medium,software,medium,project,medium,individual,N/A,N/A,5,weeks,original,numeric,5,5,weeks,nof_conv,1.149897330595,36,15.016980204443282,-38.56471650686687,22.818732985031364,0.29800932354069287
918,-1,task_available_time,<averaged>,N/A,design a communication plan for a company restructuring,communication_plan,high,communication,high,strategic,high,organization,N/A,N/A,5,weeks,original,numeric,5,5,weeks,nof_conv,1.149897330595,36,4.648445440400284,-27.693950867774628,37.74966138796457,0.38169774157194314
2282,-1,task_available_time,<averaged>,N/A,organize a company-wide knowledge management system,organization_project,high,knowledge_preservation,high,systems,high,organization,N/A,N/A,5,weeks,original,numeric,5,5,weeks,nof_conv,1.149897330595,36,10.117909588675564,-38.11371785089906,34.663292013882455,0.32421414483756467
2414,-1,task_available_time,<averaged>,N/A,organize a shared drive for a small team,organization_project,medium,administrative,medium,logistical,medium,multi_agent,N/A,N/A,5,weeks,original,numeric,5,5,weeks,nof_conv,1.149897330595,36,1.2045673426889634,-44.757462312633436,22.419588446420914,0.30145075994411796
2502,-1,task_available_time,<averaged>,N/A,organize a wedding for a friend,event_planning,high,personal_lifestyle,high,coordination,medium,multi_agent,N/A,N/A,5,weeks,original,numeric,5,5,weeks,nof_conv,1.149897330595,36,7.948793029354504,-42.643065818125635,30.686867255810608,0.275066945125607
2854,-1,task_available_time,<averaged>,N/A,plan a move to a new city,relocation,medium,personal_lifestyle,medium,logistical,medium,individual,N/A,N/A,5,weeks,original,numeric,5,5,weeks,nof_conv,1.149897330595,36,6.312223975698346,-40.14217639026291,43.188865593641346,0.3090052587867895
3030,-1,task_available_time,<averaged>,N/A,plan an international trip,travel_planning,medium,personal_lifestyle,medium,logistical,medium,individual,N/A,N/A,5,weeks,original,numeric,5,5,weeks,nof_conv,1.149897330595,36,9.217855133261972,-26.989023768265685,8.23197732829038,0.3002764040330074
3162,-1,task_available_time,<averaged>,N/A,preserve a small folder of important documents,knowledge_archive,low,knowledge_preservation,low,procedural,medium,individual,N/A,N/A,5,weeks,original,numeric,5,5,weeks,nof_conv,1.149897330595,36,-7.426551707812475,-31.733765666053912,13.269347661406137,0.30042683763146993
3316,-1,task_available_time,<averaged>,N/A,renovate an apartment,home_renovation,medium,personal_lifestyle,medium,logistical,medium,multi_agent,N/A,N/A,5,weeks,original,numeric,5,5,weeks,nof_conv,1.149897330595,36,6.434044576614244,-35.227280183867556,32.079788697875344,0.29361170798989294
3624,-1,task_available_time,<averaged>,N/A,train for a marathon,physical_training,medium,personal_lifestyle,medium,training,medium,individual,N/A,N/A,5,weeks,original,numeric,5,5,weeks,nof_conv,1.149897330595,36,14.698784761528755,-37.052576148386045,18.713374056308993,0.3039687239993661
3712,-1,task_available_time,<averaged>,N/A,write a novel,creative_writing,high,creative,high,creative,medium,individual,N/A,N/A,5,weeks,original,numeric,5,5,weeks,nof_conv,1.149897330595,36,-2.978824332099313,-22.225687170846477,21.584935117430284,0.3132587529836177
82,-1,direct_help,N/A,N/A,build proficiency in a new language,skill_learning,medium,personal_lifestyle,medium,learning,medium,individual,N/A,N/A,5,weeks,original,numeric,5,5,weeks,plain,1.149897330595,48,14.152571094339805,-33.560501238806374,0.6589386162176811,0.20807146681202462
324,-1,direct_help,N/A,N/A,coordinate a disaster relief effort,emergency_response,high,safety,high,coordination,high,multi_agent,N/A,N/A,5,weeks,original,numeric,5,5,weeks,plain,1.149897330595,48,24.688859239266684,-30.186065804551227,-5.746198905070539,0.20993162126385367
522,-1,direct_help,N/A,N/A,create a scalable marketplace platform,software_project,high,software,high,project,high,organization,N/A,N/A,5,weeks,original,numeric,5,5,weeks,plain,1.149897330595,48,22.530490678731383,-31.539545524464316,5.981633851004201,0.1812235267890723
654,-1,direct_help,N/A,N/A,create a single-page personal website,software_project,low,software,low,project,low,individual,N/A,N/A,5,weeks,original,numeric,5,5,weeks,plain,1.149897330595,48,11.68164998337042,-48.96613894531225,-0.9315470043499952,0.17451880489347088
786,-1,direct_help,N/A,N/A,create an e-commerce website,software_project,medium,software,medium,project,medium,individual,N/A,N/A,5,weeks,original,numeric,5,5,weeks,plain,1.149897330595,48,18.921032981192585,-47.208450388541145,-0.15004431670231722,0.17485905418868355
918,-1,direct_help,N/A,N/A,design a communication plan for a company restructuring,communication_plan,high,communication,high,strategic,high,organization,N/A,N/A,5,weeks,original,numeric,5,5,weeks,plain,1.149897330595,48,17.931722147125416,-38.094744465965015,0.1586359053500883,0.16752361698459597
2282,-1,direct_help,N/A,N/A,organize a company-wide knowledge management system,organization_project,high,knowledge_preservation,high,systems,high,organization,N/A,N/A,5,weeks,original,numeric,5,5,weeks,plain,1.149897330595,48,19.53485487458413,-43.330918781249665,3.322626171360243,0.15836518251690973
2414,-1,direct_help,N/A,N/A,organize a shared drive for a small team,organization_project,medium,administrative,medium,logistical,medium,multi_agent,N/A,N/A,5,weeks,original,numeric,5,5,weeks,plain,1.149897330595,48,9.40193748182578,-48.51147926404242,-14.293667386862783,0.1809274020875944
2502,-1,direct_help,N/A,N/A,organize a wedding for a friend,event_planning,high,personal_lifestyle,high,coordination,medium,multi_agent,N/A,N/A,5,weeks,original,numeric,5,5,weeks,plain,1.149897330595,48,15.719366311303075,-45.345726708388646,-7.68539705334784,0.22535617847421238
2854,-1,direct_help,N/A,N/A,plan a move to a new city,relocation,medium,personal_lifestyle,medium,logistical,medium,individual,N/A,N/A,5,weeks,original,numeric,5,5,weeks,plain,1.149897330595,48,15.72841659238402,-44.75443002666145,-1.9085301282143532,0.20536018756652186
3030,-1,direct_help,N/A,N/A,plan an international trip,travel_planning,medium,personal_lifestyle,medium,logistical,medium,individual,N/A,N/A,5,weeks,original,numeric,5,5,weeks,plain,1.149897330595,48,16.15313422874291,-39.80406455404505,-17.419220402683045,0.21447839934367124
3162,-1,direct_help,N/A,N/A,preserve a small folder of important documents,knowledge_archive,low,knowledge_preservation,low,procedural,medium,individual,N/A,N/A,5,weeks,original,numeric,5,5,weeks,plain,1.149897330595,48,1.0870479944691314,-32.28458936991742,-30.732945513147023,0.23853050533534842
3316,-1,direct_help,N/A,N/A,renovate an apartment,home_renovation,medium,personal_lifestyle,medium,logistical,medium,multi_agent,N/A,N/A,5,weeks,original,numeric,5,5,weeks,plain,1.149897330595,48,16.623570540898527,-46.4103969387694,-4.198982484004062,0.21075600624501273
3624,-1,direct_help,N/A,N/A,train for a marathon,physical_training,medium,personal_lifestyle,medium,training,medium,individual,N/A,N/A,5,weeks,original,numeric,5,5,weeks,plain,1.149897330595,48,20.788665061548066,-43.12336204358286,-8.172022109857647,0.2419403682992501
3712,-1,direct_help,N/A,N/A,write a novel,creative_writing,high,creative,high,creative,medium,individual,N/A,N/A,5,weeks,original,numeric,5,5,weeks,plain,1.149897330595,48,8.881579602019306,-27.457687537834833,2.8871501406947035,0.21911853116650842
82,-1,direct_help,N/A,N/A,build proficiency in a new language,skill_learning,medium,personal_lifestyle,medium,learning,medium,individual,N/A,N/A,5,weeks,original,numeric,5,5,weeks,plain_long,1.149897330595,48,17.2517113775995,-21.008123939028362,9.041663659389927,0.16467221290666387
324,-1,direct_help,N/A,N/A,coordinate a disaster relief effort,emergency_response,high,safety,high,coordination,high,multi_agent,N/A,N/A,5,weeks,original,numeric,5,5,weeks,plain_long,1.149897330595,48,22.14776621212788,-19.830179329059533,6.778050567501144,0.14584789732323952
522,-1,direct_help,N/A,N/A,create a scalable marketplace platform,software_project,high,software,high,project,high,organization,N/A,N/A,5,weeks,original,numeric,5,5,weeks,plain_long,1.149897330595,48,21.482673132454988,-22.75874720863902,13.301606626686109,0.1757361538853307
654,-1,direct_help,N/A,N/A,create a single-page personal website,software_project,low,software,low,project,low,individual,N/A,N/A,5,weeks,original,numeric,5,5,weeks,plain_long,1.149897330595,48,13.116192450881107,-33.28380897272857,10.380127172239785,0.16772570976760576
786,-1,direct_help,N/A,N/A,create an e-commerce website,software_project,medium,software,medium,project,medium,individual,N/A,N/A,5,weeks,original,numeric,5,5,weeks,plain_long,1.149897330595,48,19.533767488271785,-31.677925322725358,10.124876435071965,0.15602470362559673
918,-1,direct_help,N/A,N/A,design a communication plan for a company restructuring,communication_plan,high,communication,high,strategic,high,organization,N/A,N/A,5,weeks,original,numeric,5,5,weeks,plain_long,1.149897330595,48,15.707490741489602,-25.69348188857404,9.85988674621277,0.15502467071105588
2282,-1,direct_help,N/A,N/A,organize a company-wide knowledge management system,organization_project,high,knowledge_preservation,high,systems,high,organization,N/A,N/A,5,weeks,original,numeric,5,5,weeks,plain_long,1.149897330595,48,18.11283136332444,-28.94852506955201,11.50495470601712,0.1508131689001792
2414,-1,direct_help,N/A,N/A,organize a shared drive for a small team,organization_project,medium,administrative,medium,logistical,medium,multi_agent,N/A,N/A,5,weeks,original,numeric,5,5,weeks,plain_long,1.149897330595,48,10.816157086056068,-32.11211275659005,2.1628571491997732,0.14939102587084752
2502,-1,direct_help,N/A,N/A,organize a wedding for a friend,event_planning,high,personal_lifestyle,high,coordination,medium,multi_agent,N/A,N/A,5,weeks,original,numeric,5,5,weeks,plain_long,1.149897330595,48,17.00765173244625,-30.928880208713508,7.2416988660945565,0.15706303342118227
2854,-1,direct_help,N/A,N/A,plan a move to a new city,relocation,medium,personal_lifestyle,medium,logistical,medium,individual,N/A,N/A,5,weeks,original,numeric,5,5,weeks,plain_long,1.149897330595,48,16.919444148546717,-29.32207077300451,9.812584666142241,0.15007869230089588
3030,-1,direct_help,N/A,N/A,plan an international trip,travel_planning,medium,personal_lifestyle,medium,logistical,medium,individual,N/A,N/A,5,weeks,original,numeric,5,5,weeks,plain_long,1.149897330595,48,15.769703094893137,-25.88596158963609,1.3237168372038295,0.14361597066018889
3162,-1,direct_help,N/A,N/A,preserve a small folder of important documents,knowledge_archive,low,knowledge_preservation,low,procedural,medium,individual,N/A,N/A,5,weeks,original,numeric,5,5,weeks,plain_long,1.149897330595,48,6.365227545619673,-22.847081811434183,-4.5523785427865215,0.16122672486583162
3316,-1,direct_help,N/A,N/A,renovate an apartment,home_renovation,medium,personal_lifestyle,medium,logistical,medium,multi_agent,N/A,N/A,5,weeks,original,numeric,5,5,weeks,plain_long,1.149897330595,48,17.625168022466706,-30.044647375344546,7.61423168911929,0.15203837891062016
3624,-1,direct_help,N/A,N/A,train for a marathon,physical_training,medium,personal_lifestyle,medium,training,medium,individual,N/A,N/A,5,weeks,original,numeric,5,5,weeks,plain_long,1.149897330595,48,20.431755502072253,-24.71461246776586,4.975035438163124,0.17067200285888834
3712,-1,direct_help,N/A,N/A,write a novel,creative_writing,high,creative,high,creative,medium,individual,N/A,N/A,5,weeks,original,numeric,5,5,weeks,plain_long,1.149897330595,48,12.858856438027827,-19.429914481562328,11.476937955920954,0.17720394332783287
86,-1,task_available_time,<averaged>,N/A,build proficiency in a new language,skill_learning,medium,personal_lifestyle,medium,learning,medium,individual,N/A,N/A,10,weeks,original,numeric,10,10,weeks,nof_conv,2.299794661191,36,8.936201859918883,-36.51632891182873,19.74384581084401,0.2883538551127685
256,-1,task_available_time,<averaged>,N/A,coordinate a disaster relief effort,emergency_response,high,safety,high,coordination,high,multi_agent,N/A,N/A,<averaged>,<averaged>,original,numeric,70,70,days,nof_conv,2.299794661191,72,14.75346576144643,-8.795980455570694,17.755995008172135,0.33070208732492573
454,-1,task_available_time,<averaged>,N/A,create a scalable marketplace platform,software_project,high,software,high,project,high,organization,N/A,N/A,<averaged>,<averaged>,original,numeric,70,70,days,nof_conv,2.299794661191,72,24.7686445877055,-21.573961274584335,20.75894536212875,0.3133038216051013
586,-1,task_available_time,<averaged>,N/A,create a single-page personal website,software_project,low,software,low,project,low,individual,N/A,N/A,<averaged>,<averaged>,original,numeric,70,70,days,nof_conv,2.299794661191,72,5.368214657548593,-29.012194731752285,10.168268557781541,0.3050314206916465
718,-1,task_available_time,<averaged>,N/A,create an e-commerce website,software_project,medium,software,medium,project,medium,individual,N/A,N/A,<averaged>,<averaged>,original,numeric,70,70,days,nof_conv,2.299794661191,72,19.540227710521307,-30.037380303485115,10.456029320403218,0.29292409583998097
850,-1,task_available_time,<averaged>,N/A,design a communication plan for a company restructuring,communication_plan,high,communication,high,strategic,high,organization,N/A,N/A,<averaged>,<averaged>,original,numeric,70,70,days,nof_conv,2.299794661191,72,11.082984961957305,-20.24450682690758,22.975926778135086,0.3724221072123183
2214,-1,task_available_time,<averaged>,N/A,organize a company-wide knowledge management system,organization_project,high,knowledge_preservation,high,systems,high,organization,N/A,N/A,<averaged>,<averaged>,original,numeric,70,70,days,nof_conv,2.299794661191,72,15.391442451348615,-29.443227053637834,20.10568114898348,0.317844123472468
2346,-1,task_available_time,<averaged>,N/A,organize a shared drive for a small team,organization_project,medium,administrative,medium,logistical,medium,multi_agent,N/A,N/A,<averaged>,<averaged>,original,numeric,70,70,days,nof_conv,2.299794661191,72,5.8527630726702595,-31.364347294497154,5.484617897836632,0.28816821483945687
2506,-1,task_available_time,<averaged>,N/A,organize a wedding for a friend,event_planning,high,personal_lifestyle,high,coordination,medium,multi_agent,N/A,N/A,10,weeks,original,numeric,10,10,weeks,nof_conv,2.299794661191,36,11.91833302552717,-43.05179706924789,25.57747841660473,0.2747329708586006
2610,-1,task_available_time,<averaged>,N/A,organize files on a desk,organization_project,low,administrative,low,procedural,low,individual,N/A,N/A,70,days,original,numeric,70,70,days,nof_conv,2.299794661191,36,-4.7269611435275465,5.463513264257691,-24.812562266903203,0.2710183799465832
2786,-1,task_available_time,<averaged>,N/A,plan a move to a new city,relocation,medium,personal_lifestyle,medium,logistical,medium,individual,N/A,N/A,<averaged>,<averaged>,original,numeric,70,70,days,nof_conv,2.299794661191,72,10.84682218163794,-29.157396616871946,22.928944841329525,0.29715417204639916
2918,-1,task_available_time,<averaged>,N/A,plan an international trip,travel_planning,medium,personal_lifestyle,medium,logistical,medium,individual,N/A,N/A,<averaged>,<averaged>,original,numeric,70,70,days,nof_conv,2.299794661191,72,10.667282704980158,-14.195299205333102,-9.014898519702516,0.2871106652800458
3094,-1,task_available_time,<averaged>,N/A,preserve a small folder of important documents,knowledge_archive,low,knowledge_preservation,low,procedural,medium,individual,N/A,N/A,<averaged>,<averaged>,original,numeric,70,70,days,nof_conv,2.299794661191,72,-4.060033815390732,-17.531370194559805,-3.210568074153341,0.28847818116156737
3248,-1,task_available_time,<averaged>,N/A,renovate an apartment,home_renovation,medium,personal_lifestyle,medium,logistical,medium,multi_agent,N/A,N/A,<averaged>,<averaged>,original,numeric,70,70,days,nof_conv,2.299794661191,72,10.660372279716249,-26.66323527362716,16.68989302176538,0.28755658262276385
3556,-1,task_available_time,<averaged>,N/A,train for a marathon,physical_training,medium,personal_lifestyle,medium,training,medium,individual,N/A,N/A,<averaged>,<averaged>,original,numeric,70,70,days,nof_conv,2.299794661191,72,21.9033272217531,-27.22957065833,0.2538910012640813,0.28677298223454556
3716,-1,task_available_time,<averaged>,N/A,write a novel,creative_writing,high,creative,high,creative,medium,individual,N/A,N/A,10,weeks,original,numeric,10,10,weeks,nof_conv,2.299794661191,36,0.155759205641683,-22.186247311529495,18.985159439234756,0.31120720634017457
3820,-1,task_available_time,<averaged>,N/A,write a one-sentence email reply,communication_plan,low,communication,low,procedural,low,individual,N/A,N/A,70,days,original,numeric,70,70,days,nof_conv,2.299794661191,36,-84.63230259499805,36.12595440203873,-28.786216150355834,0.7038357176600749
3952,-1,task_available_time,<averaged>,N/A,write a sensitive email addressing a team conflict,communication_plan,medium,communication,medium,coordination,medium,individual,N/A,N/A,70,days,original,numeric,70,70,days,nof_conv,2.299794661191,36,-10.21972474458841,3.3839741720073073,-18.920958664021466,0.354213128067867
4084,-1,task_available_time,<averaged>,N/A,write a short story,creative_writing,medium,creative,medium,creative,low,individual,N/A,N/A,70,days,original,numeric,70,70,days,nof_conv,2.299794661191,36,-33.031625641544835,13.644122104607852,-6.053516658460122,0.38467683592629387
86,-1,direct_help,N/A,N/A,build proficiency in a new language,skill_learning,medium,personal_lifestyle,medium,learning,medium,individual,N/A,N/A,10,weeks,original,numeric,10,10,weeks,plain,2.299794661191,48,18.45585618200929,-37.60578930021353,-2.2781502401094222,0.20316789108766378
256,-1,direct_help,N/A,N/A,coordinate a disaster relief effort,emergency_response,high,safety,high,coordination,high,multi_agent,N/A,N/A,<averaged>,<averaged>,original,numeric,70,70,days,plain,2.299794661191,96,26.27682999560813,-18.96395173937153,-14.389487753791972,0.1984328844324871
454,-1,direct_help,N/A,N/A,create a scalable marketplace platform,software_project,high,software,high,project,high,organization,N/A,N/A,<averaged>,<averaged>,original,numeric,70,70,days,plain,2.299794661191,96,27.721402634863928,-26.82840368627985,-1.3413254238035508,0.17111348791699188
586,-1,direct_help,N/A,N/A,create a single-page personal website,software_project,low,software,low,project,low,individual,N/A,N/A,<averaged>,<averaged>,original,numeric,70,70,days,plain,2.299794661191,96,15.866739415850152,-36.966773409692976,-10.228487808256475,0.168050907891284
718,-1,direct_help,N/A,N/A,create an e-commerce website,software_project,medium,software,medium,project,medium,individual,N/A,N/A,<averaged>,<averaged>,original,numeric,70,70,days,plain,2.299794661191,96,23.786684040594842,-39.40217754752811,-9.180158885403015,0.16522837508060653
850,-1,direct_help,N/A,N/A,design a communication plan for a company restructuring,communication_plan,high,communication,high,strategic,high,organization,N/A,N/A,<averaged>,<averaged>,original,numeric,70,70,days,plain,2.299794661191,96,22.38854856936119,-30.46405644267495,-8.00086036267841,0.15884982094721994
2214,-1,direct_help,N/A,N/A,organize a company-wide knowledge management system,organization_project,high,knowledge_preservation,high,systems,high,organization,N/A,N/A,<averaged>,<averaged>,original,numeric,70,70,days,plain,2.299794661191,96,24.60955996819286,-34.835369819413806,-5.833149546079879,0.15159741851510658
2346,-1,direct_help,N/A,N/A,organize a shared drive for a small team,organization_project,medium,administrative,medium,logistical,medium,multi_agent,N/A,N/A,<averaged>,<averaged>,original,numeric,70,70,days,plain,2.299794661191,96,12.930091371399518,-35.373558995007436,-23.871300057774253,0.16285141937182804
2506,-1,direct_help,N/A,N/A,organize a wedding for a friend,event_planning,high,personal_lifestyle,high,coordination,medium,multi_agent,N/A,N/A,10,weeks,original,numeric,10,10,weeks,plain,2.299794661191,48,18.152167009777852,-44.675782661573436,-9.750695443812564,0.22469934159628036
2610,-1,direct_help,N/A,N/A,organize files on a desk,organization_project,low,administrative,low,procedural,low,individual,N/A,N/A,70,days,original,numeric,70,70,days,plain,2.299794661191,48,7.680221741214058,-9.347574261287516,-38.6774407078001,0.18763178970502853
2786,-1,direct_help,N/A,N/A,plan a move to a new city,relocation,medium,personal_lifestyle,medium,logistical,medium,individual,N/A,N/A,<averaged>,<averaged>,original,numeric,70,70,days,plain,2.299794661191,96,19.557448814617217,-32.083521123803266,-13.686885620013458,0.1913755928625282
2918,-1,direct_help,N/A,N/A,plan an international trip,travel_planning,medium,personal_lifestyle,medium,logistical,medium,individual,N/A,N/A,<averaged>,<averaged>,original,numeric,70,70,days,plain,2.299794661191,96,18.73083562616248,-25.495566276405153,-27.0534215087496,0.19437445789859886
3094,-1,direct_help,N/A,N/A,preserve a small folder of important documents,knowledge_archive,low,knowledge_preservation,low,procedural,medium,individual,N/A,N/A,<averaged>,<averaged>,original,numeric,70,70,days,plain,2.299794661191,96,4.168287013569701,-18.972043221959733,-39.703414995236194,0.21896818412878832
3248,-1,direct_help,N/A,N/A,renovate an apartment,home_renovation,medium,personal_lifestyle,medium,logistical,medium,multi_agent,N/A,N/A,<averaged>,<averaged>,original,numeric,70,70,days,plain,2.299794661191,96,20.016303923857823,-36.760925169107104,-15.283763790991273,0.19759464933167478
3556,-1,direct_help,N/A,N/A,train for a marathon,physical_training,medium,personal_lifestyle,medium,training,medium,individual,N/A,N/A,<averaged>,<averaged>,original,numeric,70,70,days,plain,2.299794661191,96,28.233869811906654,-33.49939228255693,-20.170779799044574,0.22105736889942795
3716,-1,direct_help,N/A,N/A,write a novel,creative_writing,high,creative,high,creative,medium,individual,N/A,N/A,10,weeks,original,numeric,10,10,weeks,plain,2.299794661191,48,12.617353133977176,-30.078425481004178,-0.13131505465915946,0.22066307259744478
3820,-1,direct_help,N/A,N/A,write a one-sentence email reply,communication_plan,low,communication,low,procedural,low,individual,N/A,N/A,70,days,original,numeric,70,70,days,plain,2.299794661191,48,-59.158343273726025,34.37711795224621,-34.44347986573035,0.318882818454504
3952,-1,direct_help,N/A,N/A,write a sensitive email addressing a team conflict,communication_plan,medium,communication,medium,coordination,medium,individual,N/A,N/A,70,days,original,numeric,70,70,days,plain,2.299794661191,48,5.555649036592145,-0.9861266114919581,-31.553864185916062,0.1983551281763432
4084,-1,direct_help,N/A,N/A,write a short story,creative_writing,medium,creative,medium,creative,low,individual,N/A,N/A,70,days,original,numeric,70,70,days,plain,2.299794661191,48,5.19870310262558,-7.592880242344971,-22.300227800274573,0.22311931169631072
86,-1,direct_help,N/A,N/A,build proficiency in a new language,skill_learning,medium,personal_lifestyle,medium,learning,medium,individual,N/A,N/A,10,weeks,original,numeric,10,10,weeks,plain_long,2.299794661191,48,20.132776892703095,-22.84664731967681,7.322847577605627,0.16570308734731068
256,-1,direct_help,N/A,N/A,coordinate a disaster relief effort,emergency_response,high,safety,high,coordination,high,multi_agent,N/A,N/A,<averaged>,<averaged>,original,numeric,70,70,days,plain_long,2.299794661191,96,24.697296062055145,-13.255063198986592,1.810708346508928,0.14302881398609452
454,-1,direct_help,N/A,N/A,create a scalable marketplace platform,software_project,high,software,high,project,high,organization,N/A,N/A,<averaged>,<averaged>,original,numeric,70,70,days,plain_long,2.299794661191,96,25.580010616139127,-19.37079192577893,8.639642858283542,0.17299795676739416
586,-1,direct_help,N/A,N/A,create a single-page personal website,software_project,low,software,low,project,low,individual,N/A,N/A,<averaged>,<averaged>,original,numeric,70,70,days,plain_long,2.299794661191,96,17.322071915051023,-26.30204328024832,4.4058301758316185,0.16333922804999954
718,-1,direct_help,N/A,N/A,create an e-commerce website,software_project,medium,software,medium,project,medium,individual,N/A,N/A,<averaged>,<averaged>,original,numeric,70,70,days,plain_long,2.299794661191,96,23.839919021378883,-26.944010435997214,4.764141901062369,0.1535265317811727
850,-1,direct_help,N/A,N/A,design a communication plan for a company restructuring,communication_plan,high,communication,high,strategic,high,organization,N/A,N/A,<averaged>,<averaged>,original,numeric,70,70,days,plain_long,2.299794661191,96,19.55687275024591,-21.0234567156225,4.977138986918946,0.15218596968054518
2214,-1,direct_help,N/A,N/A,organize a company-wide knowledge management system,organization_project,high,knowledge_preservation,high,systems,high,organization,N/A,N/A,<averaged>,<averaged>,original,numeric,70,70,days,plain_long,2.299794661191,96,22.12959075043915,-23.763634256589825,6.053005370609045,0.14930843450938397
2346,-1,direct_help,N/A,N/A,organize a shared drive for a small team,organization_project,medium,administrative,medium,logistical,medium,multi_agent,N/A,N/A,<averaged>,<averaged>,original,numeric,70,70,days,plain_long,2.299794661191,96,14.466940200210676,-24.954756589187078,-3.4304343407391147,0.1423480395065174
2506,-1,direct_help,N/A,N/A,organize a wedding for a friend,event_planning,high,personal_lifestyle,high,coordination,medium,multi_agent,N/A,N/A,10,weeks,original,numeric,10,10,weeks,plain_long,2.299794661191,48,18.925815688620336,-30.513609856364038,6.1745923508877,0.15937000419762745
2610,-1,direct_help,N/A,N/A,organize files on a desk,organization_project,low,administrative,low,procedural,low,individual,N/A,N/A,70,days,original,numeric,70,70,days,plain_long,2.299794661191,48,14.995451338127694,-9.412539743779131,-13.088496194004614,0.14639600295930513
2786,-1,direct_help,N/A,N/A,plan a move to a new city,relocation,medium,personal_lifestyle,medium,logistical,medium,individual,N/A,N/A,<averaged>,<averaged>,original,numeric,70,70,days,plain_long,2.299794661191,96,20.777024840066474,-21.664104329970094,2.6015832113831436,0.14623178874367085
2918,-1,direct_help,N/A,N/A,plan an international trip,travel_planning,medium,personal_lifestyle,medium,logistical,medium,individual,N/A,N/A,<averaged>,<averaged>,original,numeric,70,70,days,plain_long,2.299794661191,96,19.282426586647166,-17.27974841136962,-4.824316696118993,0.1351702347214803
3094,-1,direct_help,N/A,N/A,preserve a small folder of important documents,knowledge_archive,low,knowledge_preservation,low,procedural,medium,individual,N/A,N/A,<averaged>,<averaged>,original,numeric,70,70,days,plain_long,2.299794661191,96,9.882324954039074,-15.671094355727512,-9.995948014468329,0.15417683522909342
3248,-1,direct_help,N/A,N/A,renovate an apartment,home_renovation,medium,personal_lifestyle,medium,logistical,medium,multi_agent,N/A,N/A,<averaged>,<averaged>,original,numeric,70,70,days,plain_long,2.299794661191,96,21.064518409799252,-24.881715370969513,1.3380265144642243,0.1485846569647413
3556,-1,direct_help,N/A,N/A,train for a marathon,physical_training,medium,personal_lifestyle,medium,training,medium,individual,N/A,N/A,<averaged>,<averaged>,original,numeric,70,70,days,plain_long,2.299794661191,96,26.28111875076489,-18.558888292031437,-2.0315581394747824,0.16325097118389492
3716,-1,direct_help,N/A,N/A,write a novel,creative_writing,high,creative,high,creative,medium,individual,N/A,N/A,10,weeks,original,numeric,10,10,weeks,plain_long,2.299794661191,48,15.532375512455813,-20.732507890810524,9.561980142877308,0.18007992915885743
3820,-1,direct_help,N/A,N/A,write a one-sentence email reply,communication_plan,low,communication,low,procedural,low,individual,N/A,N/A,70,days,original,numeric,70,70,days,plain_long,2.299794661191,48,-39.0906502539816,21.67320611792222,-10.212253520880239,0.23113992391260105
3952,-1,direct_help,N/A,N/A,write a sensitive email addressing a team conflict,communication_plan,medium,communication,medium,coordination,medium,individual,N/A,N/A,70,days,original,numeric,70,70,days,plain_long,2.299794661191,48,8.757985569223404,-7.404674290919283,-8.09096798698771,0.1768643519465678
4084,-1,direct_help,N/A,N/A,write a short story,creative_writing,medium,creative,medium,creative,low,individual,N/A,N/A,70,days,original,numeric,70,70,days,plain_long,2.299794661191,48,11.089269212187572,-8.803824401454664,-4.982768843852647,0.17820734034585298
90,-1,task_available_time,<averaged>,N/A,build proficiency in a new language,skill_learning,medium,personal_lifestyle,medium,learning,medium,individual,N/A,N/A,20,weeks,original,numeric,20,20,weeks,nof_conv,4.599589322382,36,16.176002349950526,-35.556793078241704,9.768887398488141,0.287273122857551
332,-1,task_available_time,<averaged>,N/A,coordinate a disaster relief effort,emergency_response,high,safety,high,coordination,high,multi_agent,N/A,N/A,20,weeks,original,numeric,20,20,weeks,nof_conv,4.599589322382,36,18.572434691542973,-16.565422041386284,21.290365141934604,0.3395928728688596
530,-1,task_available_time,<averaged>,N/A,create a scalable marketplace platform,software_project,high,software,high,project,high,organization,N/A,N/A,20,weeks,original,numeric,20,20,weeks,nof_conv,4.599589322382,36,29.59215747626166,-26.890981299374396,22.421786656351486,0.3159513232037073
662,-1,task_available_time,<averaged>,N/A,create a single-page personal website,software_project,low,software,low,project,low,individual,N/A,N/A,20,weeks,original,numeric,20,20,weeks,nof_conv,4.599589322382,36,9.538826811875003,-34.65277964319864,11.347626631304266,0.3088183472769757
794,-1,task_available_time,<averaged>,N/A,create an e-commerce website,software_project,medium,software,medium,project,medium,individual,N/A,N/A,20,weeks,original,numeric,20,20,weeks,nof_conv,4.599589322382,36,24.13813695428794,-36.586423204167765,12.61759443080642,0.2976465662870692
926,-1,task_available_time,<averaged>,N/A,design a communication plan for a company restructuring,communication_plan,high,communication,high,strategic,high,organization,N/A,N/A,20,weeks,original,numeric,20,20,weeks,nof_conv,4.599589322382,36,17.233565956779255,-26.83856166661475,24.18420259847497,0.3788476619787565
2290,-1,task_available_time,<averaged>,N/A,organize a company-wide knowledge management system,organization_project,high,knowledge_preservation,high,systems,high,organization,N/A,N/A,20,weeks,original,numeric,20,20,weeks,nof_conv,4.599589322382,36,20.336605507634246,-35.86049821546195,22.2891479802644,0.3260528121386892
2422,-1,task_available_time,<averaged>,N/A,organize a shared drive for a small team,organization_project,medium,administrative,medium,logistical,medium,multi_agent,N/A,N/A,20,weeks,original,numeric,20,20,weeks,nof_conv,4.599589322382,36,9.408713216750938,-38.59349508686893,8.667775887866313,0.2992955431015326
2510,-1,task_available_time,<averaged>,N/A,organize a wedding for a friend,event_planning,high,personal_lifestyle,high,coordination,medium,multi_agent,N/A,N/A,20,weeks,original,numeric,20,20,weeks,nof_conv,4.599589322382,36,16.202912124792153,-39.60438307801829,16.33741804262106,0.2738225415681368
2862,-1,task_available_time,<averaged>,N/A,plan a move to a new city,relocation,medium,personal_lifestyle,medium,logistical,medium,individual,N/A,N/A,20,weeks,original,numeric,20,20,weeks,nof_conv,4.599589322382,36,14.836599580956586,-39.14156932095127,27.06798412982622,0.30510059607915735
3038,-1,task_available_time,<averaged>,N/A,plan an international trip,travel_planning,medium,personal_lifestyle,medium,logistical,medium,individual,N/A,N/A,20,weeks,original,numeric,20,20,weeks,nof_conv,4.599589322382,36,15.862793332244216,-22.484678020493632,-5.317296860975371,0.2934282979535308
3170,-1,task_available_time,<averaged>,N/A,preserve a small folder of important documents,knowledge_archive,low,knowledge_preservation,low,procedural,medium,individual,N/A,N/A,20,weeks,original,numeric,20,20,weeks,nof_conv,4.599589322382,36,-0.3467117962598117,-25.636347132931707,0.6819407766514711,0.2975122643292435
3324,-1,task_available_time,<averaged>,N/A,renovate an apartment,home_renovation,medium,personal_lifestyle,medium,logistical,medium,multi_agent,N/A,N/A,20,weeks,original,numeric,20,20,weeks,nof_conv,4.599589322382,36,14.808925539611455,-33.71284752036656,17.94409203509406,0.2948772804743722
3632,-1,task_available_time,<averaged>,N/A,train for a marathon,physical_training,medium,personal_lifestyle,medium,training,medium,individual,N/A,N/A,20,weeks,original,numeric,20,20,weeks,nof_conv,4.599589322382,36,26.52660826292817,-39.8711845307836,3.885478692741561,0.2979808197488271
3720,-1,task_available_time,<averaged>,N/A,write a novel,creative_writing,high,creative,high,creative,medium,individual,N/A,N/A,20,weeks,original,numeric,20,20,weeks,nof_conv,4.599589322382,36,6.4294803532694305,-22.122439985888057,11.600213254527802,0.3121342093718893
90,-1,direct_help,N/A,N/A,build proficiency in a new language,skill_learning,medium,personal_lifestyle,medium,learning,medium,individual,N/A,N/A,20,weeks,original,numeric,20,20,weeks,plain,4.599589322382,48,23.692522008432096,-37.87453545381416,-9.0317051042502,0.19998970985760417
332,-1,direct_help,N/A,N/A,coordinate a disaster relief effort,emergency_response,high,safety,high,coordination,high,multi_agent,N/A,N/A,20,weeks,original,numeric,20,20,weeks,plain,4.599589322382,48,28.343676452738517,-26.416897891611352,-11.467838755489225,0.20555254152030783
530,-1,direct_help,N/A,N/A,create a scalable marketplace platform,software_project,high,software,high,project,high,organization,N/A,N/A,20,weeks,original,numeric,20,20,weeks,plain,4.599589322382,48,30.640718126731326,-32.14532533705037,-0.23282104399384312,0.1736514818191763
662,-1,direct_help,N/A,N/A,create a single-page personal website,software_project,low,software,low,project,low,individual,N/A,N/A,20,weeks,original,numeric,20,20,weeks,plain,4.599589322382,48,17.628502373991616,-43.23119993677388,-8.843304164366497,0.1741786077302902
794,-1,direct_help,N/A,N/A,create an e-commerce website,software_project,medium,software,medium,project,medium,individual,N/A,N/A,20,weeks,original,numeric,20,20,weeks,plain,4.599589322382,48,26.206061323650896,-45.91199732017015,-7.627103592922082,0.1693259038423326
926,-1,direct_help,N/A,N/A,design a communication plan for a company restructuring,communication_plan,high,communication,high,strategic,high,organization,N/A,N/A,20,weeks,original,numeric,20,20,weeks,plain,4.599589322382,48,24.530560068762735,-35.75144622161998,-5.952367866373168,0.1710463459112549
2290,-1,direct_help,N/A,N/A,organize a company-wide knowledge management system,organization_project,high,knowledge_preservation,high,systems,high,organization,N/A,N/A,20,weeks,original,numeric,20,20,weeks,plain,4.599589322382,48,27.120995517947236,-40.92131572922494,-4.186676403751163,0.15985210065618027
2422,-1,direct_help,N/A,N/A,organize a shared drive for a small team,organization_project,medium,administrative,medium,logistical,medium,multi_agent,N/A,N/A,20,weeks,original,numeric,20,20,weeks,plain,4.599589322382,48,14.775208592711305,-41.9325961527598,-22.13407978783959,0.17766829056387679
2510,-1,direct_help,N/A,N/A,organize a wedding for a friend,event_planning,high,personal_lifestyle,high,coordination,medium,multi_agent,N/A,N/A,20,weeks,original,numeric,20,20,weeks,plain,4.599589322382,48,20.469050670006375,-41.29117869755434,-15.452723835474801,0.2180935138845575
2862,-1,direct_help,N/A,N/A,plan a move to a new city,relocation,medium,personal_lifestyle,medium,logistical,medium,individual,N/A,N/A,20,weeks,original,numeric,20,20,weeks,plain,4.599589322382,48,22.264367947568786,-42.019126552840476,-10.26018294172245,0.20059070091443354
3038,-1,direct_help,N/A,N/A,plan an international trip,travel_planning,medium,personal_lifestyle,medium,logistical,medium,individual,N/A,N/A,20,weeks,original,numeric,20,20,weeks,plain,4.599589322382,48,21.26911992444333,-34.67475099981229,-23.205044163570822,0.20661046385111959
3170,-1,direct_help,N/A,N/A,preserve a small folder of important documents,knowledge_archive,low,knowledge_preservation,low,procedural,medium,individual,N/A,N/A,20,weeks,original,numeric,20,20,weeks,plain,4.599589322382,48,6.603391456236863,-27.44397646899002,-36.741661677993704,0.2329782869548389
3324,-1,direct_help,N/A,N/A,renovate an apartment,home_renovation,medium,personal_lifestyle,medium,logistical,medium,multi_agent,N/A,N/A,20,weeks,original,numeric,20,20,weeks,plain,4.599589322382,48,22.693290889850775,-44.702817159076815,-13.162398937180301,0.20592302968023157
3632,-1,direct_help,N/A,N/A,train for a marathon,physical_training,medium,personal_lifestyle,medium,training,medium,individual,N/A,N/A,20,weeks,original,numeric,20,20,weeks,plain,4.599589322382,48,31.09396794143895,-46.61019648640711,-16.92692826693325,0.23276093545244184
3720,-1,direct_help,N/A,N/A,write a novel,creative_writing,high,creative,high,creative,medium,individual,N/A,N/A,20,weeks,original,numeric,20,20,weeks,plain,4.599589322382,48,17.440029768211737,-31.345010662383622,-6.087178868247141,0.21696636861089558
90,-1,direct_help,N/A,N/A,build proficiency in a new language,skill_learning,medium,personal_lifestyle,medium,learning,medium,individual,N/A,N/A,20,weeks,original,numeric,20,20,weeks,plain_long,4.599589322382,48,23.925509833496726,-22.87124608840405,3.1523063091907932,0.1662535357594276
332,-1,direct_help,N/A,N/A,coordinate a disaster relief effort,emergency_response,high,safety,high,coordination,high,multi_agent,N/A,N/A,20,weeks,original,numeric,20,20,weeks,plain_long,4.599589322382,48,26.02720907741164,-17.42477285979337,3.422956710404561,0.1454643695064151
530,-1,direct_help,N/A,N/A,create a scalable marketplace platform,software_project,high,software,high,project,high,organization,N/A,N/A,20,weeks,original,numeric,20,20,weeks,plain_long,4.599589322382,48,27.396763222264326,-22.651716985754465,9.243606505125364,0.17461993541603768
662,-1,direct_help,N/A,N/A,create a single-page personal website,software_project,low,software,low,project,low,individual,N/A,N/A,20,weeks,original,numeric,20,20,weeks,plain_long,4.599589322382,48,18.362679487151333,-29.774850777085057,5.441529083708867,0.1657816174935319
794,-1,direct_help,N/A,N/A,create an e-commerce website,software_project,medium,software,medium,project,medium,individual,N/A,N/A,20,weeks,original,numeric,20,20,weeks,plain_long,4.599589322382,48,25.26596313954048,-30.378239746092447,5.550484637643697,0.1548493006025724
926,-1,direct_help,N/A,N/A,design a communication plan for a company restructuring,communication_plan,high,communication,high,strategic,high,organization,N/A,N/A,20,weeks,original,numeric,20,20,weeks,plain_long,4.599589322382,48,21.029605299960597,-24.101342708186618,6.0303710404586655,0.15633645213046546
2290,-1,direct_help,N/A,N/A,organize a company-wide knowledge management system,organization_project,high,knowledge_preservation,high,systems,high,organization,N/A,N/A,20,weeks,original,numeric,20,20,weeks,plain_long,4.599589322382,48,23.69202263467711,-27.422060410363134,7.087513978107247,0.1523384759011733
2422,-1,direct_help,N/A,N/A,organize a shared drive for a small team,organization_project,medium,administrative,medium,logistical,medium,multi_agent,N/A,N/A,20,weeks,original,numeric,20,20,weeks,plain_long,4.599589322382,48,15.61423856276928,-28.751359192815965,-2.280320000249486,0.14765308618743445
2510,-1,direct_help,N/A,N/A,organize a wedding for a friend,event_planning,high,personal_lifestyle,high,coordination,medium,multi_agent,N/A,N/A,20,weeks,original,numeric,20,20,weeks,plain_long,4.599589322382,48,21.41858867584053,-28.831399667079616,2.8035077235760655,0.1562078451158469
2862,-1,direct_help,N/A,N/A,plan a move to a new city,relocation,medium,personal_lifestyle,medium,logistical,medium,individual,N/A,N/A,20,weeks,original,numeric,20,20,weeks,plain_long,4.599589322382,48,22.14850160999613,-27.801541508587448,4.8941590035875775,0.15092045318700667
3038,-1,direct_help,N/A,N/A,plan an international trip,travel_planning,medium,personal_lifestyle,medium,logistical,medium,individual,N/A,N/A,20,weeks,original,numeric,20,20,weeks,plain_long,4.599589322382,48,20.70007943437824,-23.226952811473506,-1.9353208244661226,0.14186062133891592
3170,-1,direct_help,N/A,N/A,preserve a small folder of important documents,knowledge_archive,low,knowledge_preservation,low,procedural,medium,individual,N/A,N/A,20,weeks,original,numeric,20,20,weeks,plain_long,4.599589322382,48,11.274572610659046,-20.46781218946447,-7.956732559694915,0.160709108813935
3324,-1,direct_help,N/A,N/A,renovate an apartment,home_renovation,medium,personal_lifestyle,medium,logistical,medium,multi_agent,N/A,N/A,20,weeks,original,numeric,20,20,weeks,plain_long,4.599589322382,48,22.426301154550508,-29.06627442038417,2.69320950203387,0.1522015809628355
3632,-1,direct_help,N/A,N/A,train for a marathon,physical_training,medium,personal_lifestyle,medium,training,medium,individual,N/A,N/A,20,weeks,original,numeric,20,20,weeks,plain_long,4.599589322382,48,27.37361571331935,-26.364711012775984,0.08241064305769252,0.17028530407860887
3720,-1,direct_help,N/A,N/A,write a novel,creative_writing,high,creative,high,creative,medium,individual,N/A,N/A,20,weeks,original,numeric,20,20,weeks,plain_long,4.599589322382,48,19.33337973359571,-21.25085601003391,5.759943146688982,0.17877349815361374
94,-1,task_available_time,<averaged>,N/A,build proficiency in a new language,skill_learning,medium,personal_lifestyle,medium,learning,medium,individual,N/A,N/A,30,weeks,original,numeric,30,30,weeks,nof_conv,6.899383983573,36,20.156359701441293,-31.574511358783816,0.7232779050530442,0.28538588771564866
336,-1,task_available_time,<averaged>,N/A,coordinate a disaster relief effort,emergency_response,high,safety,high,coordination,high,multi_agent,N/A,N/A,30,weeks,original,numeric,30,30,weeks,nof_conv,6.899383983573,36,21.043501638813414,-11.501952717453808,13.489268188089646,0.3329632240297783
534,-1,task_available_time,<averaged>,N/A,create a scalable marketplace platform,software_project,high,software,high,project,high,organization,N/A,N/A,30,weeks,original,numeric,30,30,weeks,nof_conv,6.899383983573,36,32.96206850060475,-23.970439545279227,16.726677021211376,0.3170333314639644
666,-1,task_available_time,<averaged>,N/A,create a single-page personal website,software_project,low,software,low,project,low,individual,N/A,N/A,30,weeks,original,numeric,30,30,weeks,nof_conv,6.899383983573,36,9.437462933062545,-28.926189048570258,4.651382918347559,0.3065264405506613
798,-1,task_available_time,<averaged>,N/A,create an e-commerce website,software_project,medium,software,medium,project,medium,individual,N/A,N/A,30,weeks,original,numeric,30,30,weeks,nof_conv,6.899383983573,36,25.870472657044814,-32.594430826228574,6.567955611283913,0.29742980507744204
930,-1,task_available_time,<averaged>,N/A,design a communication plan for a company restructuring,communication_plan,high,communication,high,strategic,high,organization,N/A,N/A,30,weeks,original,numeric,30,30,weeks,nof_conv,6.899383983573,36,19.865744926282918,-23.60989601673692,17.766926900947794,0.37268692700205514
2294,-1,task_available_time,<averaged>,N/A,organize a company-wide knowledge management system,organization_project,high,knowledge_preservation,high,systems,high,organization,N/A,N/A,30,weeks,original,numeric,30,30,weeks,nof_conv,6.899383983573,36,22.54806882141971,-31.966366256656112,15.403666913652023,0.324943059341599
2426,-1,task_available_time,<averaged>,N/A,organize a shared drive for a small team,organization_project,medium,administrative,medium,logistical,medium,multi_agent,N/A,N/A,30,weeks,original,numeric,30,30,weeks,nof_conv,6.899383983573,36,10.061416169093105,-31.68730668893606,1.0627385205925544,0.29510825642034477
2514,-1,task_available_time,<averaged>,N/A,organize a wedding for a friend,event_planning,high,personal_lifestyle,high,coordination,medium,multi_agent,N/A,N/A,30,weeks,original,numeric,30,30,weeks,nof_conv,6.899383983573,36,17.815922631741294,-32.337138745621644,7.833114934508434,0.27134971131990265
2866,-1,task_available_time,<averaged>,N/A,plan a move to a new city,relocation,medium,personal_lifestyle,medium,logistical,medium,individual,N/A,N/A,30,weeks,original,numeric,30,30,weeks,nof_conv,6.899383983573,36,17.33754807514408,-34.43855553784916,19.159343291617827,0.29915775506501274
3042,-1,task_available_time,<averaged>,N/A,plan an international trip,travel_planning,medium,personal_lifestyle,medium,logistical,medium,individual,N/A,N/A,30,weeks,original,numeric,30,30,weeks,nof_conv,6.899383983573,36,17.202666497135922,-16.12768044052004,-13.259039473976554,0.2871729773494423
3174,-1,task_available_time,<averaged>,N/A,preserve a small folder of important documents,knowledge_archive,low,knowledge_preservation,low,procedural,medium,individual,N/A,N/A,30,weeks,original,numeric,30,30,weeks,nof_conv,6.899383983573,36,2.1047350889408767,-18.984129031492085,-8.158377926448866,0.2954160421796048
3328,-1,task_available_time,<averaged>,N/A,renovate an apartment,home_renovation,medium,personal_lifestyle,medium,logistical,medium,multi_agent,N/A,N/A,30,weeks,original,numeric,30,30,weeks,nof_conv,6.899383983573,36,16.605773245878044,-30.18329156461306,10.808384661672996,0.2937012681500026
3636,-1,task_available_time,<averaged>,N/A,train for a marathon,physical_training,medium,personal_lifestyle,medium,training,medium,individual,N/A,N/A,30,weeks,original,numeric,30,30,weeks,nof_conv,6.899383983573,36,29.43635957641059,-35.35826064007363,-2.5913450197332923,0.2926238966269369
3724,-1,task_available_time,<averaged>,N/A,write a novel,creative_writing,high,creative,high,creative,medium,individual,N/A,N/A,30,weeks,original,numeric,30,30,weeks,nof_conv,6.899383983573,36,8.94636465704398,-18.426561232274715,5.417233552400342,0.31093060733288136
94,-1,direct_help,N/A,N/A,build proficiency in a new language,skill_learning,medium,personal_lifestyle,medium,learning,medium,individual,N/A,N/A,30,weeks,original,numeric,30,30,weeks,plain,6.899383983573,48,27.389954396541928,-33.94373668169286,-17.82468459957315,0.19594114554074651
336,-1,direct_help,N/A,N/A,coordinate a disaster relief effort,emergency_response,high,safety,high,coordination,high,multi_agent,N/A,N/A,30,weeks,original,numeric,30,30,weeks,plain,6.899383983573,48,30.21837054265133,-20.505254089978266,-18.932267506898317,0.1994490297709076
534,-1,direct_help,N/A,N/A,create a scalable marketplace platform,software_project,high,software,high,project,high,organization,N/A,N/A,30,weeks,original,numeric,30,30,weeks,plain,6.899383983573,48,34.13810966715663,-29.43637096741486,-4.96262247281286,0.1679361415069535
666,-1,direct_help,N/A,N/A,create a single-page personal website,software_project,low,software,low,project,low,individual,N/A,N/A,30,weeks,original,numeric,30,30,weeks,plain,6.899383983573,48,19.718048587137748,-37.56662452163775,-15.457066388428009,0.17147837770976238
798,-1,direct_help,N/A,N/A,create an e-commerce website,software_project,medium,software,medium,project,medium,individual,N/A,N/A,30,weeks,original,numeric,30,30,weeks,plain,6.899383983573,48,29.09393496386778,-41.97396295667366,-13.329267794319266,0.16471749714997624
930,-1,direct_help,N/A,N/A,design a communication plan for a company restructuring,communication_plan,high,communication,high,strategic,high,organization,N/A,N/A,30,weeks,original,numeric,30,30,weeks,plain,6.899383983573,48,27.448441693772192,-32.205666572698796,-10.998025008863754,0.16629141348713755
2294,-1,direct_help,N/A,N/A,organize a company-wide knowledge management system,organization_project,high,knowledge_preservation,high,systems,high,organization,N/A,N/A,30,weeks,original,numeric,30,30,weeks,plain,6.899383983573,48,29.922817395801736,-36.457580952555304,-10.445039779601933,0.15424356584698484
2426,-1,direct_help,N/A,N/A,organize a shared drive for a small team,organization_project,medium,administrative,medium,logistical,medium,multi_agent,N/A,N/A,30,weeks,original,numeric,30,30,weeks,plain,6.899383983573,48,17.155661941391383,-34.52521057909953,-29.655710990621433,0.17160592629750354
2514,-1,direct_help,N/A,N/A,organize a wedding for a friend,event_planning,high,personal_lifestyle,high,coordination,medium,multi_agent,N/A,N/A,30,weeks,original,numeric,30,30,weeks,plain,6.899383983573,48,22.389660621963895,-33.45497273255054,-23.08544901235532,0.2123994424528398
2866,-1,direct_help,N/A,N/A,plan a move to a new city,relocation,medium,personal_lifestyle,medium,logistical,medium,individual,N/A,N/A,30,weeks,original,numeric,30,30,weeks,plain,6.899383983573,48,24.44930032587614,-35.706152329970244,-17.571540479795225,0.194915079215506
3042,-1,direct_help,N/A,N/A,plan an international trip,travel_planning,medium,personal_lifestyle,medium,logistical,medium,individual,N/A,N/A,30,weeks,original,numeric,30,30,weeks,plain,6.899383983573,48,22.886854673996286,-27.841462717899915,-30.00552477176424,0.19827083641665375
3174,-1,direct_help,N/A,N/A,preserve a small folder of important documents,knowledge_archive,low,knowledge_preservation,low,procedural,medium,individual,N/A,N/A,30,weeks,original,numeric,30,30,weeks,plain,6.899383983573,48,9.74708092463081,-20.84301516059908,-43.780110190747834,0.22468199865586388
3328,-1,direct_help,N/A,N/A,renovate an apartment,home_renovation,medium,personal_lifestyle,medium,logistical,medium,multi_agent,N/A,N/A,30,weeks,original,numeric,30,30,weeks,plain,6.899383983573,48,24.33012567449587,-39.76524871176184,-19.479450044363396,0.20034781632842777
3636,-1,direct_help,N/A,N/A,train for a marathon,physical_training,medium,personal_lifestyle,medium,training,medium,individual,N/A,N/A,30,weeks,original,numeric,30,30,weeks,plain,6.899383983573,48,33.49382183449442,-41.2815143803806,-23.421402472853238,0.2280224780669594
3724,-1,direct_help,N/A,N/A,write a novel,creative_writing,high,creative,high,creative,medium,individual,N/A,N/A,30,weeks,original,numeric,30,30,weeks,plain,6.899383983573,48,21.52256777737816,-28.676246573761908,-13.106214792824225,0.21470500664908418
94,-1,direct_help,N/A,N/A,build proficiency in a new language,skill_learning,medium,personal_lifestyle,medium,learning,medium,individual,N/A,N/A,30,weeks,original,numeric,30,30,weeks,plain_long,6.899383983573,48,27.120258977160688,-20.514936123294788,-1.9508176807332758,0.16485374313431936
336,-1,direct_help,N/A,N/A,coordinate a disaster relief effort,emergency_response,high,safety,high,coordination,high,multi_agent,N/A,N/A,30,weeks,original,numeric,30,30,weeks,plain_long,6.899383983573,48,27.99971296251685,-14.447012959838187,-0.9118685118361547,0.1420022135762899
534,-1,direct_help,N/A,N/A,create a scalable marketplace platform,software_project,high,software,high,project,high,organization,N/A,N/A,30,weeks,original,numeric,30,30,weeks,plain_long,6.899383983573,48,30.202463046454497,-20.967458844424414,6.4176703986276795,0.17119095358124192
666,-1,direct_help,N/A,N/A,create a single-page personal website,software_project,low,software,low,project,low,individual,N/A,N/A,30,weeks,original,numeric,30,30,weeks,plain_long,6.899383983573,48,20.502653429476343,-26.676347831339008,1.542261196415057,0.16183445659122955
798,-1,direct_help,N/A,N/A,create an e-commerce website,software_project,medium,software,medium,project,medium,individual,N/A,N/A,30,weeks,original,numeric,30,30,weeks,plain_long,6.899383983573,48,27.829022573695177,-28.142655047912157,2.3526363923425744,0.15219493242520424
930,-1,direct_help,N/A,N/A,design a communication plan for a company restructuring,communication_plan,high,communication,high,strategic,high,organization,N/A,N/A,30,weeks,original,numeric,30,30,weeks,plain_long,6.899383983573,48,23.576497789338674,-21.96122132247852,3.026549472330827,0.15350716034027875
2294,-1,direct_help,N/A,N/A,organize a company-wide knowledge management system,organization_project,high,knowledge_preservation,high,systems,high,organization,N/A,N/A,30,weeks,original,numeric,30,30,weeks,plain_long,6.899383983573,48,25.915757533203738,-24.904619101844737,3.552375345175594,0.1491804310900191
2426,-1,direct_help,N/A,N/A,organize a shared drive for a small team,organization_project,medium,administrative,medium,logistical,medium,multi_agent,N/A,N/A,30,weeks,original,numeric,30,30,weeks,plain_long,6.899383983573,48,18.034614115973113,-24.98042129570913,-6.429882801418474,0.14376447947732932
2514,-1,direct_help,N/A,N/A,organize a wedding for a friend,event_planning,high,personal_lifestyle,high,coordination,medium,multi_agent,N/A,N/A,30,weeks,original,numeric,30,30,weeks,plain_long,6.899383983573,48,23.558470173580226,-24.887043646690977,-1.8921489466513155,0.1547255965148787
2866,-1,direct_help,N/A,N/A,plan a move to a new city,relocation,medium,personal_lifestyle,medium,logistical,medium,individual,N/A,N/A,30,weeks,original,numeric,30,30,weeks,plain_long,6.899383983573,48,24.247627988572077,-24.499671036518166,0.6592740642331412,0.14900938352224768
3042,-1,direct_help,N/A,N/A,plan an international trip,travel_planning,medium,personal_lifestyle,medium,logistical,medium,individual,N/A,N/A,30,weeks,original,numeric,30,30,weeks,plain_long,6.899383983573,48,22.788847570943428,-19.679280348411417,-5.949038136300509,0.13855892145001425
3174,-1,direct_help,N/A,N/A,preserve a small folder of important documents,knowledge_archive,low,knowledge_preservation,low,procedural,medium,individual,N/A,N/A,30,weeks,original,numeric,30,30,weeks,plain_long,6.899383983573,48,14.120451842777078,-17.113590792460844,-11.961834361588586,0.157231057293683
3328,-1,direct_help,N/A,N/A,renovate an apartment,home_renovation,medium,personal_lifestyle,medium,logistical,medium,multi_agent,N/A,N/A,30,weeks,original,numeric,30,30,weeks,plain_long,6.899383983573,48,24.137386270055433,-26.707363440700288,-0.6592821920728358,0.15011695041665873
3636,-1,direct_help,N/A,N/A,train for a marathon,physical_training,medium,personal_lifestyle,medium,training,medium,individual,N/A,N/A,30,weeks,original,numeric,30,30,weeks,plain_long,6.899383983573,48,29.69435483244525,-23.528215258423323,-3.6267277720463857,0.16823094645329775
3724,-1,direct_help,N/A,N/A,write a novel,creative_writing,high,creative,high,creative,medium,individual,N/A,N/A,30,weeks,original,numeric,30,30,weeks,plain_long,6.899383983573,48,22.754962070777577,-19.525917882999718,1.4489061943625976,0.1769358395068043
98,-1,task_available_time,<averaged>,N/A,build proficiency in a new language,skill_learning,medium,personal_lifestyle,medium,learning,medium,individual,N/A,N/A,50,weeks,original,numeric,50,50,weeks,nof_conv,11.498973305955,36,22.69681157663402,-26.73512266537258,-5.327680676442309,0.2814086144456065
340,-1,task_available_time,<averaged>,N/A,coordinate a disaster relief effort,emergency_response,high,safety,high,coordination,high,multi_agent,N/A,N/A,50,weeks,original,numeric,50,50,weeks,nof_conv,11.498973305955,36,20.425661652461383,0.23952634519805477,3.7601008615547786,0.31939367209872277
538,-1,task_available_time,<averaged>,N/A,create a scalable marketplace platform,software_project,high,software,high,project,high,organization,N/A,N/A,50,weeks,original,numeric,50,50,weeks,nof_conv,11.498973305955,36,33.751582430701134,-18.521454714280605,11.770699971061495,0.31026143153808583
670,-1,task_available_time,<averaged>,N/A,create a single-page personal website,software_project,low,software,low,project,low,individual,N/A,N/A,50,weeks,original,numeric,50,50,weeks,nof_conv,11.498973305955,36,7.35622183375285,-21.17940274009613,-0.8437286771134849,0.30156308961308365
802,-1,task_available_time,<averaged>,N/A,create an e-commerce website,software_project,medium,software,medium,project,medium,individual,N/A,N/A,50,weeks,original,numeric,50,50,weeks,nof_conv,11.498973305955,36,25.755355789098665,-26.127974798062134,0.7295875708506498,0.29163310628183153
934,-1,task_available_time,<averaged>,N/A,design a communication plan for a company restructuring,communication_plan,high,communication,high,strategic,high,organization,N/A,N/A,50,weeks,original,numeric,50,50,weeks,nof_conv,11.498973305955,36,19.919076130138553,-14.692624072751785,8.742290420185778,0.36108686399782153
2298,-1,task_available_time,<averaged>,N/A,organize a company-wide knowledge management system,organization_project,high,knowledge_preservation,high,systems,high,organization,N/A,N/A,50,weeks,original,numeric,50,50,weeks,nof_conv,11.498973305955,36,22.604776591565724,-23.3343204794647,6.828981421800928,0.3143151523282667
2430,-1,task_available_time,<averaged>,N/A,organize a shared drive for a small team,organization_project,medium,administrative,medium,logistical,medium,multi_agent,N/A,N/A,50,weeks,original,numeric,50,50,weeks,nof_conv,11.498973305955,36,9.647483347604092,-19.397568328580487,-7.929831676851339,0.2854607866118608
2518,-1,task_available_time,<averaged>,N/A,organize a wedding for a friend,event_planning,high,personal_lifestyle,high,coordination,medium,multi_agent,N/A,N/A,50,weeks,original,numeric,50,50,weeks,nof_conv,11.498973305955,36,16.532778714863205,-17.036490851451163,-3.13029686416062,0.26336367239579345
2870,-1,task_available_time,<averaged>,N/A,plan a move to a new city,relocation,medium,personal_lifestyle,medium,logistical,medium,individual,N/A,N/A,50,weeks,original,numeric,50,50,weeks,nof_conv,11.498973305955,36,17.109116231326627,-24.668552779544573,10.531009809287236,0.2891243637084447
3046,-1,task_available_time,<averaged>,N/A,plan an international trip,travel_planning,medium,personal_lifestyle,medium,logistical,medium,individual,N/A,N/A,50,weeks,original,numeric,50,50,weeks,nof_conv,11.498973305955,36,16.997090381808132,-3.090481055203864,-21.893406432649755,0.2812559085836658
3178,-1,task_available_time,<averaged>,N/A,preserve a small folder of important documents,knowledge_archive,low,knowledge_preservation,low,procedural,medium,individual,N/A,N/A,50,weeks,original,numeric,50,50,weeks,nof_conv,11.498973305955,36,3.0749402220110467,-8.240871887593674,-16.477950406428615,0.28697806093189826
3332,-1,task_available_time,<averaged>,N/A,renovate an apartment,home_renovation,medium,personal_lifestyle,medium,logistical,medium,multi_agent,N/A,N/A,50,weeks,original,numeric,50,50,weeks,nof_conv,11.498973305955,36,16.667821473596675,-22.14596742505787,2.8207181267751773,0.28471664976256605
3640,-1,task_available_time,<averaged>,N/A,train for a marathon,physical_training,medium,personal_lifestyle,medium,training,medium,individual,N/A,N/A,50,weeks,original,numeric,50,50,weeks,nof_conv,11.498973305955,36,30.291389600933364,-29.885131737424125,-7.172270824227636,0.28744435920641814
3728,-1,task_available_time,<averaged>,N/A,write a novel,creative_writing,high,creative,high,creative,medium,individual,N/A,N/A,50,weeks,original,numeric,50,50,weeks,nof_conv,11.498973305955,36,10.038248517460259,-13.257969442446827,1.0828134766923587,0.30956807600685904
98,-1,direct_help,N/A,N/A,build proficiency in a new language,skill_learning,medium,personal_lifestyle,medium,learning,medium,individual,N/A,N/A,50,weeks,original,numeric,50,50,weeks,plain,11.498973305955,48,29.49936840080683,-30.132476894529347,-20.90190736346428,0.19595526108931
340,-1,direct_help,N/A,N/A,coordinate a disaster relief effort,emergency_response,high,safety,high,coordination,high,multi_agent,N/A,N/A,50,weeks,original,numeric,50,50,weeks,plain,11.498973305955,48,31.051651391011294,-13.588535067016469,-22.327192522672835,0.19833823652952562
538,-1,direct_help,N/A,N/A,create a scalable marketplace platform,software_project,high,software,high,project,high,organization,N/A,N/A,50,weeks,original,numeric,50,50,weeks,plain,11.498973305955,48,35.67257911962018,-25.579559150054575,-7.806035133538531,0.1649740856454763
670,-1,direct_help,N/A,N/A,create a single-page personal website,software_project,low,software,low,project,low,individual,N/A,N/A,50,weeks,original,numeric,50,50,weeks,plain,11.498973305955,48,19.89602596444806,-28.341033886816195,-20.141171419284987,0.1724412461548641
802,-1,direct_help,N/A,N/A,create an e-commerce website,software_project,medium,software,medium,project,medium,individual,N/A,N/A,50,weeks,original,numeric,50,50,weeks,plain,11.498973305955,48,30.157985457298274,-35.859123684110195,-17.175191160312004,0.16340978217463317
934,-1,direct_help,N/A,N/A,design a communication plan for a company restructuring,communication_plan,high,communication,high,strategic,high,organization,N/A,N/A,50,weeks,original,numeric,50,50,weeks,plain,11.498973305955,48,28.724386477702904,-27.55797094347487,-13.972814374017704,0.16280678246804348
2298,-1,direct_help,N/A,N/A,organize a company-wide knowledge management system,organization_project,high,knowledge_preservation,high,systems,high,organization,N/A,N/A,50,weeks,original,numeric,50,50,weeks,plain,11.498973305955,48,31.38587087830251,-30.250751054589696,-14.305364886780364,0.15355218530515696
2430,-1,direct_help,N/A,N/A,organize a shared drive for a small team,organization_project,medium,administrative,medium,logistical,medium,multi_agent,N/A,N/A,50,weeks,original,numeric,50,50,weeks,plain,11.498973305955,48,18.20195397263132,-25.957175639979727,-33.11604028519937,0.17218049850197467
2518,-1,direct_help,N/A,N/A,organize a wedding for a friend,event_planning,high,personal_lifestyle,high,coordination,medium,multi_agent,N/A,N/A,50,weeks,original,numeric,50,50,weeks,plain,11.498973305955,48,22.813339670594726,-22.404700129223844,-26.39737740750381,0.21175312662466478
2870,-1,direct_help,N/A,N/A,plan a move to a new city,relocation,medium,personal_lifestyle,medium,logistical,medium,individual,N/A,N/A,50,weeks,original,numeric,50,50,weeks,plain,11.498973305955,48,25.826470392466103,-27.145705420828882,-21.041868118135298,0.19300813671062156
3046,-1,direct_help,N/A,N/A,plan an international trip,travel_planning,medium,personal_lifestyle,medium,logistical,medium,individual,N/A,N/A,50,weeks,original,numeric,50,50,weeks,plain,11.498973305955,48,24.32251964682741,-16.956247825679124,-33.26670524969925,0.1957267554812389
3178,-1,direct_help,N/A,N/A,preserve a small folder of important documents,knowledge_archive,low,knowledge_preservation,low,procedural,medium,individual,N/A,N/A,50,weeks,original,numeric,50,50,weeks,plain,11.498973305955,48,11.401044533085797,-14.68417592963372,-46.28540116759321,0.22272100342635667
3332,-1,direct_help,N/A,N/A,renovate an apartment,home_renovation,medium,personal_lifestyle,medium,logistical,medium,multi_agent,N/A,N/A,50,weeks,original,numeric,50,50,weeks,plain,11.498973305955,48,25.566370313709708,-32.1425921404205,-22.607008600283756,0.19778871613879284
3640,-1,direct_help,N/A,N/A,train for a marathon,physical_training,medium,personal_lifestyle,medium,training,medium,individual,N/A,N/A,50,weeks,original,numeric,50,50,weeks,plain,11.498973305955,48,34.44040005175667,-35.15962515418987,-26.02710407746396,0.22478802303721765
3728,-1,direct_help,N/A,N/A,write a novel,creative_writing,high,creative,high,creative,medium,individual,N/A,N/A,50,weeks,original,numeric,50,50,weeks,plain,11.498973305955,48,23.65854230410523,-23.922375391355626,-16.649042015254444,0.21603438360538416
98,-1,direct_help,N/A,N/A,build proficiency in a new language,skill_learning,medium,personal_lifestyle,medium,learning,medium,individual,N/A,N/A,50,weeks,original,numeric,50,50,weeks,plain_long,11.498973305955,48,28.812369438776802,-18.250930969001434,-3.5438908380835397,0.1633036246322989
340,-1,direct_help,N/A,N/A,coordinate a disaster relief effort,emergency_response,high,safety,high,coordination,high,multi_agent,N/A,N/A,50,weeks,original,numeric,50,50,weeks,plain_long,11.498973305955,48,28.959388283602976,-11.122965940338506,-2.3932220504346184,0.13947173580058195
538,-1,direct_help,N/A,N/A,create a scalable marketplace platform,software_project,high,software,high,project,high,organization,N/A,N/A,50,weeks,original,numeric,50,50,weeks,plain_long,11.498973305955,48,31.446140954543722,-18.81738249039358,5.1544713505792465,0.1677830354008518
670,-1,direct_help,N/A,N/A,create a single-page personal website,software_project,low,software,low,project,low,individual,N/A,N/A,50,weeks,original,numeric,50,50,weeks,plain_long,11.498973305955,48,21.084374976569705,-21.983256497585224,-0.8451562014181583,0.15838433603849486
802,-1,direct_help,N/A,N/A,create an e-commerce website,software_project,medium,software,medium,project,medium,individual,N/A,N/A,50,weeks,original,numeric,50,50,weeks,plain_long,11.498973305955,48,28.946954637341925,-25.101034002789348,0.6191315593092798,0.148216082414692
934,-1,direct_help,N/A,N/A,design a communication plan for a company restructuring,communication_plan,high,communication,high,strategic,high,organization,N/A,N/A,50,weeks,original,numeric,50,50,weeks,plain_long,11.498973305955,48,24.8469506539582,-19.296586239958557,1.3751411938142908,0.14968670910496837
2298,-1,direct_help,N/A,N/A,organize a company-wide knowledge management system,organization_project,high,knowledge_preservation,high,systems,high,organization,N/A,N/A,50,weeks,original,numeric,50,50,weeks,plain_long,11.498973305955,48,27.21477559082071,-21.586720061619747,1.6288080724036007,0.14595996327306757
2430,-1,direct_help,N/A,N/A,organize a shared drive for a small team,organization_project,medium,administrative,medium,logistical,medium,multi_agent,N/A,N/A,50,weeks,original,numeric,50,50,weeks,plain_long,11.498973305955,48,19.103301027791442,-20.48806711120152,-8.495867480202108,0.1411457117077127
2518,-1,direct_help,N/A,N/A,organize a wedding for a friend,event_planning,high,personal_lifestyle,high,coordination,medium,multi_agent,N/A,N/A,50,weeks,original,numeric,50,50,weeks,plain_long,11.498973305955,48,24.52293717199672,-19.48838611045212,-4.26156302881086,0.15349665116957323
2870,-1,direct_help,N/A,N/A,plan a move to a new city,relocation,medium,personal_lifestyle,medium,logistical,medium,individual,N/A,N/A,50,weeks,original,numeric,50,50,weeks,plain_long,11.498973305955,48,25.674162550394122,-20.349362740220563,-1.3656035389418946,0.14742793258072964
3046,-1,direct_help,N/A,N/A,plan an international trip,travel_planning,medium,personal_lifestyle,medium,logistical,medium,individual,N/A,N/A,50,weeks,original,numeric,50,50,weeks,plain_long,11.498973305955,48,24.41459759599217,-14.39951325648232,-7.842025720229599,0.13733451691697737
3178,-1,direct_help,N/A,N/A,preserve a small folder of important documents,knowledge_archive,low,knowledge_preservation,low,procedural,medium,individual,N/A,N/A,50,weeks,original,numeric,50,50,weeks,plain_long,11.498973305955,48,15.48309690138971,-14.081973304912157,-13.326356077326063,0.15521068405884694
3332,-1,direct_help,N/A,N/A,renovate an apartment,home_renovation,medium,personal_lifestyle,medium,logistical,medium,multi_agent,N/A,N/A,50,weeks,original,numeric,50,50,weeks,plain_long,11.498973305955,48,25.362146699637055,-22.969149804410325,-2.4992189538169876,0.14723785805776277
3640,-1,direct_help,N/A,N/A,train for a marathon,physical_training,medium,personal_lifestyle,medium,training,medium,individual,N/A,N/A,50,weeks,original,numeric,50,50,weeks,plain_long,11.498973305955,48,30.700619649567038,-20.13658999204086,-5.133701313890422,0.16571476085081815
3728,-1,direct_help,N/A,N/A,write a novel,creative_writing,high,creative,high,creative,medium,individual,N/A,N/A,50,weeks,original,numeric,50,50,weeks,plain_long,11.498973305955,48,24.344326651339113,-17.18848840187813,-0.4089087066647843,0.17527753619144013
102,-1,task_available_time,<averaged>,N/A,build proficiency in a new language,skill_learning,medium,personal_lifestyle,medium,learning,medium,individual,N/A,N/A,70,weeks,original,numeric,70,70,weeks,nof_conv,16.098562628337,36,23.56714840691191,-21.398520030068532,-13.23094470036103,0.2788419927919861
344,-1,task_available_time,<averaged>,N/A,coordinate a disaster relief effort,emergency_response,high,safety,high,coordination,high,multi_agent,N/A,N/A,70,weeks,original,numeric,70,70,weeks,nof_conv,16.098562628337,36,21.327816855949767,7.1594892360654665,-4.397429685787649,0.31024893510994384
542,-1,task_available_time,<averaged>,N/A,create a scalable marketplace platform,software_project,high,software,high,project,high,organization,N/A,N/A,70,weeks,original,numeric,70,70,weeks,nof_conv,16.098562628337,36,35.3152979270375,-13.278362855618175,4.897898825310428,0.30944960392785725
674,-1,task_available_time,<averaged>,N/A,create a single-page personal website,software_project,low,software,low,project,low,individual,N/A,N/A,70,weeks,original,numeric,70,70,weeks,nof_conv,16.098562628337,36,9.500993632679926,-15.173502063447204,-7.7956302140614335,0.29994574948099173
806,-1,task_available_time,<averaged>,N/A,create an e-commerce website,software_project,medium,software,medium,project,medium,individual,N/A,N/A,70,weeks,original,numeric,70,70,weeks,nof_conv,16.098562628337,36,27.700108198488078,-20.51489664236465,-6.479444305373526,0.2902022309219916
938,-1,task_available_time,<averaged>,N/A,design a communication plan for a company restructuring,communication_plan,high,communication,high,strategic,high,organization,N/A,N/A,70,weeks,original,numeric,70,70,weeks,nof_conv,16.098562628337,36,21.48836567590878,-9.271932825715762,1.9335935402836786,0.35273130083073606
2302,-1,task_available_time,<averaged>,N/A,organize a company-wide knowledge management system,organization_project,high,knowledge_preservation,high,systems,high,organization,N/A,N/A,70,weeks,original,numeric,70,70,weeks,nof_conv,16.098562628337,36,24.122748680192583,-17.172134439227484,-0.6951682624500618,0.31032103120090065
2434,-1,task_available_time,<averaged>,N/A,organize a shared drive for a small team,organization_project,medium,administrative,medium,logistical,medium,multi_agent,N/A,N/A,70,weeks,original,numeric,70,70,weeks,nof_conv,16.098562628337,36,11.433295035285772,-11.212648360727528,-16.71442068876945,0.2796654389091623
2522,-1,task_available_time,<averaged>,N/A,organize a wedding for a friend,event_planning,high,personal_lifestyle,high,coordination,medium,multi_agent,N/A,N/A,70,weeks,original,numeric,70,70,weeks,nof_conv,16.098562628337,36,17.64291400188056,-9.568846340990216,-11.738058865269984,0.25798604825988347
2874,-1,task_available_time,<averaged>,N/A,plan a move to a new city,relocation,medium,personal_lifestyle,medium,logistical,medium,individual,N/A,N/A,70,weeks,original,numeric,70,70,weeks,nof_conv,16.098562628337,36,18.753321774379692,-20.389131240590206,2.4036435278062167,0.28477165320507725
3050,-1,task_available_time,<averaged>,N/A,plan an international trip,travel_planning,medium,personal_lifestyle,medium,logistical,medium,individual,N/A,N/A,70,weeks,original,numeric,70,70,weeks,nof_conv,16.098562628337,36,18.16120635486879,1.937791784945714,-29.21763357867918,0.27852248314475125
3182,-1,task_available_time,<averaged>,N/A,preserve a small folder of important documents,knowledge_archive,low,knowledge_preservation,low,procedural,medium,individual,N/A,N/A,70,weeks,original,numeric,70,70,weeks,nof_conv,16.098562628337,36,4.848758651706504,-1.7840857363498746,-24.242625042505278,0.28044122804379285
3336,-1,task_available_time,<averaged>,N/A,renovate an apartment,home_renovation,medium,personal_lifestyle,medium,logistical,medium,multi_agent,N/A,N/A,70,weeks,original,numeric,70,70,weeks,nof_conv,16.098562628337,36,17.81018066080721,-16.871993992962516,-5.685448249223774,0.2805234339672566
3644,-1,task_available_time,<averaged>,N/A,train for a marathon,physical_training,medium,personal_lifestyle,medium,training,medium,individual,N/A,N/A,70,weeks,original,numeric,70,70,weeks,nof_conv,16.098562628337,36,31.311866385597373,-24.044080435300582,-14.77186195089999,0.28391822414549817
3732,-1,task_available_time,<averaged>,N/A,write a novel,creative_writing,high,creative,high,creative,medium,individual,N/A,N/A,70,weeks,original,numeric,70,70,weeks,nof_conv,16.098562628337,36,11.745543843999181,-9.94206162625632,-5.236124394551602,0.3082447897468735
102,-1,direct_help,N/A,N/A,build proficiency in a new language,skill_learning,medium,personal_lifestyle,medium,learning,medium,individual,N/A,N/A,70,weeks,original,numeric,70,70,weeks,plain,16.098562628337,48,30.302126390267,-24.786663838837683,-27.877411546468718,0.19357387663045925
344,-1,direct_help,N/A,N/A,coordinate a disaster relief effort,emergency_response,high,safety,high,coordination,high,multi_agent,N/A,N/A,70,weeks,original,numeric,70,70,weeks,plain,16.098562628337,48,30.32837560224574,-6.378632971966699,-29.50434559688608,0.19330070675790564
542,-1,direct_help,N/A,N/A,create a scalable marketplace platform,software_project,high,software,high,project,high,organization,N/A,N/A,70,weeks,original,numeric,70,70,weeks,plain,16.098562628337,48,36.537893448961945,-22.631138510021437,-12.000346037158662,0.16275933508965948
674,-1,direct_help,N/A,N/A,create a single-page personal website,software_project,low,software,low,project,low,individual,N/A,N/A,70,weeks,original,numeric,70,70,weeks,plain,16.098562628337,48,21.409158141808106,-24.04569896241244,-25.53191494816006,0.1706816525899899
806,-1,direct_help,N/A,N/A,create an e-commerce website,software_project,medium,software,medium,project,medium,individual,N/A,N/A,70,weeks,original,numeric,70,70,weeks,plain,16.098562628337,48,31.00073788943118,-32.28734838949683,-21.931433741808792,0.16084532702119095
938,-1,direct_help,N/A,N/A,design a communication plan for a company restructuring,communication_plan,high,communication,high,strategic,high,organization,N/A,N/A,70,weeks,original,numeric,70,70,weeks,plain,16.098562628337,48,29.295171440780518,-24.094917702781427,-18.37981550099583,0.15902773838335235
2302,-1,direct_help,N/A,N/A,organize a company-wide knowledge management system,organization_project,high,knowledge_preservation,high,systems,high,organization,N/A,N/A,70,weeks,original,numeric,70,70,weeks,plain,16.098562628337,48,32.041052663838244,-26.30495003225836,-19.455810776611443,0.1505578565519778
2434,-1,direct_help,N/A,N/A,organize a shared drive for a small team,organization_project,medium,administrative,medium,logistical,medium,multi_agent,N/A,N/A,70,weeks,original,numeric,70,70,weeks,plain,16.098562628337,48,19.034519054292105,-18.398872949149986,-40.00315325735184,0.1646725367831287
2522,-1,direct_help,N/A,N/A,organize a wedding for a friend,event_planning,high,personal_lifestyle,high,coordination,medium,multi_agent,N/A,N/A,70,weeks,original,numeric,70,70,weeks,plain,16.098562628337,48,22.268172818516543,-14.567291772454837,-34.651736144666835,0.21080713072859195
2874,-1,direct_help,N/A,N/A,plan a move to a new city,relocation,medium,personal_lifestyle,medium,logistical,medium,individual,N/A,N/A,70,weeks,original,numeric,70,70,weeks,plain,16.098562628337,48,25.29013950327245,-21.630917628969982,-28.878742772733002,0.19057792679860053
3050,-1,direct_help,N/A,N/A,plan an international trip,travel_planning,medium,personal_lifestyle,medium,logistical,medium,individual,N/A,N/A,70,weeks,original,numeric,70,70,weeks,plain,16.098562628337,48,24.125821941029795,-11.033926803232918,-39.89726277485105,0.1921101757102748
3182,-1,direct_help,N/A,N/A,preserve a small folder of important documents,knowledge_archive,low,knowledge_preservation,low,procedural,medium,individual,N/A,N/A,70,weeks,original,numeric,70,70,weeks,plain,16.098562628337,48,12.871822548825518,-8.270734574684612,-52.943555151085704,0.21194754868987226
3336,-1,direct_help,N/A,N/A,renovate an apartment,home_renovation,medium,personal_lifestyle,medium,logistical,medium,multi_agent,N/A,N/A,70,weeks,original,numeric,70,70,weeks,plain,16.098562628337,48,25.252715364395037,-26.542547711783666,-30.03621351334683,0.194315424781006
3644,-1,direct_help,N/A,N/A,train for a marathon,physical_training,medium,personal_lifestyle,medium,training,medium,individual,N/A,N/A,70,weeks,original,numeric,70,70,weeks,plain,16.098562628337,48,34.83760398207512,-28.370739599357936,-32.20431999465043,0.22128786250495935
3732,-1,direct_help,N/A,N/A,write a novel,creative_writing,high,creative,high,creative,medium,individual,N/A,N/A,70,weeks,original,numeric,70,70,weeks,plain,16.098562628337,48,24.72357256361468,-18.44314432739936,-22.38897904828872,0.21250729438288668
102,-1,direct_help,N/A,N/A,build proficiency in a new language,skill_learning,medium,personal_lifestyle,medium,learning,medium,individual,N/A,N/A,70,weeks,original,numeric,70,70,weeks,plain_long,16.098562628337,48,30.273613084418695,-15.228766995281553,-7.7634635260007725,0.16435331096796094
344,-1,direct_help,N/A,N/A,coordinate a disaster relief effort,emergency_response,high,safety,high,coordination,high,multi_agent,N/A,N/A,70,weeks,original,numeric,70,70,weeks,plain_long,16.098562628337,48,29.64894968637083,-7.04177981505209,-6.843257769210322,0.1388821242455919
542,-1,direct_help,N/A,N/A,create a scalable marketplace platform,software_project,high,software,high,project,high,organization,N/A,N/A,70,weeks,original,numeric,70,70,weeks,plain_long,16.098562628337,48,32.58538948592781,-16.745348272776873,2.3185160485872434,0.167556758832035
674,-1,direct_help,N/A,N/A,create a single-page personal website,software_project,low,software,low,project,low,individual,N/A,N/A,70,weeks,original,numeric,70,70,weeks,plain_long,16.098562628337,48,22.807320880437285,-19.233172282534323,-4.34250946961107,0.15801746394183985
806,-1,direct_help,N/A,N/A,create an e-commerce website,software_project,medium,software,medium,project,medium,individual,N/A,N/A,70,weeks,original,numeric,70,70,weeks,plain_long,16.098562628337,48,30.224346362480688,-22.83673203551976,-2.4799692268731555,0.14764145587609193
938,-1,direct_help,N/A,N/A,design a communication plan for a company restructuring,communication_plan,high,communication,high,strategic,high,organization,N/A,N/A,70,weeks,original,numeric,70,70,weeks,plain_long,16.098562628337,48,25.784182142206948,-16.952519998122632,-1.4831161500263874,0.14972268029921207
2302,-1,direct_help,N/A,N/A,organize a company-wide knowledge management system,organization_project,high,knowledge_preservation,high,systems,high,organization,N/A,N/A,70,weeks,original,numeric,70,70,weeks,plain_long,16.098562628337,48,28.345485517506866,-19.05595794222852,-1.7675883602623106,0.14605904775586798
2434,-1,direct_help,N/A,N/A,organize a shared drive for a small team,organization_project,medium,administrative,medium,logistical,medium,multi_agent,N/A,N/A,70,weeks,original,numeric,70,70,weeks,plain_long,16.098562628337,48,20.71477246804044,-15.996184980062717,-12.948688051811386,0.13868113042576724
2522,-1,direct_help,N/A,N/A,organize a wedding for a friend,event_planning,high,personal_lifestyle,high,coordination,medium,multi_agent,N/A,N/A,70,weeks,original,numeric,70,70,weeks,plain_long,16.098562628337,48,25.514358110202473,-14.610272365195748,-9.586732719513721,0.15586706443788437
2874,-1,direct_help,N/A,N/A,plan a move to a new city,relocation,medium,personal_lifestyle,medium,logistical,medium,individual,N/A,N/A,70,weeks,original,numeric,70,70,weeks,plain_long,16.098562628337,48,26.3705174579726,-16.97739518409178,-6.195071411617855,0.14904807046118382
3050,-1,direct_help,N/A,N/A,plan an international trip,travel_planning,medium,personal_lifestyle,medium,logistical,medium,individual,N/A,N/A,70,weeks,original,numeric,70,70,weeks,plain_long,16.098562628337,48,25.511148494232884,-10.58761672673987,-12.265164767475216,0.135706974284556
3182,-1,direct_help,N/A,N/A,preserve a small folder of important documents,knowledge_archive,low,knowledge_preservation,low,procedural,medium,individual,N/A,N/A,70,weeks,original,numeric,70,70,weeks,plain_long,16.098562628337,48,17.15987977873998,-10.328627692977465,-17.659617169041624,0.15272289912637407
3336,-1,direct_help,N/A,N/A,renovate an apartment,home_renovation,medium,personal_lifestyle,medium,logistical,medium,multi_agent,N/A,N/A,70,weeks,original,numeric,70,70,weeks,plain_long,16.098562628337,48,26.19038707987372,-20.115656016297894,-6.61818115206629,0.14745850501750096
3644,-1,direct_help,N/A,N/A,train for a marathon,physical_training,medium,personal_lifestyle,medium,training,medium,individual,N/A,N/A,70,weeks,original,numeric,70,70,weeks,plain_long,16.098562628337,48,32.10625323176765,-16.53033457769985,-8.981363037606284,0.16528064429938125
3732,-1,direct_help,N/A,N/A,write a novel,creative_writing,high,creative,high,creative,medium,individual,N/A,N/A,70,weeks,original,numeric,70,70,weeks,plain_long,16.098562628337,48,25.840765252678324,-14.058025428224429,-4.229468503713366,0.17396047658244465
106,-1,task_available_time,<averaged>,N/A,build proficiency in a new language,skill_learning,medium,personal_lifestyle,medium,learning,medium,individual,N/A,N/A,100,weeks,original,numeric,100,100,weeks,nof_conv,22.99794661191,36,25.58448989476127,-20.195114495407967,-9.90781805527749,0.27817283816490496
348,-1,task_available_time,<averaged>,N/A,coordinate a disaster relief effort,emergency_response,high,safety,high,coordination,high,multi_agent,N/A,N/A,100,weeks,original,numeric,100,100,weeks,nof_conv,22.99794661191,36,23.18433830817709,11.313788625111721,-1.5599540022882616,0.3081377107360086
546,-1,task_available_time,<averaged>,N/A,create a scalable marketplace platform,software_project,high,software,high,project,high,organization,N/A,N/A,100,weeks,original,numeric,100,100,weeks,nof_conv,22.99794661191,36,38.033102713730706,-9.520282253028258,6.615365137615297,0.3088649609245529
678,-1,task_available_time,<averaged>,N/A,create a single-page personal website,software_project,low,software,low,project,low,individual,N/A,N/A,100,weeks,original,numeric,100,100,weeks,nof_conv,22.99794661191,36,12.096951358969479,-9.251656463888622,-8.568390505612937,0.29878879747987946
810,-1,task_available_time,<averaged>,N/A,create an e-commerce website,software_project,medium,software,medium,project,medium,individual,N/A,N/A,100,weeks,original,numeric,100,100,weeks,nof_conv,22.99794661191,36,30.010700681258236,-15.823196031491154,-6.145061326846166,0.287846139463905
942,-1,task_available_time,<averaged>,N/A,design a communication plan for a company restructuring,communication_plan,high,communication,high,strategic,high,organization,N/A,N/A,100,weeks,original,numeric,100,100,weeks,nof_conv,22.99794661191,36,23.335710853049097,-4.001764777788584,2.0191917780873077,0.35093002785247995
2306,-1,task_available_time,<averaged>,N/A,organize a company-wide knowledge management system,organization_project,high,knowledge_preservation,high,systems,high,organization,N/A,N/A,100,weeks,original,numeric,100,100,weeks,nof_conv,22.99794661191,36,26.621300377622582,-13.17190014649683,0.682274121205783,0.3080759817169682
2438,-1,task_available_time,<averaged>,N/A,organize a shared drive for a small team,organization_project,medium,administrative,medium,logistical,medium,multi_agent,N/A,N/A,100,weeks,original,numeric,100,100,weeks,nof_conv,22.99794661191,36,13.271101632989442,-3.9379443539138275,-16.22816370680487,0.2774631801799613
2526,-1,task_available_time,<averaged>,N/A,organize a wedding for a friend,event_planning,high,personal_lifestyle,high,coordination,medium,multi_agent,N/A,N/A,100,weeks,original,numeric,100,100,weeks,nof_conv,22.99794661191,36,19.328964648361058,-5.34443007076453,-9.354282309512334,0.2580189259235842
2878,-1,task_available_time,<averaged>,N/A,plan a move to a new city,relocation,medium,personal_lifestyle,medium,logistical,medium,individual,N/A,N/A,100,weeks,original,numeric,100,100,weeks,nof_conv,22.99794661191,36,20.56249615484738,-18.262938340156055,4.007041542449811,0.28454501931246967
3054,-1,task_available_time,<averaged>,N/A,plan an international trip,travel_planning,medium,personal_lifestyle,medium,logistical,medium,individual,N/A,N/A,100,weeks,original,numeric,100,100,weeks,nof_conv,22.99794661191,36,20.813863188347952,7.035500641045344,-26.107102536884838,0.2747943571453186
3186,-1,task_available_time,<averaged>,N/A,preserve a small folder of important documents,knowledge_archive,low,knowledge_preservation,low,procedural,medium,individual,N/A,N/A,100,weeks,original,numeric,100,100,weeks,nof_conv,22.99794661191,36,7.146913387992722,2.7624820060670894,-23.391826561689985,0.27783305207883224
3340,-1,task_available_time,<averaged>,N/A,renovate an apartment,home_renovation,medium,personal_lifestyle,medium,logistical,medium,multi_agent,N/A,N/A,100,weeks,original,numeric,100,100,weeks,nof_conv,22.99794661191,36,20.366041120225695,-13.764449909727217,-4.44616583545399,0.27725809989618105
3648,-1,task_available_time,<averaged>,N/A,train for a marathon,physical_training,medium,personal_lifestyle,medium,training,medium,individual,N/A,N/A,100,weeks,original,numeric,100,100,weeks,nof_conv,22.99794661191,36,33.174415736145754,-22.16102077712603,-12.333639968244311,0.28300440976888847
3736,-1,task_available_time,<averaged>,N/A,write a novel,creative_writing,high,creative,high,creative,medium,individual,N/A,N/A,100,weeks,original,numeric,100,100,weeks,nof_conv,22.99794661191,36,14.071821571321161,-7.255496689157222,-4.4675944476241245,0.30794247420411214
106,-1,direct_help,N/A,N/A,build proficiency in a new language,skill_learning,medium,personal_lifestyle,medium,learning,medium,individual,N/A,N/A,100,weeks,original,numeric,100,100,weeks,plain,22.99794661191,48,31.478945013477876,-25.438275571865148,-22.722256937844826,0.19433541206907826
348,-1,direct_help,N/A,N/A,coordinate a disaster relief effort,emergency_response,high,safety,high,coordination,high,multi_agent,N/A,N/A,100,weeks,original,numeric,100,100,weeks,plain,22.99794661191,48,32.3278518048661,-7.116476102419781,-24.02673894554955,0.1914993950346545
546,-1,direct_help,N/A,N/A,create a scalable marketplace platform,software_project,high,software,high,project,high,organization,N/A,N/A,100,weeks,original,numeric,100,100,weeks,plain,22.99794661191,48,37.848025367846624,-21.891763840621092,-9.550958869260938,0.16291028508833622
678,-1,direct_help,N/A,N/A,create a single-page personal website,software_project,low,software,low,project,low,individual,N/A,N/A,100,weeks,original,numeric,100,100,weeks,plain,22.99794661191,48,22.662712174882873,-23.408974612609367,-23.61783753895718,0.17665375216090776
810,-1,direct_help,N/A,N/A,create an e-commerce website,software_project,medium,software,medium,project,medium,individual,N/A,N/A,100,weeks,original,numeric,100,100,weeks,plain,22.99794661191,48,32.32134012760005,-30.75945218890746,-19.61455469092021,0.16382434309977129
942,-1,direct_help,N/A,N/A,design a communication plan for a company restructuring,communication_plan,high,communication,high,strategic,high,organization,N/A,N/A,100,weeks,original,numeric,100,100,weeks,plain,22.99794661191,48,30.628009971856702,-23.789638828521,-15.30844487449432,0.1601206531384
2306,-1,direct_help,N/A,N/A,organize a company-wide knowledge management system,organization_project,high,knowledge_preservation,high,systems,high,organization,N/A,N/A,100,weeks,original,numeric,100,100,weeks,plain,22.99794661191,48,33.51178445854602,-25.924515630340395,-16.335065636817475,0.15089831380358182
2438,-1,direct_help,N/A,N/A,organize a shared drive for a small team,organization_project,medium,administrative,medium,logistical,medium,multi_agent,N/A,N/A,100,weeks,original,numeric,100,100,weeks,plain,22.99794661191,48,20.315661160790967,-18.77882558381894,-35.9894266408723,0.16603240701676317
2526,-1,direct_help,N/A,N/A,organize a wedding for a friend,event_planning,high,personal_lifestyle,high,coordination,medium,multi_agent,N/A,N/A,100,weeks,original,numeric,100,100,weeks,plain,22.99794661191,48,24.244855607161174,-16.447803740091995,-28.337527074610144,0.21195648337079276
2878,-1,direct_help,N/A,N/A,plan a move to a new city,relocation,medium,personal_lifestyle,medium,logistical,medium,individual,N/A,N/A,100,weeks,original,numeric,100,100,weeks,plain,22.99794661191,48,27.197365710814225,-22.4908252798982,-23.05829003019194,0.19071050928487285
3054,-1,direct_help,N/A,N/A,plan an international trip,travel_planning,medium,personal_lifestyle,medium,logistical,medium,individual,N/A,N/A,100,weeks,original,numeric,100,100,weeks,plain,22.99794661191,48,26.204278603434076,-10.249045082747251,-33.55852376950686,0.19313061967555745
3186,-1,direct_help,N/A,N/A,preserve a small folder of important documents,knowledge_archive,low,knowledge_preservation,low,procedural,medium,individual,N/A,N/A,100,weeks,original,numeric,100,100,weeks,plain,22.99794661191,48,13.681541789286008,-8.82030158061557,-48.73641389336029,0.2146683232698414
3340,-1,direct_help,N/A,N/A,renovate an apartment,home_renovation,medium,personal_lifestyle,medium,logistical,medium,multi_agent,N/A,N/A,100,weeks,original,numeric,100,100,weeks,plain,22.99794661191,48,27.324977196478066,-26.990068050442527,-24.870760762493937,0.19285726787456492
3648,-1,direct_help,N/A,N/A,train for a marathon,physical_training,medium,personal_lifestyle,medium,training,medium,individual,N/A,N/A,100,weeks,original,numeric,100,100,weeks,plain,22.99794661191,48,36.65376941622293,-28.494810703206785,-27.347848251998226,0.22163066442668405
3736,-1,direct_help,N/A,N/A,write a novel,creative_writing,high,creative,high,creative,medium,individual,N/A,N/A,100,weeks,original,numeric,100,100,weeks,plain,22.99794661191,48,25.80584033144096,-19.9184748805477,-18.645271002669535,0.2184474648196622
106,-1,direct_help,N/A,N/A,build proficiency in a new language,skill_learning,medium,personal_lifestyle,medium,learning,medium,individual,N/A,N/A,100,weeks,original,numeric,100,100,weeks,plain_long,22.99794661191,48,30.87295486027298,-15.610074112134226,-5.016752302624452,0.16357602830859272
348,-1,direct_help,N/A,N/A,coordinate a disaster relief effort,emergency_response,high,safety,high,coordination,high,multi_agent,N/A,N/A,100,weeks,original,numeric,100,100,weeks,plain_long,22.99794661191,48,30.728807710737993,-7.279926580822907,-3.9696387177105255,0.13599002993338427
546,-1,direct_help,N/A,N/A,create a scalable marketplace platform,software_project,high,software,high,project,high,organization,N/A,N/A,100,weeks,original,numeric,100,100,weeks,plain_long,22.99794661191,48,33.43735953441975,-16.4703009802402,3.6467042255812228,0.16661111934781742
678,-1,direct_help,N/A,N/A,create a single-page personal website,software_project,low,software,low,project,low,individual,N/A,N/A,100,weeks,original,numeric,100,100,weeks,plain_long,22.99794661191,48,23.7696713267424,-18.851318712304003,-3.427501824055743,0.15962720763251045
810,-1,direct_help,N/A,N/A,create an e-commerce website,software_project,medium,software,medium,project,medium,individual,N/A,N/A,100,weeks,original,numeric,100,100,weeks,plain_long,22.99794661191,48,31.120593315007078,-22.074825533807342,-1.354131548516797,0.14834296564749958
942,-1,direct_help,N/A,N/A,design a communication plan for a company restructuring,communication_plan,high,communication,high,strategic,high,organization,N/A,N/A,100,weeks,original,numeric,100,100,weeks,plain_long,22.99794661191,48,26.744692311876104,-16.696116821954053,0.09333102162149337,0.1492693623516086
2306,-1,direct_help,N/A,N/A,organize a company-wide knowledge management system,organization_project,high,knowledge_preservation,high,systems,high,organization,N/A,N/A,100,weeks,original,numeric,100,100,weeks,plain_long,22.99794661191,48,29.240651839857637,-18.727106828501885,-0.15496255800742886,0.14534779532406772
2438,-1,direct_help,N/A,N/A,organize a shared drive for a small team,organization_project,medium,administrative,medium,logistical,medium,multi_agent,N/A,N/A,100,weeks,original,numeric,100,100,weeks,plain_long,22.99794661191,48,21.412109826037252,-16.162177535318705,-10.771453034761517,0.13923788975843432
2526,-1,direct_help,N/A,N/A,organize a wedding for a friend,event_planning,high,personal_lifestyle,high,coordination,medium,multi_agent,N/A,N/A,100,weeks,original,numeric,100,100,weeks,plain_long,22.99794661191,48,26.41311451350763,-15.45756740594643,-6.348871255098907,0.15549821010842937
2878,-1,direct_help,N/A,N/A,plan a move to a new city,relocation,medium,personal_lifestyle,medium,logistical,medium,individual,N/A,N/A,100,weeks,original,numeric,100,100,weeks,plain_long,22.99794661191,48,27.351434067655827,-17.163002426279764,-3.452916204570391,0.1475739968929908
3054,-1,direct_help,N/A,N/A,plan an international trip,travel_planning,medium,personal_lifestyle,medium,logistical,medium,individual,N/A,N/A,100,weeks,original,numeric,100,100,weeks,plain_long,22.99794661191,48,26.900952535783688,-10.28524787969701,-9.176975277804974,0.136177255373747
3186,-1,direct_help,N/A,N/A,preserve a small folder of important documents,knowledge_archive,low,knowledge_preservation,low,procedural,medium,individual,N/A,N/A,100,weeks,original,numeric,100,100,weeks,plain_long,22.99794661191,48,17.567083826505634,-10.49109078563434,-15.540931565739061,0.15302135099206576
3340,-1,direct_help,N/A,N/A,renovate an apartment,home_renovation,medium,personal_lifestyle,medium,logistical,medium,multi_agent,N/A,N/A,100,weeks,original,numeric,100,100,weeks,plain_long,22.99794661191,48,27.408740691023823,-20.186148910762952,-4.36095885807266,0.14659363157549984
3648,-1,direct_help,N/A,N/A,train for a marathon,physical_training,medium,personal_lifestyle,medium,training,medium,individual,N/A,N/A,100,weeks,original,numeric,100,100,weeks,plain_long,22.99794661191,48,33.13572302919134,-16.4378946290994,-6.31510883103249,0.1643737188932265
3736,-1,direct_help,N/A,N/A,write a novel,creative_writing,high,creative,high,creative,medium,individual,N/A,N/A,100,weeks,original,numeric,100,100,weeks,plain_long,22.99794661191,48,26.39994916851714,-14.92936708741729,-2.208026562204906,0.1754068798198732
110,-1,task_available_time,<averaged>,N/A,build proficiency in a new language,skill_learning,medium,personal_lifestyle,medium,learning,medium,individual,N/A,N/A,1,years,original,numeric,1,1,year,nof_conv,12.0,36,15.473399762400001,-36.51593296595848,14.939366504507031,0.29344510952730796
1034,-1,task_available_time,<averaged>,N/A,design an institution for long-term stability and effectiveness,institution_design,high,civilization,high,strategic,high,organization,N/A,N/A,1,years,original,numeric,1,1,year,nof_conv,12.0,36,16.005046936683502,9.226180901306076,29.7488492369488,0.34076014100725066
1254,-1,task_available_time,<averaged>,N/A,design and preserve a knowledge archive for future civilizations,knowledge_archive,high,knowledge_preservation,high,strategic,high,civilization,N/A,N/A,1,years,original,numeric,1,1,year,nof_conv,12.0,36,25.372105156280586,10.443507328632785,44.727864863606,0.33181455352244416
1474,-1,task_available_time,<averaged>,N/A,develop a long-term personal investment strategy,investment_strategy,high,business,high,strategic,high,individual,N/A,N/A,1,years,original,numeric,1,1,year,nof_conv,12.0,36,25.46459982435503,-0.2892773226243119,11.120259124781224,0.313492685988046
1606,-1,task_available_time,<averaged>,N/A,develop a long-term plan for safely containing hazardous materials,hazard_containment,high,safety,high,risk_management,high,organization,N/A,N/A,1,years,original,numeric,1,1,year,nof_conv,12.0,36,35.56801217950911,-6.054551380066721,21.82048539270093,0.4032284345269642
1826,-1,task_available_time,<averaged>,N/A,develop a process to preserve an organization's records for future teams,knowledge_archive,medium,knowledge_preservation,medium,systems,high,organization,N/A,N/A,1,years,original,numeric,1,1,year,nof_conv,12.0,36,19.153736682329715,-23.90132197052066,21.800683675385724,0.3547942287344018
2090,-1,task_available_time,<averaged>,N/A,expand a local business to new markets,business_expansion,high,business,high,strategic,high,organization,N/A,N/A,1,years,original,numeric,1,1,year,nof_conv,12.0,36,12.889751388053364,-30.12916447440791,35.727590641437125,0.348767347628008
2530,-1,task_available_time,<averaged>,N/A,organize a wedding for a friend,event_planning,high,personal_lifestyle,high,coordination,medium,multi_agent,N/A,N/A,1,years,original,numeric,1,1,year,nof_conv,12.0,36,18.30541755260803,-35.162135211380395,18.62650842576785,0.2860833745509607
3432,-1,task_available_time,<averaged>,N/A,restore a degraded ecosystem to long-term stability,ecosystem_restoration,very_high,safety,very_high,systems,high,multi_agent,N/A,N/A,1,years,original,numeric,1,1,year,nof_conv,12.0,36,16.104130855863314,-6.146423285436461,32.63460963437302,0.3505779856294075
3740,-1,task_available_time,<averaged>,N/A,write a novel,creative_writing,high,creative,high,creative,medium,individual,N/A,N/A,1,years,original,numeric,1,1,year,nof_conv,12.0,36,8.675555343631181,-18.9841390847919,12.468983762184584,0.3104520437856258
110,-1,direct_help,N/A,N/A,build proficiency in a new language,skill_learning,medium,personal_lifestyle,medium,learning,medium,individual,N/A,N/A,1,years,original,numeric,1,1,year,plain,12.0,48,23.15963319402456,-40.03662924741923,-5.290651121198039,0.22851273198011152
1034,-1,direct_help,N/A,N/A,design an institution for long-term stability and effectiveness,institution_design,high,civilization,high,strategic,high,organization,N/A,N/A,1,years,original,numeric,1,1,year,plain,12.0,48,30.106019038041172,-4.9131264295196795,-4.089431674821683,0.19726961902292425
1254,-1,direct_help,N/A,N/A,design and preserve a knowledge archive for future civilizations,knowledge_archive,high,knowledge_preservation,high,strategic,high,civilization,N/A,N/A,1,years,original,numeric,1,1,year,plain,12.0,48,40.6399788335652,7.615307354067007,15.71009439293816,0.1858604429664681
1474,-1,direct_help,N/A,N/A,develop a long-term personal investment strategy,investment_strategy,high,business,high,strategic,high,individual,N/A,N/A,1,years,original,numeric,1,1,year,plain,12.0,48,25.91471573238186,-14.970452239761682,-12.154630058871978,0.2001185552555634
1606,-1,direct_help,N/A,N/A,develop a long-term plan for safely containing hazardous materials,hazard_containment,high,safety,high,risk_management,high,organization,N/A,N/A,1,years,original,numeric,1,1,year,plain,12.0,48,33.09084880122973,-12.885011854267775,-13.933385727812304,0.1947309606965426
1826,-1,direct_help,N/A,N/A,develop a process to preserve an organization's records for future teams,knowledge_archive,medium,knowledge_preservation,medium,systems,high,organization,N/A,N/A,1,years,original,numeric,1,1,year,plain,12.0,48,23.122434133857176,-32.17864472335338,-8.03743994904695,0.1935826597899695
2090,-1,direct_help,N/A,N/A,expand a local business to new markets,business_expansion,high,business,high,strategic,high,organization,N/A,N/A,1,years,original,numeric,1,1,year,plain,12.0,48,19.962515834120328,-38.714016755580985,-3.578508659366558,0.21385291315020794
2530,-1,direct_help,N/A,N/A,organize a wedding for a friend,event_planning,high,personal_lifestyle,high,coordination,medium,multi_agent,N/A,N/A,1,years,original,numeric,1,1,year,plain,12.0,48,20.953872305729917,-41.573938835502396,-9.879542964033154,0.2456146097963101
3432,-1,direct_help,N/A,N/A,restore a degraded ecosystem to long-term stability,ecosystem_restoration,very_high,safety,very_high,systems,high,multi_agent,N/A,N/A,1,years,original,numeric,1,1,year,plain,12.0,48,31.187648929766674,-6.928370270024608,2.1906581350066325,0.2211442603439545
3740,-1,direct_help,N/A,N/A,write a novel,creative_writing,high,creative,high,creative,medium,individual,N/A,N/A,1,years,original,numeric,1,1,year,plain,12.0,48,17.908616198659445,-32.17052995561488,-3.9711163405887717,0.24438071602782563
110,-1,direct_help,N/A,N/A,build proficiency in a new language,skill_learning,medium,personal_lifestyle,medium,learning,medium,individual,N/A,N/A,1,years,original,numeric,1,1,year,plain_long,12.0,48,23.09992876649876,-24.134844531302512,5.2903661027911335,0.1793024467934912
1034,-1,direct_help,N/A,N/A,design an institution for long-term stability and effectiveness,institution_design,high,civilization,high,strategic,high,organization,N/A,N/A,1,years,original,numeric,1,1,year,plain_long,12.0,48,25.990922991925892,-6.806828854029094,5.908770131953396,0.18428534790902604
1254,-1,direct_help,N/A,N/A,design and preserve a knowledge archive for future civilizations,knowledge_archive,high,knowledge_preservation,high,strategic,high,civilization,N/A,N/A,1,years,original,numeric,1,1,year,plain_long,12.0,48,34.27733994281215,1.8299399427411842,18.071959605159034,0.1625775495588168
1474,-1,direct_help,N/A,N/A,develop a long-term personal investment strategy,investment_strategy,high,business,high,strategic,high,individual,N/A,N/A,1,years,original,numeric,1,1,year,plain_long,12.0,48,23.943422031261015,-13.114054098084083,1.0387351930311268,0.17173712259088952
1606,-1,direct_help,N/A,N/A,develop a long-term plan for safely containing hazardous materials,hazard_containment,high,safety,high,risk_management,high,organization,N/A,N/A,1,years,original,numeric,1,1,year,plain_long,12.0,48,27.53909721204117,-10.96968043476655,-0.2058584632676922,0.15687111517641184
1826,-1,direct_help,N/A,N/A,develop a process to preserve an organization's records for future teams,knowledge_archive,medium,knowledge_preservation,medium,systems,high,organization,N/A,N/A,1,years,original,numeric,1,1,year,plain_long,12.0,48,19.80537314932487,-23.709418852363846,5.270692642908219,0.167880376343293
2090,-1,direct_help,N/A,N/A,expand a local business to new markets,business_expansion,high,business,high,strategic,high,organization,N/A,N/A,1,years,original,numeric,1,1,year,plain_long,12.0,48,20.082401642105225,-25.26476190105744,7.547602007682057,0.16325591789813934
2530,-1,direct_help,N/A,N/A,organize a wedding for a friend,event_planning,high,personal_lifestyle,high,coordination,medium,multi_agent,N/A,N/A,1,years,original,numeric,1,1,year,plain_long,12.0,48,20.88894657983974,-29.78029571899259,5.608244565384702,0.17000629152858576
3432,-1,direct_help,N/A,N/A,restore a degraded ecosystem to long-term stability,ecosystem_restoration,very_high,safety,very_high,systems,high,multi_agent,N/A,N/A,1,years,original,numeric,1,1,year,plain_long,12.0,48,29.297893600454287,-4.342345063246616,10.058442550309314,0.16928378364148833
3740,-1,direct_help,N/A,N/A,write a novel,creative_writing,high,creative,high,creative,medium,individual,N/A,N/A,1,years,original,numeric,1,1,year,plain_long,12.0,48,19.45276034360943,-22.190708899665278,7.167753380289185,0.19509637308432026
114,-1,task_available_time,<averaged>,N/A,build proficiency in a new language,skill_learning,medium,personal_lifestyle,medium,learning,medium,individual,N/A,N/A,2,years,original,numeric,2,2,years,nof_conv,24.0,36,20.47388285906932,-33.24937123748494,6.207647366527718,0.2874789747236876
1038,-1,task_available_time,<averaged>,N/A,design an institution for long-term stability and effectiveness,institution_design,high,civilization,high,strategic,high,organization,N/A,N/A,2,years,original,numeric,2,2,years,nof_conv,24.0,36,22.916246628476458,9.180162951350287,22.699182203740346,0.339635219141187
1258,-1,task_available_time,<averaged>,N/A,design and preserve a knowledge archive for future civilizations,knowledge_archive,high,knowledge_preservation,high,strategic,high,civilization,N/A,N/A,2,years,original,numeric,2,2,years,nof_conv,24.0,36,30.015580551343525,11.077352768173856,39.888477703941156,0.32897833601952187
1478,-1,task_available_time,<averaged>,N/A,develop a long-term personal investment strategy,investment_strategy,high,business,high,strategic,high,individual,N/A,N/A,2,years,original,numeric,2,2,years,nof_conv,24.0,36,36.25820408850028,-5.364025248461257,6.267880203295006,0.30597063172213645
1610,-1,task_available_time,<averaged>,N/A,develop a long-term plan for safely containing hazardous materials,hazard_containment,high,safety,high,risk_management,high,organization,N/A,N/A,2,years,original,numeric,2,2,years,nof_conv,24.0,36,40.925271577952074,-3.9938025666716195,17.26070367435805,0.40323694040435815
1830,-1,task_available_time,<averaged>,N/A,develop a process to preserve an organization's records for future teams,knowledge_archive,medium,knowledge_preservation,medium,systems,high,organization,N/A,N/A,2,years,original,numeric,2,2,years,nof_conv,24.0,36,24.15894941057158,-20.088831839893487,14.128986162000116,0.3500666407382082
2094,-1,task_available_time,<averaged>,N/A,expand a local business to new markets,business_expansion,high,business,high,strategic,high,organization,N/A,N/A,2,years,original,numeric,2,2,years,nof_conv,24.0,36,18.233618343103196,-28.505632314888878,28.147047374736065,0.34490953848116074
2534,-1,task_available_time,<averaged>,N/A,organize a wedding for a friend,event_planning,high,personal_lifestyle,high,coordination,medium,multi_agent,N/A,N/A,2,years,original,numeric,2,2,years,nof_conv,24.0,36,20.04670146179683,-26.11999254096778,9.170868803196722,0.2755941678672395
3436,-1,task_available_time,<averaged>,N/A,restore a degraded ecosystem to long-term stability,ecosystem_restoration,very_high,safety,very_high,systems,high,multi_agent,N/A,N/A,2,years,original,numeric,2,2,years,nof_conv,24.0,36,19.624867509658742,-6.483060556252782,26.537518667858723,0.3489277249242853
3744,-1,task_available_time,<averaged>,N/A,write a novel,creative_writing,high,creative,high,creative,medium,individual,N/A,N/A,2,years,original,numeric,2,2,years,nof_conv,24.0,36,12.649355340707878,-15.816598247373578,4.434667267546602,0.3069526115459292
114,-1,direct_help,N/A,N/A,build proficiency in a new language,skill_learning,medium,personal_lifestyle,medium,learning,medium,individual,N/A,N/A,2,years,original,numeric,2,2,years,plain,24.0,48,26.159372331816936,-39.031130451194166,-11.348330078840776,0.2259510892987815
1038,-1,direct_help,N/A,N/A,design an institution for long-term stability and effectiveness,institution_design,high,civilization,high,strategic,high,organization,N/A,N/A,2,years,original,numeric,2,2,years,plain,24.0,48,33.421206557301495,-5.521696280601292,-7.978164859326327,0.2024902677223075
1258,-1,direct_help,N/A,N/A,design and preserve a knowledge archive for future civilizations,knowledge_archive,high,knowledge_preservation,high,strategic,high,civilization,N/A,N/A,2,years,original,numeric,2,2,years,plain,24.0,48,43.4031392811776,6.701792658415948,11.840768909000502,0.18875691732287866
1478,-1,direct_help,N/A,N/A,develop a long-term personal investment strategy,investment_strategy,high,business,high,strategic,high,individual,N/A,N/A,2,years,original,numeric,2,2,years,plain,24.0,48,29.64677146931258,-19.345753991503464,-16.664405598554918,0.1993166298860134
1610,-1,direct_help,N/A,N/A,develop a long-term plan for safely containing hazardous materials,hazard_containment,high,safety,high,risk_management,high,organization,N/A,N/A,2,years,original,numeric,2,2,years,plain,24.0,48,36.52572226021676,-13.602922061855411,-17.51845669097274,0.19835688806877583
1830,-1,direct_help,N/A,N/A,develop a process to preserve an organization's records for future teams,knowledge_archive,medium,knowledge_preservation,medium,systems,high,organization,N/A,N/A,2,years,original,numeric,2,2,years,plain,24.0,48,27.072927977295237,-30.598495954621683,-13.411649812170635,0.19840879711275386
2094,-1,direct_help,N/A,N/A,expand a local business to new markets,business_expansion,high,business,high,strategic,high,organization,N/A,N/A,2,years,original,numeric,2,2,years,plain,24.0,48,23.129844054548386,-38.16532142977345,-8.280235856873325,0.21547991572521003
2534,-1,direct_help,N/A,N/A,organize a wedding for a friend,event_planning,high,personal_lifestyle,high,coordination,medium,multi_agent,N/A,N/A,2,years,original,numeric,2,2,years,plain,24.0,48,21.78698064018134,-37.761940711542024,-15.092650255600518,0.24559093074394117
3436,-1,direct_help,N/A,N/A,restore a degraded ecosystem to long-term stability,ecosystem_restoration,very_high,safety,very_high,systems,high,multi_agent,N/A,N/A,2,years,original,numeric,2,2,years,plain,24.0,48,34.49736388925556,-11.039499060219484,-2.639080131025023,0.21963286118532607
3744,-1,direct_help,N/A,N/A,write a novel,creative_writing,high,creative,high,creative,medium,individual,N/A,N/A,2,years,original,numeric,2,2,years,plain,24.0,48,20.616222175775178,-31.767285868517256,-9.658893471142527,0.2464210079048142
114,-1,direct_help,N/A,N/A,build proficiency in a new language,skill_learning,medium,personal_lifestyle,medium,learning,medium,individual,N/A,N/A,2,years,original,numeric,2,2,years,plain_long,24.0,48,25.65246483712808,-23.343869215444908,1.6696753159146462,0.17862191063840466
1038,-1,direct_help,N/A,N/A,design an institution for long-term stability and effectiveness,institution_design,high,civilization,high,strategic,high,organization,N/A,N/A,2,years,original,numeric,2,2,years,plain_long,24.0,48,28.387399847632434,-6.879632905618264,3.552636349686895,0.1880391296050949
1258,-1,direct_help,N/A,N/A,design and preserve a knowledge archive for future civilizations,knowledge_archive,high,knowledge_preservation,high,strategic,high,civilization,N/A,N/A,2,years,original,numeric,2,2,years,plain_long,24.0,48,36.44633612578278,1.592377498421677,15.677411672870873,0.164845328141108
1478,-1,direct_help,N/A,N/A,develop a long-term personal investment strategy,investment_strategy,high,business,high,strategic,high,individual,N/A,N/A,2,years,original,numeric,2,2,years,plain_long,24.0,48,26.77308484316569,-14.894323585864809,-1.468999240312968,0.17416102611467066
1610,-1,direct_help,N/A,N/A,develop a long-term plan for safely containing hazardous materials,hazard_containment,high,safety,high,risk_management,high,organization,N/A,N/A,2,years,original,numeric,2,2,years,plain_long,24.0,48,30.418828673913698,-10.983212895325993,-2.359568337509754,0.16032290026180082
1830,-1,direct_help,N/A,N/A,develop a process to preserve an organization's records for future teams,knowledge_archive,medium,knowledge_preservation,medium,systems,high,organization,N/A,N/A,2,years,original,numeric,2,2,years,plain_long,24.0,48,22.72958320399718,-22.82994152265764,2.126956729250938,0.17121497502280467
2094,-1,direct_help,N/A,N/A,expand a local business to new markets,business_expansion,high,business,high,strategic,high,organization,N/A,N/A,2,years,original,numeric,2,2,years,plain_long,24.0,48,22.38413067643048,-24.61398155505504,4.68561156347081,0.16650770658268435
2534,-1,direct_help,N/A,N/A,organize a wedding for a friend,event_planning,high,personal_lifestyle,high,coordination,medium,multi_agent,N/A,N/A,2,years,original,numeric,2,2,years,plain_long,24.0,48,22.20471520433965,-27.9431005496304,2.570899345337005,0.17073280299976215
3436,-1,direct_help,N/A,N/A,restore a degraded ecosystem to long-term stability,ecosystem_restoration,very_high,safety,very_high,systems,high,multi_agent,N/A,N/A,2,years,original,numeric,2,2,years,plain_long,24.0,48,31.62702147519236,-6.341810100384918,7.425113398944536,0.1715349342069976
3744,-1,direct_help,N/A,N/A,write a novel,creative_writing,high,creative,high,creative,medium,individual,N/A,N/A,2,years,original,numeric,2,2,years,plain_long,24.0,48,21.93571165604214,-21.76714034967872,3.5430576132476825,0.1954776756494643
118,-1,task_available_time,<averaged>,N/A,build proficiency in a new language,skill_learning,medium,personal_lifestyle,medium,learning,medium,individual,N/A,N/A,3,years,original,numeric,3,3,years,nof_conv,36.0,36,23.527511245877328,-29.132249926914575,2.0178719844608404,0.2870050797931979
1042,-1,task_available_time,<averaged>,N/A,design an institution for long-term stability and effectiveness,institution_design,high,civilization,high,strategic,high,organization,N/A,N/A,3,years,original,numeric,3,3,years,nof_conv,36.0,36,26.019204089186733,11.341074620434346,19.38875722232676,0.33840346550907663
1262,-1,task_available_time,<averaged>,N/A,design and preserve a knowledge archive for future civilizations,knowledge_archive,high,knowledge_preservation,high,strategic,high,civilization,N/A,N/A,3,years,original,numeric,3,3,years,nof_conv,36.0,36,32.7036000817938,13.792139946700027,37.680900136930816,0.3270029134993113
1482,-1,task_available_time,<averaged>,N/A,develop a long-term personal investment strategy,investment_strategy,high,business,high,strategic,high,individual,N/A,N/A,3,years,original,numeric,3,3,years,nof_conv,36.0,36,40.26314146256031,-5.0614195214537965,4.242849343689927,0.3057425373498506
1614,-1,task_available_time,<averaged>,N/A,develop a long-term plan for safely containing hazardous materials,hazard_containment,high,safety,high,risk_management,high,organization,N/A,N/A,3,years,original,numeric,3,3,years,nof_conv,36.0,36,43.84699193104377,-1.2542590019019784,15.691403424073027,0.4013708089087183
1834,-1,task_available_time,<averaged>,N/A,develop a process to preserve an organization's records for future teams,knowledge_archive,medium,knowledge_preservation,medium,systems,high,organization,N/A,N/A,3,years,original,numeric,3,3,years,nof_conv,36.0,36,26.233536151830403,-15.712749616314207,10.266598728107493,0.3476324561554761
2098,-1,task_available_time,<averaged>,N/A,expand a local business to new markets,business_expansion,high,business,high,strategic,high,organization,N/A,N/A,3,years,original,numeric,3,3,years,nof_conv,36.0,36,21.46475986977775,-26.00890248022784,24.290354465841165,0.3440571474996665
2538,-1,task_available_time,<averaged>,N/A,organize a wedding for a friend,event_planning,high,personal_lifestyle,high,coordination,medium,multi_agent,N/A,N/A,3,years,original,numeric,3,3,years,nof_conv,36.0,36,19.913891666510125,-9.943144311887416,1.2442605663996698,0.27068437755058045
3440,-1,task_available_time,<averaged>,N/A,restore a degraded ecosystem to long-term stability,ecosystem_restoration,very_high,safety,very_high,systems,high,multi_agent,N/A,N/A,3,years,original,numeric,3,3,years,nof_conv,36.0,36,22.94436862808912,-5.464043952644053,23.4530541163841,0.34865410273653086
3748,-1,task_available_time,<averaged>,N/A,write a novel,creative_writing,high,creative,high,creative,medium,individual,N/A,N/A,3,years,original,numeric,3,3,years,nof_conv,36.0,36,14.781621140973531,-10.646418748633026,0.15172149507939392,0.30779122787880037
118,-1,direct_help,N/A,N/A,build proficiency in a new language,skill_learning,medium,personal_lifestyle,medium,learning,medium,individual,N/A,N/A,3,years,original,numeric,3,3,years,plain,36.0,48,29.247089833881514,-35.896579282691455,-14.699510653131131,0.22279657773004713
1042,-1,direct_help,N/A,N/A,design an institution for long-term stability and effectiveness,institution_design,high,civilization,high,strategic,high,organization,N/A,N/A,3,years,original,numeric,3,3,years,plain,36.0,48,35.76583592149404,-4.044045724474811,-9.629847104928771,0.2020978452719969
1262,-1,direct_help,N/A,N/A,design and preserve a knowledge archive for future civilizations,knowledge_archive,high,knowledge_preservation,high,strategic,high,civilization,N/A,N/A,3,years,original,numeric,3,3,years,plain,36.0,48,45.02377329781827,8.428961873136169,10.399937228940244,0.18759471142739684
1482,-1,direct_help,N/A,N/A,develop a long-term personal investment strategy,investment_strategy,high,business,high,strategic,high,individual,N/A,N/A,3,years,original,numeric,3,3,years,plain,36.0,48,32.64940371051522,-21.088907025685433,-17.94290408596268,0.19805226753309033
1614,-1,direct_help,N/A,N/A,develop a long-term plan for safely containing hazardous materials,hazard_containment,high,safety,high,risk_management,high,organization,N/A,N/A,3,years,original,numeric,3,3,years,plain,36.0,48,39.02562323278688,-12.116560450553703,-18.849335849340775,0.1984612476395909
1834,-1,direct_help,N/A,N/A,develop a process to preserve an organization's records for future teams,knowledge_archive,medium,knowledge_preservation,medium,systems,high,organization,N/A,N/A,3,years,original,numeric,3,3,years,plain,36.0,48,29.28841824300698,-27.60136665927197,-15.975192811176568,0.19982225305765608
2098,-1,direct_help,N/A,N/A,expand a local business to new markets,business_expansion,high,business,high,strategic,high,organization,N/A,N/A,3,years,original,numeric,3,3,years,plain,36.0,48,25.973153213934474,-35.750584490339605,-10.693931419594461,0.21239477798023898
2538,-1,direct_help,N/A,N/A,organize a wedding for a friend,event_planning,high,personal_lifestyle,high,coordination,medium,multi_agent,N/A,N/A,3,years,original,numeric,3,3,years,plain,36.0,48,23.502870113157435,-30.58179010594839,-19.46510155796361,0.23946979979342714
3440,-1,direct_help,N/A,N/A,restore a degraded ecosystem to long-term stability,ecosystem_restoration,very_high,safety,very_high,systems,high,multi_agent,N/A,N/A,3,years,original,numeric,3,3,years,plain,36.0,48,37.19843226902626,-11.443900500928368,-4.2526325253998944,0.2174100601428857
3748,-1,direct_help,N/A,N/A,write a novel,creative_writing,high,creative,high,creative,medium,individual,N/A,N/A,3,years,original,numeric,3,3,years,plain,36.0,48,23.746266763282637,-28.785687475391782,-13.067932879685724,0.2449737303086469
118,-1,direct_help,N/A,N/A,build proficiency in a new language,skill_learning,medium,personal_lifestyle,medium,learning,medium,individual,N/A,N/A,3,years,original,numeric,3,3,years,plain_long,36.0,48,28.19787774226605,-21.281923150706767,-0.5024100791343914,0.1759250612535607
1042,-1,direct_help,N/A,N/A,design an institution for long-term stability and effectiveness,institution_design,high,civilization,high,strategic,high,organization,N/A,N/A,3,years,original,numeric,3,3,years,plain_long,36.0,48,30.21139597631813,-5.519575247172256,2.485929071643385,0.1866154723791016
1262,-1,direct_help,N/A,N/A,design and preserve a knowledge archive for future civilizations,knowledge_archive,high,knowledge_preservation,high,strategic,high,civilization,N/A,N/A,3,years,original,numeric,3,3,years,plain_long,36.0,48,37.80354547597106,2.900547237812321,14.706800368328683,0.16319930819722953
1482,-1,direct_help,N/A,N/A,develop a long-term personal investment strategy,investment_strategy,high,business,high,strategic,high,individual,N/A,N/A,3,years,original,numeric,3,3,years,plain_long,36.0,48,28.723924311549585,-14.827526301372064,-2.3395888924259753,0.1739734921652369
1614,-1,direct_help,N/A,N/A,develop a long-term plan for safely containing hazardous materials,hazard_containment,high,safety,high,risk_management,high,organization,N/A,N/A,3,years,original,numeric,3,3,years,plain_long,36.0,48,32.55076649244194,-9.45656334742247,-3.3091175451155737,0.1595264590825025
1834,-1,direct_help,N/A,N/A,develop a process to preserve an organization's records for future teams,knowledge_archive,medium,knowledge_preservation,medium,systems,high,organization,N/A,N/A,3,years,original,numeric,3,3,years,plain_long,36.0,48,24.518646609170915,-20.895838616462534,0.6850585692478843,0.1703811875436148
2098,-1,direct_help,N/A,N/A,expand a local business to new markets,business_expansion,high,business,high,strategic,high,organization,N/A,N/A,3,years,original,numeric,3,3,years,plain_long,36.0,48,24.580480113596494,-22.97881150787844,3.1357239816495133,0.16493467245373777
2538,-1,direct_help,N/A,N/A,organize a wedding for a friend,event_planning,high,personal_lifestyle,high,coordination,medium,multi_agent,N/A,N/A,3,years,original,numeric,3,3,years,plain_long,36.0,48,24.084272658299923,-24.345096457256727,-0.11170284862537472,0.1674722045788736
3440,-1,direct_help,N/A,N/A,restore a degraded ecosystem to long-term stability,ecosystem_restoration,very_high,safety,very_high,systems,high,multi_agent,N/A,N/A,3,years,original,numeric,3,3,years,plain_long,36.0,48,33.539071725726366,-6.262246371526644,6.298131081911653,0.17007208850588465
3748,-1,direct_help,N/A,N/A,write a novel,creative_writing,high,creative,high,creative,medium,individual,N/A,N/A,3,years,original,numeric,3,3,years,plain_long,36.0,48,24.48150170699373,-19.810722671416148,1.5000657048040014,0.19217820668249233
122,-1,task_available_time,<averaged>,N/A,build proficiency in a new language,skill_learning,medium,personal_lifestyle,medium,learning,medium,individual,N/A,N/A,4,years,original,numeric,4,4,years,nof_conv,48.0,36,24.56572375393127,-26.34808547319546,-1.2356974203040794,0.28562473388283
1046,-1,task_available_time,<averaged>,N/A,design an institution for long-term stability and effectiveness,institution_design,high,civilization,high,strategic,high,organization,N/A,N/A,4,years,original,numeric,4,4,years,nof_conv,48.0,36,27.206864549675736,12.274897513071428,17.452594127483344,0.3368359640932148
1266,-1,task_available_time,<averaged>,N/A,design and preserve a knowledge archive for future civilizations,knowledge_archive,high,knowledge_preservation,high,strategic,high,civilization,N/A,N/A,4,years,original,numeric,4,4,years,nof_conv,48.0,36,33.21647989277682,14.743372569093317,36.54359340972812,0.32514014885125503
1486,-1,task_available_time,<averaged>,N/A,develop a long-term personal investment strategy,investment_strategy,high,business,high,strategic,high,individual,N/A,N/A,4,years,original,numeric,4,4,years,nof_conv,48.0,36,42.110000012995584,-6.375867646169091,2.76195280983077,0.3073430832278084
1618,-1,task_available_time,<averaged>,N/A,develop a long-term plan for safely containing hazardous materials,hazard_containment,high,safety,high,risk_management,high,organization,N/A,N/A,4,years,original,numeric,4,4,years,nof_conv,48.0,36,44.5800888154943,0.3890559567895939,14.087793187722392,0.39811241887360166
1838,-1,task_available_time,<averaged>,N/A,develop a process to preserve an organization's records for future teams,knowledge_archive,medium,knowledge_preservation,medium,systems,high,organization,N/A,N/A,4,years,original,numeric,4,4,years,nof_conv,48.0,36,27.2973667679961,-12.30501394220321,7.024620841073381,0.3428912980738911
2102,-1,task_available_time,<averaged>,N/A,expand a local business to new markets,business_expansion,high,business,high,strategic,high,organization,N/A,N/A,4,years,original,numeric,4,4,years,nof_conv,48.0,36,22.841649904195066,-24.507718419242675,21.612500892817827,0.3414756714522396
2542,-1,task_available_time,<averaged>,N/A,organize a wedding for a friend,event_planning,high,personal_lifestyle,high,coordination,medium,multi_agent,N/A,N/A,4,years,original,numeric,4,4,years,nof_conv,48.0,36,18.233056234628148,5.323891477465428,-6.051396729261903,0.27059381629105234
3444,-1,task_available_time,<averaged>,N/A,restore a degraded ecosystem to long-term stability,ecosystem_restoration,very_high,safety,very_high,systems,high,multi_agent,N/A,N/A,4,years,original,numeric,4,4,years,nof_conv,48.0,36,22.885439732957153,-5.197117813008415,21.38663817817556,0.3472232412407406
3752,-1,task_available_time,<averaged>,N/A,write a novel,creative_writing,high,creative,high,creative,medium,individual,N/A,N/A,4,years,original,numeric,4,4,years,nof_conv,48.0,36,14.456411445520441,-6.8163818386552375,-2.4787438103231914,0.3072931350395782
122,-1,direct_help,N/A,N/A,build proficiency in a new language,skill_learning,medium,personal_lifestyle,medium,learning,medium,individual,N/A,N/A,4,years,original,numeric,4,4,years,plain,48.0,48,29.528868725452583,-35.09607117408429,-15.95194233361744,0.22321551458171132
1046,-1,direct_help,N/A,N/A,design an institution for long-term stability and effectiveness,institution_design,high,civilization,high,strategic,high,organization,N/A,N/A,4,years,original,numeric,4,4,years,plain,48.0,48,35.666838738925534,-3.483999673705045,-10.69670595513478,0.20237025552087856
1266,-1,direct_help,N/A,N/A,design and preserve a knowledge archive for future civilizations,knowledge_archive,high,knowledge_preservation,high,strategic,high,civilization,N/A,N/A,4,years,original,numeric,4,4,years,plain,48.0,48,45.09233921957873,8.53293252601889,9.832603413926794,0.1886915128111776
1486,-1,direct_help,N/A,N/A,develop a long-term personal investment strategy,investment_strategy,high,business,high,strategic,high,individual,N/A,N/A,4,years,original,numeric,4,4,years,plain,48.0,48,33.299199290867364,-22.11338367832529,-19.393336471060913,0.19644012294508434
1618,-1,direct_help,N/A,N/A,develop a long-term plan for safely containing hazardous materials,hazard_containment,high,safety,high,risk_management,high,organization,N/A,N/A,4,years,original,numeric,4,4,years,plain,48.0,48,38.98320235151685,-10.988503797230376,-20.39024216678114,0.19834330434389724
1838,-1,direct_help,N/A,N/A,develop a process to preserve an organization's records for future teams,knowledge_archive,medium,knowledge_preservation,medium,systems,high,organization,N/A,N/A,4,years,original,numeric,4,4,years,plain,48.0,48,29.37065210765036,-26.77274866895965,-17.39907357022094,0.19916840954342352
2102,-1,direct_help,N/A,N/A,expand a local business to new markets,business_expansion,high,business,high,strategic,high,organization,N/A,N/A,4,years,original,numeric,4,4,years,plain,48.0,48,26.295317037114007,-35.08862031911147,-11.913306523146591,0.21085507774552664
2542,-1,direct_help,N/A,N/A,organize a wedding for a friend,event_planning,high,personal_lifestyle,high,coordination,medium,multi_agent,N/A,N/A,4,years,original,numeric,4,4,years,plain,48.0,48,22.83441407704656,-25.00007420779921,-21.90493535289796,0.23844387942894718
3444,-1,direct_help,N/A,N/A,restore a degraded ecosystem to long-term stability,ecosystem_restoration,very_high,safety,very_high,systems,high,multi_agent,N/A,N/A,4,years,original,numeric,4,4,years,plain,48.0,48,36.797605965286564,-11.693619726396747,-5.346426711215914,0.2186485119429963
3752,-1,direct_help,N/A,N/A,write a novel,creative_writing,high,creative,high,creative,medium,individual,N/A,N/A,4,years,original,numeric,4,4,years,plain,48.0,48,23.920156900804972,-27.218145172194934,-14.600985534588773,0.24341701545269986
122,-1,direct_help,N/A,N/A,build proficiency in a new language,skill_learning,medium,personal_lifestyle,medium,learning,medium,individual,N/A,N/A,4,years,original,numeric,4,4,years,plain_long,48.0,48,28.604013309595615,-20.98114876980695,-1.1400768530878915,0.1751372474230109
1046,-1,direct_help,N/A,N/A,design an institution for long-term stability and effectiveness,institution_design,high,civilization,high,strategic,high,organization,N/A,N/A,4,years,original,numeric,4,4,years,plain_long,48.0,48,30.37273493051858,-5.325202295326417,1.9552137557466343,0.1856649626911457
1266,-1,direct_help,N/A,N/A,design and preserve a knowledge archive for future civilizations,knowledge_archive,high,knowledge_preservation,high,strategic,high,civilization,N/A,N/A,4,years,original,numeric,4,4,years,plain_long,48.0,48,37.831074645219,2.854269889821073,14.42344244651579,0.16252987916646983
1486,-1,direct_help,N/A,N/A,develop a long-term personal investment strategy,investment_strategy,high,business,high,strategic,high,individual,N/A,N/A,4,years,original,numeric,4,4,years,plain_long,48.0,48,29.368840241436175,-15.137002022552926,-3.046272293867379,0.17265343658610408
1618,-1,direct_help,N/A,N/A,develop a long-term plan for safely containing hazardous materials,hazard_containment,high,safety,high,risk_management,high,organization,N/A,N/A,4,years,original,numeric,4,4,years,plain_long,48.0,48,32.678278029553,-8.940710790787474,-4.046462240692434,0.1578504258902945
1838,-1,direct_help,N/A,N/A,develop a process to preserve an organization's records for future teams,knowledge_archive,medium,knowledge_preservation,medium,systems,high,organization,N/A,N/A,4,years,original,numeric,4,4,years,plain_long,48.0,48,24.678712926614036,-20.640972682710498,0.03511042143403992,0.16870059043345156
2102,-1,direct_help,N/A,N/A,expand a local business to new markets,business_expansion,high,business,high,strategic,high,organization,N/A,N/A,4,years,original,numeric,4,4,years,plain_long,48.0,48,24.988035301982435,-22.792429344320688,2.66529559101748,0.1635498726216147
2542,-1,direct_help,N/A,N/A,organize a wedding for a friend,event_planning,high,personal_lifestyle,high,coordination,medium,multi_agent,N/A,N/A,4,years,original,numeric,4,4,years,plain_long,48.0,48,24.070022888943896,-22.00208913586215,-1.5453049438497426,0.16601373341540684
3444,-1,direct_help,N/A,N/A,restore a degraded ecosystem to long-term stability,ecosystem_restoration,very_high,safety,very_high,systems,high,multi_agent,N/A,N/A,4,years,original,numeric,4,4,years,plain_long,48.0,48,33.4825499671477,-6.426056271888483,5.899598115395757,0.1697193440564585
3752,-1,direct_help,N/A,N/A,write a novel,creative_writing,high,creative,high,creative,medium,individual,N/A,N/A,4,years,original,numeric,4,4,years,plain_long,48.0,48,24.657884903900626,-19.108243429110193,0.6421777915885709,0.19022683487954273
126,-1,task_available_time,<averaged>,N/A,build proficiency in a new language,skill_learning,medium,personal_lifestyle,medium,learning,medium,individual,N/A,N/A,5,years,original,numeric,5,5,years,nof_conv,60.0,36,24.84877520939935,-22.581981473729993,-3.4012425970289355,0.2826202779399464
1050,-1,task_available_time,<averaged>,N/A,design an institution for long-term stability and effectiveness,institution_design,high,civilization,high,strategic,high,organization,N/A,N/A,5,years,original,numeric,5,5,years,nof_conv,60.0,36,28.845448961527328,15.927562041068075,16.68016824558605,0.33478521378670184
1270,-1,task_available_time,<averaged>,N/A,design and preserve a knowledge archive for future civilizations,knowledge_archive,high,knowledge_preservation,high,strategic,high,civilization,N/A,N/A,5,years,original,numeric,5,5,years,nof_conv,60.0,36,32.37017192243611,17.816579351238083,35.72145282547359,0.3230880415802625
1490,-1,task_available_time,<averaged>,N/A,develop a long-term personal investment strategy,investment_strategy,high,business,high,strategic,high,individual,N/A,N/A,5,years,original,numeric,5,5,years,nof_conv,60.0,36,42.066580373038825,-0.3755506421602396,1.2143945867481367,0.3065159893822577
1622,-1,task_available_time,<averaged>,N/A,develop a long-term plan for safely containing hazardous materials,hazard_containment,high,safety,high,risk_management,high,organization,N/A,N/A,5,years,original,numeric,5,5,years,nof_conv,60.0,36,45.16373652424528,3.826233295211456,13.142200050021,0.39437305314163357
1842,-1,task_available_time,<averaged>,N/A,develop a process to preserve an organization's records for future teams,knowledge_archive,medium,knowledge_preservation,medium,systems,high,organization,N/A,N/A,5,years,original,numeric,5,5,years,nof_conv,60.0,36,27.448352150630743,-7.063679779090678,5.082456379941498,0.33861546611075766
2106,-1,task_available_time,<averaged>,N/A,expand a local business to new markets,business_expansion,high,business,high,strategic,high,organization,N/A,N/A,5,years,original,numeric,5,5,years,nof_conv,60.0,36,24.17976414597607,-21.237987948561255,19.46888549338037,0.34043543227939965
2546,-1,task_available_time,<averaged>,N/A,organize a wedding for a friend,event_planning,high,personal_lifestyle,high,coordination,medium,multi_agent,N/A,N/A,5,years,original,numeric,5,5,years,nof_conv,60.0,36,17.831325257406306,13.856794303577399,-9.655623831707622,0.27239220395554276
3448,-1,task_available_time,<averaged>,N/A,restore a degraded ecosystem to long-term stability,ecosystem_restoration,very_high,safety,very_high,systems,high,multi_agent,N/A,N/A,5,years,original,numeric,5,5,years,nof_conv,60.0,36,24.380853815377794,-2.382180268521759,20.31434569654272,0.3447232233997747
3756,-1,task_available_time,<averaged>,N/A,write a novel,creative_writing,high,creative,high,creative,medium,individual,N/A,N/A,5,years,original,numeric,5,5,years,nof_conv,60.0,36,13.618059847087494,-1.4575685247169283,-5.613214622403125,0.3062940562813349
126,-1,direct_help,N/A,N/A,build proficiency in a new language,skill_learning,medium,personal_lifestyle,medium,learning,medium,individual,N/A,N/A,5,years,original,numeric,5,5,years,plain,60.0,48,30.264556782192802,-28.713450713857814,-19.727707356085265,0.21772102119762535
1050,-1,direct_help,N/A,N/A,design an institution for long-term stability and effectiveness,institution_design,high,civilization,high,strategic,high,organization,N/A,N/A,5,years,original,numeric,5,5,years,plain,60.0,48,37.301343301128796,0.389089499115589,-11.626620862528467,0.19918089359360333
1270,-1,direct_help,N/A,N/A,design and preserve a knowledge archive for future civilizations,knowledge_archive,high,knowledge_preservation,high,strategic,high,civilization,N/A,N/A,5,years,original,numeric,5,5,years,plain,60.0,48,44.63870880483943,11.074256954997228,8.324110583430095,0.18500369119774251
1490,-1,direct_help,N/A,N/A,develop a long-term personal investment strategy,investment_strategy,high,business,high,strategic,high,individual,N/A,N/A,5,years,original,numeric,5,5,years,plain,60.0,48,34.3068610152983,-19.756457982494908,-20.612947574753182,0.19616092420225853
1622,-1,direct_help,N/A,N/A,develop a long-term plan for safely containing hazardous materials,hazard_containment,high,safety,high,risk_management,high,organization,N/A,N/A,5,years,original,numeric,5,5,years,plain,60.0,48,39.490055961864705,-7.731105797391642,-21.28392587596239,0.19414307391741745
1842,-1,direct_help,N/A,N/A,develop a process to preserve an organization's records for future teams,knowledge_archive,medium,knowledge_preservation,medium,systems,high,organization,N/A,N/A,5,years,original,numeric,5,5,years,plain,60.0,48,30.13353288799571,-22.65927305447559,-19.455980756579457,0.19533628427319719
2106,-1,direct_help,N/A,N/A,expand a local business to new markets,business_expansion,high,business,high,strategic,high,organization,N/A,N/A,5,years,original,numeric,5,5,years,plain,60.0,48,27.618421838244792,-30.745426559534845,-14.703268243474534,0.2057069296789694
2546,-1,direct_help,N/A,N/A,organize a wedding for a friend,event_planning,high,personal_lifestyle,high,coordination,medium,multi_agent,N/A,N/A,5,years,original,numeric,5,5,years,plain,60.0,48,22.226420450660168,-14.883086169602233,-26.18729340712696,0.23268079514023537
3448,-1,direct_help,N/A,N/A,restore a degraded ecosystem to long-term stability,ecosystem_restoration,very_high,safety,very_high,systems,high,multi_agent,N/A,N/A,5,years,original,numeric,5,5,years,plain,60.0,48,38.07045582100806,-9.013145923575657,-6.846534855896689,0.2140508976479657
3756,-1,direct_help,N/A,N/A,write a novel,creative_writing,high,creative,high,creative,medium,individual,N/A,N/A,5,years,original,numeric,5,5,years,plain,60.0,48,24.393374139223823,-21.748539582737042,-18.438963651308217,0.24057607809224826
126,-1,direct_help,N/A,N/A,build proficiency in a new language,skill_learning,medium,personal_lifestyle,medium,learning,medium,individual,N/A,N/A,5,years,original,numeric,5,5,years,plain_long,60.0,48,29.73057320566153,-17.35132242590327,-3.6469016267042247,0.17095314945873907
1050,-1,direct_help,N/A,N/A,design an institution for long-term stability and effectiveness,institution_design,high,civilization,high,strategic,high,organization,N/A,N/A,5,years,original,numeric,5,5,years,plain_long,60.0,48,32.054403888347295,-2.797415477001012,1.3100509235102011,0.18358606533386398
1270,-1,direct_help,N/A,N/A,design and preserve a knowledge archive for future civilizations,knowledge_archive,high,knowledge_preservation,high,strategic,high,civilization,N/A,N/A,5,years,original,numeric,5,5,years,plain_long,60.0,48,38.022746944166826,4.496028796448677,13.438132961600333,0.15977727395560473
1490,-1,direct_help,N/A,N/A,develop a long-term personal investment strategy,investment_strategy,high,business,high,strategic,high,individual,N/A,N/A,5,years,original,numeric,5,5,years,plain_long,60.0,48,30.301151367720873,-13.156757403921656,-3.980425799805046,0.1718078783105958
1622,-1,direct_help,N/A,N/A,develop a long-term plan for safely containing hazardous materials,hazard_containment,high,safety,high,risk_management,high,organization,N/A,N/A,5,years,original,numeric,5,5,years,plain_long,60.0,48,33.71164826353483,-6.358355833654573,-4.833120982060114,0.15495488846400887
1842,-1,direct_help,N/A,N/A,develop a process to preserve an organization's records for future teams,knowledge_archive,medium,knowledge_preservation,medium,systems,high,organization,N/A,N/A,5,years,original,numeric,5,5,years,plain_long,60.0,48,25.635023298276334,-18.155392644981905,-1.3976040900317903,0.16528499696192564
2106,-1,direct_help,N/A,N/A,expand a local business to new markets,business_expansion,high,business,high,strategic,high,organization,N/A,N/A,5,years,original,numeric,5,5,years,plain_long,60.0,48,26.202239093181863,-20.377246601148194,0.8473258139105491,0.15979181151016855
2546,-1,direct_help,N/A,N/A,organize a wedding for a friend,event_planning,high,personal_lifestyle,high,coordination,medium,multi_agent,N/A,N/A,5,years,original,numeric,5,5,years,plain_long,60.0,48,24.61054208905833,-16.368488833706305,-4.874888432652609,0.1629856773420147
3448,-1,direct_help,N/A,N/A,restore a degraded ecosystem to long-term stability,ecosystem_restoration,very_high,safety,very_high,systems,high,multi_agent,N/A,N/A,5,years,original,numeric,5,5,years,plain_long,60.0,48,34.67197486163649,-4.556091392000623,4.895633660082498,0.1670150137138047
3756,-1,direct_help,N/A,N/A,write a novel,creative_writing,high,creative,high,creative,medium,individual,N/A,N/A,5,years,original,numeric,5,5,years,plain_long,60.0,48,25.42402504696438,-16.221971872246723,-1.6817009755338597,0.18762373921263417
130,-1,task_available_time,<averaged>,N/A,build proficiency in a new language,skill_learning,medium,personal_lifestyle,medium,learning,medium,individual,N/A,N/A,10,years,original,numeric,10,10,years,nof_conv,120.0,36,26.58026367271832,-7.189480726768917,-10.49123089511065,0.2701039691552989
946,-1,task_available_time,<averaged>,N/A,design an institution for long-term stability and effectiveness,institution_design,high,civilization,high,strategic,high,organization,N/A,N/A,<averaged>,<averaged>,original,numeric,1,1,decade,nof_conv,120.0,72,32.43978513850095,23.711869026470744,18.614426250066828,0.3253209125636823
1122,-1,task_available_time,<averaged>,N/A,design and build a city resilient to natural disasters,resilient_infrastructure,very_high,infrastructure,very_high,systems,high,organization,N/A,N/A,1,decades,original,numeric,1,1,decade,nof_conv,120.0,36,39.934482694901114,8.486448942540829,34.51186426219372,0.31729686231751636
1210,-1,task_available_time,<averaged>,N/A,design and preserve a knowledge archive for future civilizations,knowledge_archive,high,knowledge_preservation,high,strategic,high,civilization,N/A,N/A,<averaged>,<averaged>,original,numeric,1,1,decade,nof_conv,120.0,72,33.09826520797026,23.679045806027595,36.46544716783307,0.3121991889989112
1342,-1,task_available_time,<averaged>,N/A,design infrastructure resilient to climate change,resilient_infrastructure,very_high,infrastructure,very_high,systems,high,organization,N/A,N/A,1,decades,original,numeric,1,1,decade,nof_conv,120.0,36,30.387316895346178,8.228791773196246,32.01579887572937,0.3258983089002228
1386,-1,task_available_time,<averaged>,N/A,develop a long-term personal investment strategy,investment_strategy,high,business,high,strategic,high,individual,N/A,N/A,<averaged>,<averaged>,original,numeric,1,1,decade,nof_conv,120.0,72,47.72847900741124,0.9111278991705122,2.4862215806523085,0.31088532262239826
1518,-1,task_available_time,<averaged>,N/A,develop a long-term plan for safely containing hazardous materials,hazard_containment,high,safety,high,risk_management,high,organization,N/A,N/A,<averaged>,<averaged>,original,numeric,1,1,decade,nof_conv,120.0,72,48.47093759666307,14.394754119947244,16.269910551997608,0.38085783330147605
1738,-1,task_available_time,<averaged>,N/A,develop a process to preserve an organization's records for future teams,knowledge_archive,medium,knowledge_preservation,medium,systems,high,organization,N/A,N/A,<averaged>,<averaged>,original,numeric,1,1,decade,nof_conv,120.0,72,29.583285349296666,8.485572512573363,4.214327175684161,0.3153058384677038
1914,-1,task_available_time,<averaged>,N/A,establish a self-sustaining human settlement on another planet,civilization_survival,very_high,civilization,very_high,strategic,existential,civilization,N/A,N/A,1,decades,original,numeric,1,1,decade,nof_conv,120.0,36,33.967719519160866,14.705701501507939,48.85482047215933,0.32568350759550435
2002,-1,task_available_time,<averaged>,N/A,expand a local business to new markets,business_expansion,high,business,high,strategic,high,organization,N/A,N/A,<averaged>,<averaged>,original,numeric,1,1,decade,nof_conv,120.0,72,28.767415649600842,-11.07437562417168,17.53496126545331,0.32563868623281056
2550,-1,task_available_time,<averaged>,N/A,organize a wedding for a friend,event_planning,high,personal_lifestyle,high,coordination,medium,multi_agent,N/A,N/A,10,years,original,numeric,10,10,years,nof_conv,120.0,36,15.36528151036522,40.43200308930754,-18.221147183968657,0.2853864798884271
3388,-1,task_available_time,<averaged>,N/A,restore a degraded ecosystem to long-term stability,ecosystem_restoration,very_high,safety,very_high,systems,high,multi_agent,N/A,N/A,<averaged>,<averaged>,original,numeric,1,1,decade,nof_conv,120.0,72,26.400452806684573,3.6009757158618823,21.94387417017006,0.3360306280644787
3760,-1,task_available_time,<averaged>,N/A,write a novel,creative_writing,high,creative,high,creative,medium,individual,N/A,N/A,10,years,original,numeric,10,10,years,nof_conv,120.0,36,13.106823288598402,10.399489031880849,-10.209662756562476,0.3063908136626097
130,-1,direct_help,N/A,N/A,build proficiency in a new language,skill_learning,medium,personal_lifestyle,medium,learning,medium,individual,N/A,N/A,10,years,original,numeric,10,10,years,plain,120.0,48,31.839627007608204,-16.479024856568756,-24.9053280234246,0.20830824744229273
946,-1,direct_help,N/A,N/A,design an institution for long-term stability and effectiveness,institution_design,high,civilization,high,strategic,high,organization,N/A,N/A,<averaged>,<averaged>,original,numeric,1,1,decade,plain,120.0,96,39.78343069440581,6.816500572983896,-10.092825186279642,0.1994735659365508
1122,-1,direct_help,N/A,N/A,design and build a city resilient to natural disasters,resilient_infrastructure,very_high,infrastructure,very_high,systems,high,organization,N/A,N/A,1,decades,original,numeric,1,1,decade,plain,120.0,48,41.50478352730578,-9.647495570087006,8.515583321886147,0.18247824994640074
1210,-1,direct_help,N/A,N/A,design and preserve a knowledge archive for future civilizations,knowledge_archive,high,knowledge_preservation,high,strategic,high,civilization,N/A,N/A,<averaged>,<averaged>,original,numeric,1,1,decade,plain,120.0,96,45.03857517807881,14.497740720407462,8.68062020715942,0.18523002315979037
1342,-1,direct_help,N/A,N/A,design infrastructure resilient to climate change,resilient_infrastructure,very_high,infrastructure,very_high,systems,high,organization,N/A,N/A,1,decades,original,numeric,1,1,decade,plain,120.0,48,34.94301650673347,-9.905606545413464,2.6880620003529274,0.20175194675319594
1386,-1,direct_help,N/A,N/A,develop a long-term personal investment strategy,investment_strategy,high,business,high,strategic,high,individual,N/A,N/A,<averaged>,<averaged>,original,numeric,1,1,decade,plain,120.0,96,37.699219276132744,-17.250147059158646,-18.65485779237211,0.20124793915730504
1518,-1,direct_help,N/A,N/A,develop a long-term plan for safely containing hazardous materials,hazard_containment,high,safety,high,risk_management,high,organization,N/A,N/A,<averaged>,<averaged>,original,numeric,1,1,decade,plain,120.0,96,42.36784141825276,-2.109349085085912,-19.127502569152714,0.18987736471106176
1738,-1,direct_help,N/A,N/A,develop a process to preserve an organization's records for future teams,knowledge_archive,medium,knowledge_preservation,medium,systems,high,organization,N/A,N/A,<averaged>,<averaged>,original,numeric,1,1,decade,plain,120.0,96,32.4750488348239,-16.21828736511765,-19.31687054891116,0.19535820727903133
1914,-1,direct_help,N/A,N/A,establish a self-sustaining human settlement on another planet,civilization_survival,very_high,civilization,very_high,strategic,existential,civilization,N/A,N/A,1,decades,original,numeric,1,1,decade,plain,120.0,48,45.230898715459325,17.00637439117865,12.852944637225423,0.20400336195632224
2002,-1,direct_help,N/A,N/A,expand a local business to new markets,business_expansion,high,business,high,strategic,high,organization,N/A,N/A,<averaged>,<averaged>,original,numeric,1,1,decade,plain,120.0,96,30.01856638452731,-24.231948366350696,-14.655293665118462,0.20339265963485315
2550,-1,direct_help,N/A,N/A,organize a wedding for a friend,event_planning,high,personal_lifestyle,high,coordination,medium,multi_agent,N/A,N/A,10,years,original,numeric,10,10,years,plain,120.0,48,22.21722198741284,-0.49758117205348196,-30.894350077131264,0.2305992425272248
3388,-1,direct_help,N/A,N/A,restore a degraded ecosystem to long-term stability,ecosystem_restoration,very_high,safety,very_high,systems,high,multi_agent,N/A,N/A,<averaged>,<averaged>,original,numeric,1,1,decade,plain,120.0,96,39.126015282240616,-4.574176369659587,-5.169243111262484,0.21463647839088484
3760,-1,direct_help,N/A,N/A,write a novel,creative_writing,high,creative,high,creative,medium,individual,N/A,N/A,10,years,original,numeric,10,10,years,plain,120.0,48,25.439801624817736,-12.077358674431057,-23.463591714117207,0.23136780080486338
130,-1,direct_help,N/A,N/A,build proficiency in a new language,skill_learning,medium,personal_lifestyle,medium,learning,medium,individual,N/A,N/A,10,years,original,numeric,10,10,years,plain_long,120.0,48,31.9555890855664,-10.329918570324836,-6.654330674100244,0.16493638709891903
946,-1,direct_help,N/A,N/A,design an institution for long-term stability and effectiveness,institution_design,high,civilization,high,strategic,high,organization,N/A,N/A,<averaged>,<averaged>,original,numeric,1,1,decade,plain_long,120.0,96,34.66749100278487,1.5719914544245426,1.6172707614524464,0.18531139911741473
1122,-1,direct_help,N/A,N/A,design and build a city resilient to natural disasters,resilient_infrastructure,very_high,infrastructure,very_high,systems,high,organization,N/A,N/A,1,decades,original,numeric,1,1,decade,plain_long,120.0,48,36.12499016651845,-6.378511655477139,12.860436965254454,0.15004316406751203
1210,-1,direct_help,N/A,N/A,design and preserve a knowledge archive for future civilizations,knowledge_archive,high,knowledge_preservation,high,strategic,high,civilization,N/A,N/A,<averaged>,<averaged>,original,numeric,1,1,decade,plain_long,120.0,96,39.056638318375434,7.099619089883695,13.735882877935255,0.16011383974110027
1342,-1,direct_help,N/A,N/A,design infrastructure resilient to climate change,resilient_infrastructure,very_high,infrastructure,very_high,systems,high,organization,N/A,N/A,1,decades,original,numeric,1,1,decade,plain_long,120.0,48,33.09360074727863,-5.0884883120482645,9.727558311094494,0.1668867617635093
1386,-1,direct_help,N/A,N/A,develop a long-term personal investment strategy,investment_strategy,high,business,high,strategic,high,individual,N/A,N/A,<averaged>,<averaged>,original,numeric,1,1,decade,plain_long,120.0,96,33.09032366325031,-10.532995669720947,-3.073163251429126,0.1767933779094464
1518,-1,direct_help,N/A,N/A,develop a long-term plan for safely containing hazardous materials,hazard_containment,high,safety,high,risk_management,high,organization,N/A,N/A,<averaged>,<averaged>,original,numeric,1,1,decade,plain_long,120.0,96,36.409022249845535,-2.128713196679614,-3.9658718834456392,0.15446999657108285
1738,-1,direct_help,N/A,N/A,develop a process to preserve an organization's records for future teams,knowledge_archive,medium,knowledge_preservation,medium,systems,high,organization,N/A,N/A,<averaged>,<averaged>,original,numeric,1,1,decade,plain_long,120.0,96,27.700262246406368,-14.08661309776184,-1.6012286033838325,0.16575023580147077
1914,-1,direct_help,N/A,N/A,establish a self-sustaining human settlement on another planet,civilization_survival,very_high,civilization,very_high,strategic,existential,civilization,N/A,N/A,1,decades,original,numeric,1,1,decade,plain_long,120.0,48,40.25567077367184,9.683191206377668,16.059979454511087,0.1631092692007672
2002,-1,direct_help,N/A,N/A,expand a local business to new markets,business_expansion,high,business,high,strategic,high,organization,N/A,N/A,<averaged>,<averaged>,original,numeric,1,1,decade,plain_long,120.0,96,28.204484976326928,-16.47669554451195,0.6680804396299709,0.15979250150238392
2550,-1,direct_help,N/A,N/A,organize a wedding for a friend,event_planning,high,personal_lifestyle,high,coordination,medium,multi_agent,N/A,N/A,10,years,original,numeric,10,10,years,plain_long,120.0,48,25.972024208776453,-8.018526349850559,-8.389287241177522,0.16005878924524927
3388,-1,direct_help,N/A,N/A,restore a degraded ecosystem to long-term stability,ecosystem_restoration,very_high,safety,very_high,systems,high,multi_agent,N/A,N/A,<averaged>,<averaged>,original,numeric,1,1,decade,plain_long,120.0,96,36.26016046808701,-1.5259225758466424,5.788092563777927,0.16774433606643815
3760,-1,direct_help,N/A,N/A,write a novel,creative_writing,high,creative,high,creative,medium,individual,N/A,N/A,10,years,original,numeric,10,10,years,plain_long,120.0,48,27.015396531868557,-10.72147127173158,-5.051190487985894,0.18147771130645268
134,-1,task_available_time,<averaged>,N/A,build proficiency in a new language,skill_learning,medium,personal_lifestyle,medium,learning,medium,individual,N/A,N/A,20,years,original,numeric,20,20,years,nof_conv,240.0,36,25.551172624256964,13.188420513675226,-19.691886982723464,0.25460023721741853
950,-1,task_available_time,<averaged>,N/A,design an institution for long-term stability and effectiveness,institution_design,high,civilization,high,strategic,high,organization,N/A,N/A,<averaged>,<averaged>,original,numeric,2,2,decades,nof_conv,240.0,72,35.42779552154792,33.29207519580738,14.349274313539897,0.309705576770505
1126,-1,task_available_time,<averaged>,N/A,design and build a city resilient to natural disasters,resilient_infrastructure,very_high,infrastructure,very_high,systems,high,organization,N/A,N/A,2,decades,original,numeric,2,2,decades,nof_conv,240.0,36,42.13304974462592,16.411096846076255,32.60984159513951,0.3062084600541504
1214,-1,task_available_time,<averaged>,N/A,design and preserve a knowledge archive for future civilizations,knowledge_archive,high,knowledge_preservation,high,strategic,high,civilization,N/A,N/A,<averaged>,<averaged>,original,numeric,2,2,decades,nof_conv,240.0,72,34.737377963226116,28.66840654063496,32.950387828070326,0.3027474146669757
1346,-1,task_available_time,<averaged>,N/A,design infrastructure resilient to climate change,resilient_infrastructure,very_high,infrastructure,very_high,systems,high,organization,N/A,N/A,2,decades,original,numeric,2,2,decades,nof_conv,240.0,36,33.530252967470105,16.876356232968455,29.564366938386588,0.312383716925696
1390,-1,task_available_time,<averaged>,N/A,develop a long-term personal investment strategy,investment_strategy,high,business,high,strategic,high,individual,N/A,N/A,<averaged>,<averaged>,original,numeric,2,2,decades,nof_conv,240.0,72,50.53608267220648,9.151542950793202,-0.008090809492926843,0.300068834491352
1522,-1,task_available_time,<averaged>,N/A,develop a long-term plan for safely containing hazardous materials,hazard_containment,high,safety,high,risk_management,high,organization,N/A,N/A,<averaged>,<averaged>,original,numeric,2,2,decades,nof_conv,240.0,72,49.56856852400196,26.10124133234214,13.806111058902477,0.3586099940737773
1742,-1,task_available_time,<averaged>,N/A,develop a process to preserve an organization's records for future teams,knowledge_archive,medium,knowledge_preservation,medium,systems,high,organization,N/A,N/A,<averaged>,<averaged>,original,numeric,2,2,decades,nof_conv,240.0,72,30.355520250594342,26.968094115166604,-0.9069387976943943,0.2908457622438657
1918,-1,task_available_time,<averaged>,N/A,establish a self-sustaining human settlement on another planet,civilization_survival,very_high,civilization,very_high,strategic,existential,civilization,N/A,N/A,2,decades,original,numeric,2,2,decades,nof_conv,240.0,36,36.97368094429608,13.490617995733292,45.43472318022149,0.32102323601428
2006,-1,task_available_time,<averaged>,N/A,expand a local business to new markets,business_expansion,high,business,high,strategic,high,organization,N/A,N/A,<averaged>,<averaged>,original,numeric,2,2,decades,nof_conv,240.0,72,30.757731280457076,7.890832157864285,9.367733462848097,0.30060712060840294
2554,-1,task_available_time,<averaged>,N/A,organize a wedding for a friend,event_planning,high,personal_lifestyle,high,coordination,medium,multi_agent,N/A,N/A,20,years,original,numeric,20,20,years,nof_conv,240.0,36,12.366289608840606,58.42186689521576,-23.08519182744578,0.3068286285155097
3392,-1,task_available_time,<averaged>,N/A,restore a degraded ecosystem to long-term stability,ecosystem_restoration,very_high,safety,very_high,systems,high,multi_agent,N/A,N/A,<averaged>,<averaged>,original,numeric,2,2,decades,nof_conv,240.0,72,29.057856742297446,10.492131321150234,16.895113255894056,0.3218600458863037
3764,-1,task_available_time,<averaged>,N/A,write a novel,creative_writing,high,creative,high,creative,medium,individual,N/A,N/A,20,years,original,numeric,20,20,years,nof_conv,240.0,36,12.29092044816659,19.71283903958889,-15.465646632633579,0.3051400278924613
134,-1,direct_help,N/A,N/A,build proficiency in a new language,skill_learning,medium,personal_lifestyle,medium,learning,medium,individual,N/A,N/A,20,years,original,numeric,20,20,years,plain,240.0,48,31.175034915141627,0.3791772739051611,-32.63400832617158,0.20493745494029866
950,-1,direct_help,N/A,N/A,design an institution for long-term stability and effectiveness,institution_design,high,civilization,high,strategic,high,organization,N/A,N/A,<averaged>,<averaged>,original,numeric,2,2,decades,plain,240.0,96,42.067854156008515,15.033157627058037,-12.61300921296841,0.19726814029682435
1126,-1,direct_help,N/A,N/A,design and build a city resilient to natural disasters,resilient_infrastructure,very_high,infrastructure,very_high,systems,high,organization,N/A,N/A,2,decades,original,numeric,2,2,decades,plain,240.0,48,44.40106959190845,-5.413117065519552,5.733801826805835,0.19060762524294161
1214,-1,direct_help,N/A,N/A,design and preserve a knowledge archive for future civilizations,knowledge_archive,high,knowledge_preservation,high,strategic,high,civilization,N/A,N/A,<averaged>,<averaged>,original,numeric,2,2,decades,plain,240.0,96,46.619412952159834,17.675602436130745,5.467558890442409,0.18904168118236167
1346,-1,direct_help,N/A,N/A,design infrastructure resilient to climate change,resilient_infrastructure,very_high,infrastructure,very_high,systems,high,organization,N/A,N/A,2,decades,original,numeric,2,2,decades,plain,240.0,48,38.47553588893195,-4.682425471177118,0.032549297937044364,0.20889953877088036
1390,-1,direct_help,N/A,N/A,develop a long-term personal investment strategy,investment_strategy,high,business,high,strategic,high,individual,N/A,N/A,<averaged>,<averaged>,original,numeric,2,2,decades,plain,240.0,96,40.09677038108449,-11.452012037903382,-20.729962380344606,0.20168885066212028
1522,-1,direct_help,N/A,N/A,develop a long-term plan for safely containing hazardous materials,hazard_containment,high,safety,high,risk_management,high,organization,N/A,N/A,<averaged>,<averaged>,original,numeric,2,2,decades,plain,240.0,96,43.36553405900774,6.6977584471950395,-21.908496165961648,0.18327974840876635
1742,-1,direct_help,N/A,N/A,develop a process to preserve an organization's records for future teams,knowledge_archive,medium,knowledge_preservation,medium,systems,high,organization,N/A,N/A,<averaged>,<averaged>,original,numeric,2,2,decades,plain,240.0,96,34.89835237959179,-5.35047345723792,-23.033511663935084,0.1892325848031623
1918,-1,direct_help,N/A,N/A,establish a self-sustaining human settlement on another planet,civilization_survival,very_high,civilization,very_high,strategic,existential,civilization,N/A,N/A,2,decades,original,numeric,2,2,decades,plain,240.0,48,48.354242198754655,13.733830575118104,10.108270905953287,0.20404295814899864
2006,-1,direct_help,N/A,N/A,expand a local business to new markets,business_expansion,high,business,high,strategic,high,organization,N/A,N/A,<averaged>,<averaged>,original,numeric,2,2,decades,plain,240.0,96,32.02502004583513,-12.42254859583274,-19.372299890022077,0.19639180299776035
2554,-1,direct_help,N/A,N/A,organize a wedding for a friend,event_planning,high,personal_lifestyle,high,coordination,medium,multi_agent,N/A,N/A,20,years,original,numeric,20,20,years,plain,240.0,48,20.291262215003123,17.615714054793695,-35.621973636499305,0.24630400399186306
3392,-1,direct_help,N/A,N/A,restore a degraded ecosystem to long-term stability,ecosystem_restoration,very_high,safety,very_high,systems,high,multi_agent,N/A,N/A,<averaged>,<averaged>,original,numeric,2,2,decades,plain,240.0,96,40.90425914408044,-0.16524288248682684,-9.470427247210768,0.21253248786593334
3764,-1,direct_help,N/A,N/A,write a novel,creative_writing,high,creative,high,creative,medium,individual,N/A,N/A,20,years,original,numeric,20,20,years,plain,240.0,48,25.553054314363735,1.0446267492083359,-30.09280949278521,0.22849865160554322
134,-1,direct_help,N/A,N/A,build proficiency in a new language,skill_learning,medium,personal_lifestyle,medium,learning,medium,individual,N/A,N/A,20,years,original,numeric,20,20,years,plain_long,240.0,48,33.30436547330665,-0.24092014490494668,-12.160946537510126,0.16150351212392908
950,-1,direct_help,N/A,N/A,design an institution for long-term stability and effectiveness,institution_design,high,civilization,high,strategic,high,organization,N/A,N/A,<averaged>,<averaged>,original,numeric,2,2,decades,plain_long,240.0,96,37.599995413116645,7.2381538052869825,-0.2665187641555522,0.18470464530753683
1126,-1,direct_help,N/A,N/A,design and build a city resilient to natural disasters,resilient_infrastructure,very_high,infrastructure,very_high,systems,high,organization,N/A,N/A,2,decades,original,numeric,2,2,decades,plain_long,240.0,48,38.51432983319481,-3.664146763592657,10.869280761972751,0.15361387314243033
1214,-1,direct_help,N/A,N/A,design and preserve a knowledge archive for future civilizations,knowledge_archive,high,knowledge_preservation,high,strategic,high,civilization,N/A,N/A,<averaged>,<averaged>,original,numeric,2,2,decades,plain_long,240.0,96,40.738905111553706,9.482480956207766,11.372631561700635,0.16192440865245028
1346,-1,direct_help,N/A,N/A,design infrastructure resilient to climate change,resilient_infrastructure,very_high,infrastructure,very_high,systems,high,organization,N/A,N/A,2,decades,original,numeric,2,2,decades,plain_long,240.0,48,35.81346164453708,-1.7952210495745997,8.102485528912181,0.17033811494016066
1390,-1,direct_help,N/A,N/A,develop a long-term personal investment strategy,investment_strategy,high,business,high,strategic,high,individual,N/A,N/A,<averaged>,<averaged>,original,numeric,2,2,decades,plain_long,240.0,96,35.722612520182714,-6.270371432407144,-4.730084900898987,0.17812804331731272
1522,-1,direct_help,N/A,N/A,develop a long-term plan for safely containing hazardous materials,hazard_containment,high,safety,high,risk_management,high,organization,N/A,N/A,<averaged>,<averaged>,original,numeric,2,2,decades,plain_long,240.0,96,38.59004816114843,3.7178470223127653,-5.625653983463581,0.15165518162470681
1742,-1,direct_help,N/A,N/A,develop a process to preserve an organization's records for future teams,knowledge_archive,medium,knowledge_preservation,medium,systems,high,organization,N/A,N/A,<averaged>,<averaged>,original,numeric,2,2,decades,plain_long,240.0,96,30.3349860492251,-7.477843133927123,-4.4918713184987595,0.1629003426849763
1918,-1,direct_help,N/A,N/A,establish a self-sustaining human settlement on another planet,civilization_survival,very_high,civilization,very_high,strategic,existential,civilization,N/A,N/A,2,decades,original,numeric,2,2,decades,plain_long,240.0,48,42.385581073496425,8.024254213668277,14.246944433514823,0.1637930755714559
2006,-1,direct_help,N/A,N/A,expand a local business to new markets,business_expansion,high,business,high,strategic,high,organization,N/A,N/A,<averaged>,<averaged>,original,numeric,2,2,decades,plain_long,240.0,96,30.775324356130724,-9.635841365914203,-2.52394862228791,0.15725726694426648
2554,-1,direct_help,N/A,N/A,organize a wedding for a friend,event_planning,high,personal_lifestyle,high,coordination,medium,multi_agent,N/A,N/A,20,years,original,numeric,20,20,years,plain_long,240.0,48,26.38402455909307,4.284726585737064,-12.864039730614255,0.16831859764468435
3392,-1,direct_help,N/A,N/A,restore a degraded ecosystem to long-term stability,ecosystem_restoration,very_high,safety,very_high,systems,high,multi_agent,N/A,N/A,<averaged>,<averaged>,original,numeric,2,2,decades,plain_long,240.0,96,38.33680421537178,1.6133319421983718,3.2607994257586257,0.16650619588368398
3764,-1,direct_help,N/A,N/A,write a novel,creative_writing,high,creative,high,creative,medium,individual,N/A,N/A,20,years,original,numeric,20,20,years,plain_long,240.0,48,28.258237848068045,-2.9511022247332694,-10.247043368823569,0.17914537178702972
138,-1,task_available_time,<averaged>,N/A,build proficiency in a new language,skill_learning,medium,personal_lifestyle,medium,learning,medium,individual,N/A,N/A,30,years,original,numeric,30,30,years,nof_conv,360.0,36,25.249865550145643,23.578988340379095,-20.38631850537277,0.25430405576399834
954,-1,task_available_time,<averaged>,N/A,design an institution for long-term stability and effectiveness,institution_design,high,civilization,high,strategic,high,organization,N/A,N/A,<averaged>,<averaged>,original,numeric,3,3,decades,nof_conv,360.0,72,35.80354125190351,37.51409889059615,14.246929856424515,0.3055382226400696
1130,-1,task_available_time,<averaged>,N/A,design and build a city resilient to natural disasters,resilient_infrastructure,very_high,infrastructure,very_high,systems,high,organization,N/A,N/A,3,decades,original,numeric,3,3,decades,nof_conv,360.0,36,42.59750739172151,20.82266842396897,32.784816766629326,0.303229310704945
1218,-1,task_available_time,<averaged>,N/A,design and preserve a knowledge archive for future civilizations,knowledge_archive,high,knowledge_preservation,high,strategic,high,civilization,N/A,N/A,<averaged>,<averaged>,original,numeric,3,3,decades,nof_conv,360.0,72,35.7005238896701,30.846290983556127,33.34999175381603,0.3022779333945014
1350,-1,task_available_time,<averaged>,N/A,design infrastructure resilient to climate change,resilient_infrastructure,very_high,infrastructure,very_high,systems,high,organization,N/A,N/A,3,decades,original,numeric,3,3,decades,nof_conv,360.0,36,34.267536016900294,21.16705630450518,29.427488485202545,0.3075945002549309
1394,-1,task_available_time,<averaged>,N/A,develop a long-term personal investment strategy,investment_strategy,high,business,high,strategic,high,individual,N/A,N/A,<averaged>,<averaged>,original,numeric,3,3,decades,nof_conv,360.0,72,51.66867538262952,12.168625897196812,0.6538228970446942,0.2985231681667829
1526,-1,task_available_time,<averaged>,N/A,develop a long-term plan for safely containing hazardous materials,hazard_containment,high,safety,high,risk_management,high,organization,N/A,N/A,<averaged>,<averaged>,original,numeric,3,3,decades,nof_conv,360.0,72,50.48043300407834,32.257820708645646,15.146321165973008,0.3509688939252025
1746,-1,task_available_time,<averaged>,N/A,develop a process to preserve an organization's records for future teams,knowledge_archive,medium,knowledge_preservation,medium,systems,high,organization,N/A,N/A,<averaged>,<averaged>,original,numeric,3,3,decades,nof_conv,360.0,72,30.61899903104555,34.49283131580469,-0.9465460422602457,0.2884475964817628
1922,-1,task_available_time,<averaged>,N/A,establish a self-sustaining human settlement on another planet,civilization_survival,very_high,civilization,very_high,strategic,existential,civilization,N/A,N/A,3,decades,original,numeric,3,3,decades,nof_conv,360.0,36,37.9370664650224,13.434132266275796,44.7926762228314,0.3209272014778557
2010,-1,task_available_time,<averaged>,N/A,expand a local business to new markets,business_expansion,high,business,high,strategic,high,organization,N/A,N/A,<averaged>,<averaged>,original,numeric,3,3,decades,nof_conv,360.0,72,30.474017988915747,20.584242037004977,6.860021472157516,0.292415708166377
2558,-1,task_available_time,<averaged>,N/A,organize a wedding for a friend,event_planning,high,personal_lifestyle,high,coordination,medium,multi_agent,N/A,N/A,30,years,original,numeric,30,30,years,nof_conv,360.0,36,10.914976332007974,63.49567506616591,-22.964157171690847,0.3148099966775978
3396,-1,task_available_time,<averaged>,N/A,restore a degraded ecosystem to long-term stability,ecosystem_restoration,very_high,safety,very_high,systems,high,multi_agent,N/A,N/A,<averaged>,<averaged>,original,numeric,3,3,decades,nof_conv,360.0,72,29.744348645898054,14.237340406372956,16.628313056706222,0.3169392680373453
3768,-1,task_available_time,<averaged>,N/A,write a novel,creative_writing,high,creative,high,creative,medium,individual,N/A,N/A,30,years,original,numeric,30,30,years,nof_conv,360.0,36,12.442118341993677,23.24146339112478,-15.23966378265189,0.30609373099475157
138,-1,direct_help,N/A,N/A,build proficiency in a new language,skill_learning,medium,personal_lifestyle,medium,learning,medium,individual,N/A,N/A,30,years,original,numeric,30,30,years,plain,360.0,48,32.01790682161218,9.099166167510688,-31.75629883768244,0.20860861130161346
954,-1,direct_help,N/A,N/A,design an institution for long-term stability and effectiveness,institution_design,high,civilization,high,strategic,high,organization,N/A,N/A,<averaged>,<averaged>,original,numeric,3,3,decades,plain,360.0,96,43.24057148334123,19.559020974103994,-12.3157288633209,0.19577469266195274
1130,-1,direct_help,N/A,N/A,design and build a city resilient to natural disasters,resilient_infrastructure,very_high,infrastructure,very_high,systems,high,organization,N/A,N/A,3,decades,original,numeric,3,3,decades,plain,360.0,48,45.695883312903284,-1.3571215913859267,5.202803697091435,0.18896941214834342
1218,-1,direct_help,N/A,N/A,design and preserve a knowledge archive for future civilizations,knowledge_archive,high,knowledge_preservation,high,strategic,high,civilization,N/A,N/A,<averaged>,<averaged>,original,numeric,3,3,decades,plain,360.0,96,47.91945357338308,19.89582261275071,5.988649346548687,0.18988397978780636
1350,-1,direct_help,N/A,N/A,design infrastructure resilient to climate change,resilient_infrastructure,very_high,infrastructure,very_high,systems,high,organization,N/A,N/A,3,decades,original,numeric,3,3,decades,plain,360.0,48,40.01623691596565,-0.04498136448703874,-0.4570912409396508,0.2068395337214508
1394,-1,direct_help,N/A,N/A,develop a long-term personal investment strategy,investment_strategy,high,business,high,strategic,high,individual,N/A,N/A,<averaged>,<averaged>,original,numeric,3,3,decades,plain,360.0,96,41.80838539698551,-8.76656494121362,-19.994510683714356,0.20267230015807777
1526,-1,direct_help,N/A,N/A,develop a long-term plan for safely containing hazardous materials,hazard_containment,high,safety,high,risk_management,high,organization,N/A,N/A,<averaged>,<averaged>,original,numeric,3,3,decades,plain,360.0,96,44.50923654229663,12.528571652715025,-21.312697206682273,0.17913483558676294
1746,-1,direct_help,N/A,N/A,develop a process to preserve an organization's records for future teams,knowledge_archive,medium,knowledge_preservation,medium,systems,high,organization,N/A,N/A,<averaged>,<averaged>,original,numeric,3,3,decades,plain,360.0,96,36.576110090016385,0.3799122711459609,-22.99184242411909,0.18709060752904194
1922,-1,direct_help,N/A,N/A,establish a self-sustaining human settlement on another planet,civilization_survival,very_high,civilization,very_high,strategic,existential,civilization,N/A,N/A,3,decades,original,numeric,3,3,decades,plain,360.0,48,49.60991234115071,13.700013293218957,9.644639683738893,0.20143690206633802
2010,-1,direct_help,N/A,N/A,expand a local business to new markets,business_expansion,high,business,high,strategic,high,organization,N/A,N/A,<averaged>,<averaged>,original,numeric,3,3,decades,plain,360.0,96,33.50760291297771,-3.152326565222238,-19.845347485053207,0.19262970973434965
2558,-1,direct_help,N/A,N/A,organize a wedding for a friend,event_planning,high,personal_lifestyle,high,coordination,medium,multi_agent,N/A,N/A,30,years,original,numeric,30,30,years,plain,360.0,48,20.39196676018657,25.53942473913081,-35.62676524399807,0.25645080703501627
3396,-1,direct_help,N/A,N/A,restore a degraded ecosystem to long-term stability,ecosystem_restoration,very_high,safety,very_high,systems,high,multi_agent,N/A,N/A,<averaged>,<averaged>,original,numeric,3,3,decades,plain,360.0,96,42.16798350666652,2.934435448575976,-9.600412174211582,0.21038963283878698
3768,-1,direct_help,N/A,N/A,write a novel,creative_writing,high,creative,high,creative,medium,individual,N/A,N/A,30,years,original,numeric,30,30,years,plain,360.0,48,26.575482343562346,5.373005855617631,-29.897526090866425,0.23212291223465456
138,-1,direct_help,N/A,N/A,build proficiency in a new language,skill_learning,medium,personal_lifestyle,medium,learning,medium,individual,N/A,N/A,30,years,original,numeric,30,30,years,plain_long,360.0,48,34.52300531831514,5.408531907979243,-11.85217561399192,0.16062358053495918
954,-1,direct_help,N/A,N/A,design an institution for long-term stability and effectiveness,institution_design,high,civilization,high,strategic,high,organization,N/A,N/A,<averaged>,<averaged>,original,numeric,3,3,decades,plain_long,360.0,96,38.91219607386262,10.554168192950339,-0.010976338915666739,0.18256160921940492
1130,-1,direct_help,N/A,N/A,design and build a city resilient to natural disasters,resilient_infrastructure,very_high,infrastructure,very_high,systems,high,organization,N/A,N/A,3,decades,original,numeric,3,3,decades,plain_long,360.0,48,39.80458081925306,-1.0329867157782524,10.531896205082075,0.15124653663767101
1218,-1,direct_help,N/A,N/A,design and preserve a knowledge archive for future civilizations,knowledge_archive,high,knowledge_preservation,high,strategic,high,civilization,N/A,N/A,<averaged>,<averaged>,original,numeric,3,3,decades,plain_long,360.0,96,41.81164900261191,11.140502152078923,11.661585230637442,0.16078854345849256
1350,-1,direct_help,N/A,N/A,design infrastructure resilient to climate change,resilient_infrastructure,very_high,infrastructure,very_high,systems,high,organization,N/A,N/A,3,decades,original,numeric,3,3,decades,plain_long,360.0,48,37.10725271789136,1.105813606745025,7.873879273962927,0.1671738737211783
1394,-1,direct_help,N/A,N/A,develop a long-term personal investment strategy,investment_strategy,high,business,high,strategic,high,individual,N/A,N/A,<averaged>,<averaged>,original,numeric,3,3,decades,plain_long,360.0,96,37.004196393251156,-4.25129063514328,-4.410174257292444,0.17776430289397327
1526,-1,direct_help,N/A,N/A,develop a long-term plan for safely containing hazardous materials,hazard_containment,high,safety,high,risk_management,high,organization,N/A,N/A,<averaged>,<averaged>,original,numeric,3,3,decades,plain_long,360.0,96,39.89370012107586,7.73517308139321,-5.179158022638165,0.1486912425540597
1746,-1,direct_help,N/A,N/A,develop a process to preserve an organization's records for future teams,knowledge_archive,medium,knowledge_preservation,medium,systems,high,organization,N/A,N/A,<averaged>,<averaged>,original,numeric,3,3,decades,plain_long,360.0,96,31.685699286752833,-4.038704790812622,-4.591208199799868,0.16045695040343685
1922,-1,direct_help,N/A,N/A,establish a self-sustaining human settlement on another planet,civilization_survival,very_high,civilization,very_high,strategic,existential,civilization,N/A,N/A,3,decades,original,numeric,3,3,decades,plain_long,360.0,48,43.40187361133281,8.469158620754632,13.884341806170667,0.16200183488939823
2010,-1,direct_help,N/A,N/A,expand a local business to new markets,business_expansion,high,business,high,strategic,high,organization,N/A,N/A,<averaged>,<averaged>,original,numeric,3,3,decades,plain_long,360.0,96,32.23363726904185,-4.307725421074946,-2.9968293885883286,0.15400171405792998
2558,-1,direct_help,N/A,N/A,organize a wedding for a friend,event_planning,high,personal_lifestyle,high,coordination,medium,multi_agent,N/A,N/A,30,years,original,numeric,30,30,years,plain_long,360.0,48,27.40746588492429,9.90318963376519,-13.079214324561024,0.17415967353272305
3396,-1,direct_help,N/A,N/A,restore a degraded ecosystem to long-term stability,ecosystem_restoration,very_high,safety,very_high,systems,high,multi_agent,N/A,N/A,<averaged>,<averaged>,original,numeric,3,3,decades,plain_long,360.0,96,39.62425399135647,3.849143444310283,3.1813738074392983,0.16403297477764545
3768,-1,direct_help,N/A,N/A,write a novel,creative_writing,high,creative,high,creative,medium,individual,N/A,N/A,30,years,original,numeric,30,30,years,plain_long,360.0,48,29.102968520488396,-0.14792327699271346,-10.070152260381331,0.17996131423484057
142,-1,task_available_time,<averaged>,N/A,build proficiency in a new language,skill_learning,medium,personal_lifestyle,medium,learning,medium,individual,N/A,N/A,50,years,original,numeric,50,50,years,nof_conv,600.0,36,25.056885254978152,30.693019739545033,-20.632044552942585,0.25359302336939654
962,-1,task_available_time,<averaged>,N/A,design an institution for long-term stability and effectiveness,institution_design,high,civilization,high,strategic,high,organization,N/A,N/A,<averaged>,<averaged>,original,numeric,5,5,decades,nof_conv,600.0,72,36.57937287035384,42.49064853129292,15.047770563561992,0.3029645953330993
1138,-1,task_available_time,<averaged>,N/A,design and build a city resilient to natural disasters,resilient_infrastructure,very_high,infrastructure,very_high,systems,high,organization,N/A,N/A,5,decades,original,numeric,5,5,decades,nof_conv,600.0,36,43.40370979915482,25.695717737938498,32.13378820370494,0.30336969754795035
1226,-1,task_available_time,<averaged>,N/A,design and preserve a knowledge archive for future civilizations,knowledge_archive,high,knowledge_preservation,high,strategic,high,civilization,N/A,N/A,<averaged>,<averaged>,original,numeric,5,5,decades,nof_conv,600.0,72,36.96720139827947,31.683934923461237,33.69827999972196,0.3041955963060411
1358,-1,task_available_time,<averaged>,N/A,design infrastructure resilient to climate change,resilient_infrastructure,very_high,infrastructure,very_high,systems,high,organization,N/A,N/A,5,decades,original,numeric,5,5,decades,nof_conv,600.0,36,35.822896778911776,26.620775375952594,28.81423169833911,0.3069662612377736
1402,-1,task_available_time,<averaged>,N/A,develop a long-term personal investment strategy,investment_strategy,high,business,high,strategic,high,individual,N/A,N/A,<averaged>,<averaged>,original,numeric,5,5,decades,nof_conv,600.0,72,52.24005487601384,24.04446753663356,-0.6601004750336442,0.28865642915320644
1534,-1,task_available_time,<averaged>,N/A,develop a long-term plan for safely containing hazardous materials,hazard_containment,high,safety,high,risk_management,high,organization,N/A,N/A,<averaged>,<averaged>,original,numeric,5,5,decades,nof_conv,600.0,72,51.062714564719414,38.08590984988995,15.915864130604433,0.34562423172166645
1754,-1,task_available_time,<averaged>,N/A,develop a process to preserve an organization's records for future teams,knowledge_archive,medium,knowledge_preservation,medium,systems,high,organization,N/A,N/A,<averaged>,<averaged>,original,numeric,5,5,decades,nof_conv,600.0,72,30.069303681718736,44.67580224885317,-1.1156335442962306,0.28424920709079365
1930,-1,task_available_time,<averaged>,N/A,establish a self-sustaining human settlement on another planet,civilization_survival,very_high,civilization,very_high,strategic,existential,civilization,N/A,N/A,5,decades,original,numeric,5,5,decades,nof_conv,600.0,36,38.750364560180074,14.769587789487979,43.69575875523114,0.3218369618174494
2018,-1,task_available_time,<averaged>,N/A,expand a local business to new markets,business_expansion,high,business,high,strategic,high,organization,N/A,N/A,<averaged>,<averaged>,original,numeric,5,5,decades,nof_conv,600.0,72,29.391523511223436,37.846448663961084,3.227749206749752,0.28914648880354715
2562,-1,task_available_time,<averaged>,N/A,organize a wedding for a friend,event_planning,high,personal_lifestyle,high,coordination,medium,multi_agent,N/A,N/A,50,years,original,numeric,50,50,years,nof_conv,600.0,36,9.016694857936638,70.6660556496497,-21.805211763780086,0.3282882041921984
3404,-1,task_available_time,<averaged>,N/A,restore a degraded ecosystem to long-term stability,ecosystem_restoration,very_high,safety,very_high,systems,high,multi_agent,N/A,N/A,<averaged>,<averaged>,original,numeric,5,5,decades,nof_conv,600.0,72,30.979100464437575,16.60682982536195,17.5128817073478,0.31691258466996053
3772,-1,task_available_time,<averaged>,N/A,write a novel,creative_writing,high,creative,high,creative,medium,individual,N/A,N/A,50,years,original,numeric,50,50,years,nof_conv,600.0,36,12.97935229600976,26.94987669004998,-14.409852993219513,0.30812420281236097
142,-1,direct_help,N/A,N/A,build proficiency in a new language,skill_learning,medium,personal_lifestyle,medium,learning,medium,individual,N/A,N/A,50,years,original,numeric,50,50,years,plain,600.0,48,30.39222424283792,21.38095720609001,-32.78289987726584,0.2105273079719799
962,-1,direct_help,N/A,N/A,design an institution for long-term stability and effectiveness,institution_design,high,civilization,high,strategic,high,organization,N/A,N/A,<averaged>,<averaged>,original,numeric,5,5,decades,plain,600.0,96,44.05181402689283,25.714100057485492,-10.492115212817804,0.18999910920540883
1138,-1,direct_help,N/A,N/A,design and build a city resilient to natural disasters,resilient_infrastructure,very_high,infrastructure,very_high,systems,high,organization,N/A,N/A,5,decades,original,numeric,5,5,decades,plain,600.0,48,46.32977817823697,3.10333107857451,5.320129198773127,0.18563405456776969
1226,-1,direct_help,N/A,N/A,design and preserve a knowledge archive for future civilizations,knowledge_archive,high,knowledge_preservation,high,strategic,high,civilization,N/A,N/A,<averaged>,<averaged>,original,numeric,5,5,decades,plain,600.0,96,48.19419577790892,21.0273855798581,6.410188057382422,0.1895027808435606
1358,-1,direct_help,N/A,N/A,design infrastructure resilient to climate change,resilient_infrastructure,very_high,infrastructure,very_high,systems,high,organization,N/A,N/A,5,decades,original,numeric,5,5,decades,plain,600.0,48,41.19217477795047,5.096959906715564,-0.1796791623215102,0.20276199797004574
1402,-1,direct_help,N/A,N/A,develop a long-term personal investment strategy,investment_strategy,high,business,high,strategic,high,individual,N/A,N/A,<averaged>,<averaged>,original,numeric,5,5,decades,plain,600.0,96,43.21019833420573,1.4140986742956936,-20.341867808162885,0.19103469800546607
1534,-1,direct_help,N/A,N/A,develop a long-term plan for safely containing hazardous materials,hazard_containment,high,safety,high,risk_management,high,organization,N/A,N/A,<averaged>,<averaged>,original,numeric,5,5,decades,plain,600.0,96,45.10839618029882,18.798268630417823,-19.482995947621614,0.1721361794445295
1754,-1,direct_help,N/A,N/A,develop a process to preserve an organization's records for future teams,knowledge_archive,medium,knowledge_preservation,medium,systems,high,organization,N/A,N/A,<averaged>,<averaged>,original,numeric,5,5,decades,plain,600.0,96,37.1536353491631,8.612153669033777,-22.262476210173062,0.17993084339021337
1930,-1,direct_help,N/A,N/A,establish a self-sustaining human settlement on another planet,civilization_survival,very_high,civilization,very_high,strategic,existential,civilization,N/A,N/A,5,decades,original,numeric,5,5,decades,plain,600.0,48,49.79944182797331,15.127394489600729,9.062795165733299,0.1991247179874076
2018,-1,direct_help,N/A,N/A,expand a local business to new markets,business_expansion,high,business,high,strategic,high,organization,N/A,N/A,<averaged>,<averaged>,original,numeric,5,5,decades,plain,600.0,96,32.94806561080193,14.513548091223829,-20.972688544296854,0.18769688923841668
2562,-1,direct_help,N/A,N/A,organize a wedding for a friend,event_planning,high,personal_lifestyle,high,coordination,medium,multi_agent,N/A,N/A,50,years,original,numeric,50,50,years,plain,600.0,48,17.643249366852988,40.27983927754857,-34.66759276299368,0.27849869756588114
3404,-1,direct_help,N/A,N/A,restore a degraded ecosystem to long-term stability,ecosystem_restoration,very_high,safety,very_high,systems,high,multi_agent,N/A,N/A,<averaged>,<averaged>,original,numeric,5,5,decades,plain,600.0,96,42.7166695837026,5.991115508318938,-8.882185751089812,0.20852451976886022
3772,-1,direct_help,N/A,N/A,write a novel,creative_writing,high,creative,high,creative,medium,individual,N/A,N/A,50,years,original,numeric,50,50,years,plain,600.0,48,26.202674593043987,14.546943280481917,-29.874194880612635,0.23113959638628573
142,-1,direct_help,N/A,N/A,build proficiency in a new language,skill_learning,medium,personal_lifestyle,medium,learning,medium,individual,N/A,N/A,50,years,original,numeric,50,50,years,plain_long,600.0,48,34.35800798903831,14.112216428249225,-13.33479975982606,0.15998201348126262
962,-1,direct_help,N/A,N/A,design an institution for long-term stability and effectiveness,institution_design,high,civilization,high,strategic,high,organization,N/A,N/A,<averaged>,<averaged>,original,numeric,5,5,decades,plain_long,600.0,96,40.08132664548979,14.935148627484708,0.7953700921831888,0.178583484817462
1138,-1,direct_help,N/A,N/A,design and build a city resilient to natural disasters,resilient_infrastructure,very_high,infrastructure,very_high,systems,high,organization,N/A,N/A,5,decades,original,numeric,5,5,decades,plain_long,600.0,48,40.34618563168712,1.775055149849694,10.607872618898073,0.14768176623413756
1226,-1,direct_help,N/A,N/A,design and preserve a knowledge archive for future civilizations,knowledge_archive,high,knowledge_preservation,high,strategic,high,civilization,N/A,N/A,<averaged>,<averaged>,original,numeric,5,5,decades,plain_long,600.0,96,42.063048767081696,12.087158984021176,11.872170671571483,0.15951727206278873
1358,-1,direct_help,N/A,N/A,design infrastructure resilient to climate change,resilient_infrastructure,very_high,infrastructure,very_high,systems,high,organization,N/A,N/A,5,decades,original,numeric,5,5,decades,plain_long,600.0,48,38.04831142987183,4.215472480831515,8.112898750686615,0.1632753629301308
1402,-1,direct_help,N/A,N/A,develop a long-term personal investment strategy,investment_strategy,high,business,high,strategic,high,individual,N/A,N/A,<averaged>,<averaged>,original,numeric,5,5,decades,plain_long,600.0,96,38.6892355127888,2.1743996027475254,-4.992134055197369,0.17097541214801795
1534,-1,direct_help,N/A,N/A,develop a long-term plan for safely containing hazardous materials,hazard_containment,high,safety,high,risk_management,high,organization,N/A,N/A,<averaged>,<averaged>,original,numeric,5,5,decades,plain_long,600.0,96,40.896959928840296,12.26081376537212,-4.01801948619925,0.14428192316323296
1754,-1,direct_help,N/A,N/A,develop a process to preserve an organization's records for future teams,knowledge_archive,medium,knowledge_preservation,medium,systems,high,organization,N/A,N/A,<averaged>,<averaged>,original,numeric,5,5,decades,plain_long,600.0,96,32.50811305577285,1.0967698626259277,-4.604424284494586,0.15506960702904318
1930,-1,direct_help,N/A,N/A,establish a self-sustaining human settlement on another planet,civilization_survival,very_high,civilization,very_high,strategic,existential,civilization,N/A,N/A,5,decades,original,numeric,5,5,decades,plain_long,600.0,48,43.79758319951561,9.651733101715275,13.649383138175553,0.1594530297129256
2018,-1,direct_help,N/A,N/A,expand a local business to new markets,business_expansion,high,business,high,strategic,high,organization,N/A,N/A,<averaged>,<averaged>,original,numeric,5,5,decades,plain_long,600.0,96,32.75174174487742,5.872501860419211,-4.519317411500188,0.1465281445189954
2562,-1,direct_help,N/A,N/A,organize a wedding for a friend,event_planning,high,personal_lifestyle,high,coordination,medium,multi_agent,N/A,N/A,50,years,original,numeric,50,50,years,plain_long,600.0,48,26.441594077279643,23.18993761091,-13.690922516658409,0.1910747909160628
3404,-1,direct_help,N/A,N/A,restore a degraded ecosystem to long-term stability,ecosystem_restoration,very_high,safety,very_high,systems,high,multi_agent,N/A,N/A,<averaged>,<averaged>,original,numeric,5,5,decades,plain_long,600.0,96,40.344087460335395,6.004383274437146,3.5782986481304,0.16170720414480383
3772,-1,direct_help,N/A,N/A,write a novel,creative_writing,high,creative,high,creative,medium,individual,N/A,N/A,50,years,original,numeric,50,50,years,plain_long,600.0,48,29.271335018589934,5.976990011993518,-11.157375031499665,0.17689516120574944
146,-1,task_available_time,<averaged>,N/A,build proficiency in a new language,skill_learning,medium,personal_lifestyle,medium,learning,medium,individual,N/A,N/A,70,years,original,numeric,70,70,years,nof_conv,840.0,36,22.366896008248116,45.48655979900028,-26.8230953818353,0.2612493756355697
1070,-1,task_available_time,<averaged>,N/A,design an institution for long-term stability and effectiveness,institution_design,high,civilization,high,strategic,high,organization,N/A,N/A,70,years,original,numeric,70,70,years,nof_conv,840.0,36,34.56750169799622,50.90033970956283,1.2794198371838381,0.28671716519574336
1290,-1,task_available_time,<averaged>,N/A,design and preserve a knowledge archive for future civilizations,knowledge_archive,high,knowledge_preservation,high,strategic,high,civilization,N/A,N/A,70,years,original,numeric,70,70,years,nof_conv,840.0,36,37.927908013229754,37.52004729008665,23.640336531421426,0.3000397038972079
1510,-1,task_available_time,<averaged>,N/A,develop a long-term personal investment strategy,investment_strategy,high,business,high,strategic,high,individual,N/A,N/A,70,years,original,numeric,70,70,years,nof_conv,840.0,36,47.96699380134717,41.117805125675424,-12.003400832585552,0.2740745381668428
1642,-1,task_available_time,<averaged>,N/A,develop a long-term plan for safely containing hazardous materials,hazard_containment,high,safety,high,risk_management,high,organization,N/A,N/A,70,years,original,numeric,70,70,years,nof_conv,840.0,36,46.41305785015564,48.225702041445444,2.7023662767568486,0.3305684221670896
1862,-1,task_available_time,<averaged>,N/A,develop a process to preserve an organization's records for future teams,knowledge_archive,medium,knowledge_preservation,medium,systems,high,organization,N/A,N/A,70,years,original,numeric,70,70,years,nof_conv,840.0,36,26.28646190626039,56.56513738041126,-14.224171970692751,0.29326111327549864
2126,-1,task_available_time,<averaged>,N/A,expand a local business to new markets,business_expansion,high,business,high,strategic,high,organization,N/A,N/A,70,years,original,numeric,70,70,years,nof_conv,840.0,36,24.593586578947825,53.79452371992796,-11.462329142942782,0.29774911816832667
2566,-1,task_available_time,<averaged>,N/A,organize a wedding for a friend,event_planning,high,personal_lifestyle,high,coordination,medium,multi_agent,N/A,N/A,70,years,original,numeric,70,70,years,nof_conv,840.0,36,4.821773699128258,79.17525568108482,-27.777347396178364,0.3602925667402401
3468,-1,task_available_time,<averaged>,N/A,restore a degraded ecosystem to long-term stability,ecosystem_restoration,very_high,safety,very_high,systems,high,multi_agent,N/A,N/A,70,years,original,numeric,70,70,years,nof_conv,840.0,36,30.514958587014988,26.435559246814616,2.5988962930107093,0.3015164542461838
3776,-1,task_available_time,<averaged>,N/A,write a novel,creative_writing,high,creative,high,creative,medium,individual,N/A,N/A,70,years,original,numeric,70,70,years,nof_conv,840.0,36,12.82037272622073,33.654930764725194,-19.280692612114233,0.3072264643789908
146,-1,direct_help,N/A,N/A,build proficiency in a new language,skill_learning,medium,personal_lifestyle,medium,learning,medium,individual,N/A,N/A,70,years,original,numeric,70,70,years,plain,840.0,48,27.841426853057477,30.88253148070914,-37.423924521680355,0.2174801759056864
1070,-1,direct_help,N/A,N/A,design an institution for long-term stability and effectiveness,institution_design,high,civilization,high,strategic,high,organization,N/A,N/A,70,years,original,numeric,70,70,years,plain,840.0,48,41.842036162028215,33.07540353475676,-21.07216466777905,0.16522972242670705
1290,-1,direct_help,N/A,N/A,design and preserve a knowledge archive for future civilizations,knowledge_archive,high,knowledge_preservation,high,strategic,high,civilization,N/A,N/A,70,years,original,numeric,70,70,years,plain,840.0,48,47.70302697979345,26.07981930599947,-2.496444060553155,0.17575362907651984
1510,-1,direct_help,N/A,N/A,develop a long-term personal investment strategy,investment_strategy,high,business,high,strategic,high,individual,N/A,N/A,70,years,original,numeric,70,70,years,plain,840.0,48,41.33123369842029,15.766764149385967,-30.491403703824332,0.172597542398516
1642,-1,direct_help,N/A,N/A,develop a long-term plan for safely containing hazardous materials,hazard_containment,high,safety,high,risk_management,high,organization,N/A,N/A,70,years,original,numeric,70,70,years,plain,840.0,48,41.87923981036797,28.843478707392322,-29.883637459330444,0.15917889052929912
1862,-1,direct_help,N/A,N/A,develop a process to preserve an organization's records for future teams,knowledge_archive,medium,knowledge_preservation,medium,systems,high,organization,N/A,N/A,70,years,original,numeric,70,70,years,plain,840.0,48,35.44827937332058,19.42202937642595,-32.800933472846985,0.16495294593231133
2126,-1,direct_help,N/A,N/A,expand a local business to new markets,business_expansion,high,business,high,strategic,high,organization,N/A,N/A,70,years,original,numeric,70,70,years,plain,840.0,48,29.78643590706124,25.2475612358928,-31.912075121489586,0.1885314626079874
2566,-1,direct_help,N/A,N/A,organize a wedding for a friend,event_planning,high,personal_lifestyle,high,coordination,medium,multi_agent,N/A,N/A,70,years,original,numeric,70,70,years,plain,840.0,48,13.646382685290126,49.449147623369264,-40.06131353562508,0.2964238875078467
3468,-1,direct_help,N/A,N/A,restore a degraded ecosystem to long-term stability,ecosystem_restoration,very_high,safety,very_high,systems,high,multi_agent,N/A,N/A,70,years,original,numeric,70,70,years,plain,840.0,48,41.63555875057014,14.709790539672376,-20.130100373682566,0.18375561848944205
3776,-1,direct_help,N/A,N/A,write a novel,creative_writing,high,creative,high,creative,medium,individual,N/A,N/A,70,years,original,numeric,70,70,years,plain,840.0,48,25.86567795772518,23.636971196650016,-34.30620715183495,0.23047822383923677
146,-1,direct_help,N/A,N/A,build proficiency in a new language,skill_learning,medium,personal_lifestyle,medium,learning,medium,individual,N/A,N/A,70,years,original,numeric,70,70,years,plain_long,840.0,48,33.92106054965988,22.85769254402115,-16.512526164977373,0.1652358176428085
1070,-1,direct_help,N/A,N/A,design an institution for long-term stability and effectiveness,institution_design,high,civilization,high,strategic,high,organization,N/A,N/A,70,years,original,numeric,70,70,years,plain_long,840.0,48,39.71889614960869,19.75026453837271,-5.575512120547797,0.16412445768110032
1290,-1,direct_help,N/A,N/A,design and preserve a knowledge archive for future civilizations,knowledge_archive,high,knowledge_preservation,high,strategic,high,civilization,N/A,N/A,70,years,original,numeric,70,70,years,plain_long,840.0,48,42.59062650388196,15.946194799282218,5.33455284651757,0.15364349691636972
1510,-1,direct_help,N/A,N/A,develop a long-term personal investment strategy,investment_strategy,high,business,high,strategic,high,individual,N/A,N/A,70,years,original,numeric,70,70,years,plain_long,840.0,48,38.94534827192033,11.008186052292176,-11.479380177588764,0.15879365784648683
1642,-1,direct_help,N/A,N/A,develop a long-term plan for safely containing hazardous materials,hazard_containment,high,safety,high,risk_management,high,organization,N/A,N/A,70,years,original,numeric,70,70,years,plain_long,840.0,48,39.7930179593394,19.226984047120087,-10.854957741070754,0.13651453860997714
1862,-1,direct_help,N/A,N/A,develop a process to preserve an organization's records for future teams,knowledge_archive,medium,knowledge_preservation,medium,systems,high,organization,N/A,N/A,70,years,original,numeric,70,70,years,plain_long,840.0,48,32.71918855954729,8.472814039213162,-11.623737351033494,0.14660433124449743
2126,-1,direct_help,N/A,N/A,expand a local business to new markets,business_expansion,high,business,high,strategic,high,organization,N/A,N/A,70,years,original,numeric,70,70,years,plain_long,840.0,48,32.239966826944126,13.577439889607868,-11.189493647967787,0.1446415343103641
2566,-1,direct_help,N/A,N/A,organize a wedding for a friend,event_planning,high,personal_lifestyle,high,coordination,medium,multi_agent,N/A,N/A,70,years,original,numeric,70,70,years,plain_long,840.0,48,24.824201078053708,32.064017695723585,-17.722796557735563,0.20573614860097103
3468,-1,direct_help,N/A,N/A,restore a degraded ecosystem to long-term stability,ecosystem_restoration,very_high,safety,very_high,systems,high,multi_agent,N/A,N/A,70,years,original,numeric,70,70,years,plain_long,840.0,48,40.513437431624595,11.454013315024715,-3.5439365163923915,0.1500005564206374
3776,-1,direct_help,N/A,N/A,write a novel,creative_writing,high,creative,high,creative,medium,individual,N/A,N/A,70,years,original,numeric,70,70,years,plain_long,840.0,48,29.655511409759637,12.086188466892166,-14.520940074499348,0.17679732039423499
150,-1,task_available_time,<averaged>,N/A,build proficiency in a new language,skill_learning,medium,personal_lifestyle,medium,learning,medium,individual,N/A,N/A,100,years,original,numeric,100,100,years,nof_conv,1200.0,36,24.8974842041145,41.73224522010756,-18.399668390333673,0.260347320568994
966,-1,task_available_time,<averaged>,N/A,design an institution for long-term stability and effectiveness,institution_design,high,civilization,high,strategic,high,organization,N/A,N/A,<averaged>,<averaged>,original,numeric,10,10,decades,nof_conv,1200.0,72,38.09245356269042,48.93093318536483,16.32741945442039,0.29978735187144995
1078,-1,task_available_time,<averaged>,N/A,design and build a city resilient to natural disasters,resilient_infrastructure,very_high,infrastructure,very_high,systems,high,organization,N/A,N/A,<averaged>,<averaged>,original,numeric,1,1,century,nof_conv,1200.0,72,45.02389929221933,31.781923077944985,30.27963091747179,0.29994780200903093
1166,-1,task_available_time,<averaged>,N/A,design and preserve a knowledge archive for future civilizations,knowledge_archive,high,knowledge_preservation,high,strategic,high,civilization,N/A,N/A,<averaged>,<averaged>,original,numeric,1,1,century,nof_conv,1200.0,108,38.36783646401899,32.63048404450872,34.61017009701489,0.3069292252198337
1298,-1,task_available_time,<averaged>,N/A,design infrastructure resilient to climate change,resilient_infrastructure,very_high,infrastructure,very_high,systems,high,organization,N/A,N/A,<averaged>,<averaged>,original,numeric,1,1,century,nof_conv,1200.0,72,38.096416759763954,34.631634722068284,26.752961069679316,0.3014352809588841
1406,-1,task_available_time,<averaged>,N/A,develop a long-term personal investment strategy,investment_strategy,high,business,high,strategic,high,individual,N/A,N/A,<averaged>,<averaged>,original,numeric,10,10,decades,nof_conv,1200.0,72,51.990054373268414,40.432875461603395,3.1202478654260095,0.2832240000698671
1538,-1,task_available_time,<averaged>,N/A,develop a long-term plan for safely containing hazardous materials,hazard_containment,high,safety,high,risk_management,high,organization,N/A,N/A,<averaged>,<averaged>,original,numeric,10,10,decades,nof_conv,1200.0,72,51.59317796316547,48.42429942633158,16.795316021964,0.3405120261280912
1650,-1,task_available_time,<averaged>,N/A,develop a long-term strategy for humanity's survival,civilization_survival,very_high,civilization,very_high,strategic,existential,civilization,N/A,N/A,1,centuries,original,numeric,1,1,century,nof_conv,1200.0,36,55.7273768632902,34.2418651329219,41.9100827178333,0.3545254987197905
1758,-1,task_available_time,<averaged>,N/A,develop a process to preserve an organization's records for future teams,knowledge_archive,medium,knowledge_preservation,medium,systems,high,organization,N/A,N/A,<averaged>,<averaged>,original,numeric,10,10,decades,nof_conv,1200.0,72,30.450342371486183,59.67686923438858,0.4506786916760821,0.28545368420409667
1870,-1,task_available_time,<averaged>,N/A,establish a self-sustaining human settlement on another planet,civilization_survival,very_high,civilization,very_high,strategic,existential,civilization,N/A,N/A,<averaged>,<averaged>,original,numeric,1,1,century,nof_conv,1200.0,72,39.16926261913422,16.43682167378653,42.0399354011009,0.32214819046572235
2022,-1,task_available_time,<averaged>,N/A,expand a local business to new markets,business_expansion,high,business,high,strategic,high,organization,N/A,N/A,<averaged>,<averaged>,original,numeric,10,10,decades,nof_conv,1200.0,72,29.01046254176674,54.29256124213748,3.503220432887135,0.2930257430676814
2570,-1,task_available_time,<averaged>,N/A,organize a wedding for a friend,event_planning,high,personal_lifestyle,high,coordination,medium,multi_agent,N/A,N/A,100,years,original,numeric,100,100,years,nof_conv,1200.0,36,8.085024757223476,78.92020014824638,-21.226019737078932,0.3473521205172854
3344,-1,task_available_time,<averaged>,N/A,restore a degraded ecosystem to long-term stability,ecosystem_restoration,very_high,safety,very_high,systems,high,multi_agent,N/A,N/A,<averaged>,<averaged>,original,numeric,1,1,century,nof_conv,1200.0,108,33.17456057726141,22.342337002121706,18.150195996325078,0.31586909543166425
3780,-1,task_available_time,<averaged>,N/A,write a novel,creative_writing,high,creative,high,creative,medium,individual,N/A,N/A,100,years,original,numeric,100,100,years,nof_conv,1200.0,36,13.552665924038783,29.2099750934754,-12.024365525631387,0.3128459898305513
150,-1,direct_help,N/A,N/A,build proficiency in a new language,skill_learning,medium,personal_lifestyle,medium,learning,medium,individual,N/A,N/A,100,years,original,numeric,100,100,years,plain,1200.0,48,29.408555762817073,28.843621416613498,-32.01064462424759,0.2082422146785541
966,-1,direct_help,N/A,N/A,design an institution for long-term stability and effectiveness,institution_design,high,civilization,high,strategic,high,organization,N/A,N/A,<averaged>,<averaged>,original,numeric,10,10,decades,plain,1200.0,96,44.7477167110614,31.213261218371933,-8.567382348911272,0.179553611360931
1078,-1,direct_help,N/A,N/A,design and build a city resilient to natural disasters,resilient_infrastructure,very_high,infrastructure,very_high,systems,high,organization,N/A,N/A,<averaged>,<averaged>,original,numeric,1,1,century,plain,1200.0,96,47.4189270131521,5.987837134751387,6.178334657503088,0.1788553964457874
1166,-1,direct_help,N/A,N/A,design and preserve a knowledge archive for future civilizations,knowledge_archive,high,knowledge_preservation,high,strategic,high,civilization,N/A,N/A,<averaged>,<averaged>,original,numeric,1,1,century,plain,1200.0,144,48.299278541487716,21.42249074244213,7.53363984293132,0.18764409454789466
1298,-1,direct_help,N/A,N/A,design infrastructure resilient to climate change,resilient_infrastructure,very_high,infrastructure,very_high,systems,high,organization,N/A,N/A,<averaged>,<averaged>,original,numeric,1,1,century,plain,1200.0,96,42.58077246127368,9.220878237724975,0.6372750520805615,0.19672432881994178
1406,-1,direct_help,N/A,N/A,develop a long-term personal investment strategy,investment_strategy,high,business,high,strategic,high,individual,N/A,N/A,<averaged>,<averaged>,original,numeric,10,10,decades,plain,1200.0,96,44.36633948000504,16.65232368612405,-18.15510841186494,0.1817921919509776
1538,-1,direct_help,N/A,N/A,develop a long-term plan for safely containing hazardous materials,hazard_containment,high,safety,high,risk_management,high,organization,N/A,N/A,<averaged>,<averaged>,original,numeric,10,10,decades,plain,1200.0,96,46.21806799841259,26.757298085882937,-16.500762948495865,0.16043991624546491
1650,-1,direct_help,N/A,N/A,develop a long-term strategy for humanity's survival,civilization_survival,very_high,civilization,very_high,strategic,existential,civilization,N/A,N/A,1,centuries,original,numeric,1,1,century,plain,1200.0,48,51.6579599372437,22.173628364702328,11.349153444132643,0.19534390336032362
1758,-1,direct_help,N/A,N/A,develop a process to preserve an organization's records for future teams,knowledge_archive,medium,knowledge_preservation,medium,systems,high,organization,N/A,N/A,<averaged>,<averaged>,original,numeric,10,10,decades,plain,1200.0,96,38.61921550640878,17.73889201695235,-19.220387186610107,0.17312702018661624
1870,-1,direct_help,N/A,N/A,establish a self-sustaining human settlement on another planet,civilization_survival,very_high,civilization,very_high,strategic,existential,civilization,N/A,N/A,<averaged>,<averaged>,original,numeric,1,1,century,plain,1200.0,96,49.68030071116695,15.866177894579948,9.095354249678236,0.19333470610932676
2022,-1,direct_help,N/A,N/A,expand a local business to new markets,business_expansion,high,business,high,strategic,high,organization,N/A,N/A,<averaged>,<averaged>,original,numeric,10,10,decades,plain,1200.0,96,32.18265745229196,28.444319936584677,-19.392737638998508,0.19352780077722007
2570,-1,direct_help,N/A,N/A,organize a wedding for a friend,event_planning,high,personal_lifestyle,high,coordination,medium,multi_agent,N/A,N/A,100,years,original,numeric,100,100,years,plain,1200.0,48,15.23210481454862,47.12094612152623,-34.80423081619512,0.28386037176920925
3344,-1,direct_help,N/A,N/A,restore a degraded ecosystem to long-term stability,ecosystem_restoration,very_high,safety,very_high,systems,high,multi_agent,N/A,N/A,<averaged>,<averaged>,original,numeric,1,1,century,plain,1200.0,144,43.74136246647757,9.896106571658077,-6.644890523286974,0.20636522330279478
3780,-1,direct_help,N/A,N/A,write a novel,creative_writing,high,creative,high,creative,medium,individual,N/A,N/A,100,years,original,numeric,100,100,years,plain,1200.0,48,26.002652902624366,17.415673489620485,-29.446800194166745,0.2239586094906252
150,-1,direct_help,N/A,N/A,build proficiency in a new language,skill_learning,medium,personal_lifestyle,medium,learning,medium,individual,N/A,N/A,100,years,original,numeric,100,100,years,plain_long,1200.0,48,34.00989096463214,20.45402804592896,-12.871771586565721,0.15819032030083666
966,-1,direct_help,N/A,N/A,design an institution for long-term stability and effectiveness,institution_design,high,civilization,high,strategic,high,organization,N/A,N/A,<averaged>,<averaged>,original,numeric,10,10,decades,plain_long,1200.0,96,41.16403610108267,18.83362313998625,2.0196306640191093,0.17228996632001298
1078,-1,direct_help,N/A,N/A,design and build a city resilient to natural disasters,resilient_infrastructure,very_high,infrastructure,very_high,systems,high,organization,N/A,N/A,<averaged>,<averaged>,original,numeric,1,1,century,plain_long,1200.0,96,40.93943874461952,3.677635201700029,11.19156205926679,0.14423944956742735
1166,-1,direct_help,N/A,N/A,design and preserve a knowledge archive for future civilizations,knowledge_archive,high,knowledge_preservation,high,strategic,high,civilization,N/A,N/A,<averaged>,<averaged>,original,numeric,1,1,century,plain_long,1200.0,144,42.20991170611353,12.568565424899209,12.752173274734405,0.15871463796550578
1298,-1,direct_help,N/A,N/A,design infrastructure resilient to climate change,resilient_infrastructure,very_high,infrastructure,very_high,systems,high,organization,N/A,N/A,<averaged>,<averaged>,original,numeric,1,1,century,plain_long,1200.0,96,38.93829734063412,6.938583031812973,8.778585505667332,0.15994214393451228
1406,-1,direct_help,N/A,N/A,develop a long-term personal investment strategy,investment_strategy,high,business,high,strategic,high,individual,N/A,N/A,<averaged>,<averaged>,original,numeric,10,10,decades,plain_long,1200.0,96,40.480732181016,11.969865128887703,-3.859827224645792,0.16473521532848365
1538,-1,direct_help,N/A,N/A,develop a long-term plan for safely containing hazardous materials,hazard_containment,high,safety,high,risk_management,high,organization,N/A,N/A,<averaged>,<averaged>,original,numeric,10,10,decades,plain_long,1200.0,96,42.30404655227258,17.751847978809092,-2.3393394728103756,0.1387933576953168
1650,-1,direct_help,N/A,N/A,develop a long-term strategy for humanity's survival,civilization_survival,very_high,civilization,very_high,strategic,existential,civilization,N/A,N/A,1,centuries,original,numeric,1,1,century,plain_long,1200.0,48,46.58003525075181,17.712122128219676,13.926258686697588,0.17250339382429375
1758,-1,direct_help,N/A,N/A,develop a process to preserve an organization's records for future teams,knowledge_archive,medium,knowledge_preservation,medium,systems,high,organization,N/A,N/A,<averaged>,<averaged>,original,numeric,10,10,decades,plain_long,1200.0,96,33.93759734484915,6.594925552936558,-3.1256095481917012,0.15016192257673075
1870,-1,direct_help,N/A,N/A,establish a self-sustaining human settlement on another planet,civilization_survival,very_high,civilization,very_high,strategic,existential,civilization,N/A,N/A,<averaged>,<averaged>,original,numeric,1,1,century,plain_long,1200.0,96,43.696570795634536,10.158805551617316,13.695395066299685,0.15656833808500117
2022,-1,direct_help,N/A,N/A,expand a local business to new markets,business_expansion,high,business,high,strategic,high,organization,N/A,N/A,<averaged>,<averaged>,original,numeric,10,10,decades,plain_long,1200.0,96,33.308224024002094,16.527255895630883,-4.0098033244887334,0.14583936640209474
2570,-1,direct_help,N/A,N/A,organize a wedding for a friend,event_planning,high,personal_lifestyle,high,coordination,medium,multi_agent,N/A,N/A,100,years,original,numeric,100,100,years,plain_long,1200.0,48,25.272894688803664,31.001425345062877,-14.02314031791009,0.19786676793009983
3344,-1,direct_help,N/A,N/A,restore a degraded ecosystem to long-term stability,ecosystem_restoration,very_high,safety,very_high,systems,high,multi_agent,N/A,N/A,<averaged>,<averaged>,original,numeric,1,1,century,plain_long,1200.0,144,41.16873037891603,8.750594310162949,4.841920647504887,0.15967885789417
3780,-1,direct_help,N/A,N/A,write a novel,creative_writing,high,creative,high,creative,medium,individual,N/A,N/A,100,years,original,numeric,100,100,years,plain_long,1200.0,48,29.102193154061993,7.842528952782052,-10.852107005513774,0.1718165168539731
154,-1,task_available_time,<averaged>,N/A,choose between two lunch options,personal_choice,low,personal_lifestyle,low,decision,low,individual,N/A,N/A,1,minutes,original,numeric,1,1,minute,nof_conv,2.2815423e-05,36,-121.1596350715503,33.93257065518115,52.72107204077052,0.33561595958679946
352,-1,task_available_time,<averaged>,N/A,copy a short code from one screen to another,copy_information,low,administrative,low,procedural,low,individual,N/A,N/A,1,minutes,original,numeric,1,1,minute,nof_conv,2.2815423e-05,36,-102.32156783097017,23.361213463369946,48.1460742650024,0.31101856011946394
2134,-1,task_available_time,<averaged>,N/A,make a cup of tea,prepare_drink,low,personal_lifestyle,low,procedural,low,individual,N/A,N/A,1,minutes,original,numeric,1,1,minute,nof_conv,2.2815423e-05,36,-83.99018193510183,37.956013645436656,67.64142352616982,0.34466364711056663
2662,-1,task_available_time,<averaged>,N/A,organize files on a desk,organization_project,low,administrative,low,procedural,low,individual,N/A,N/A,1,minutes,original,numeric,1,1,minute,nof_conv,2.2815423e-05,36,-100.9272566065672,32.3785789144799,62.64994772066424,0.3025826764401014
2706,-1,task_available_time,<averaged>,N/A,pack a bag with essentials for the day,personal_logistics,low,personal_lifestyle,low,procedural,low,individual,N/A,N/A,1,minutes,original,numeric,1,1,minute,nof_conv,2.2815423e-05,36,-111.45544166564352,36.81961471110538,84.34789721263614,0.35223159979663865
3476,-1,task_available_time,<averaged>,N/A,tidy a desk before a meeting,workspace_organization,low,administrative,low,procedural,low,individual,N/A,N/A,1,minutes,original,numeric,1,1,minute,nof_conv,2.2815423e-05,36,-103.79962737823192,27.887921963975646,89.1698350823845,0.3496537835047237
3872,-1,task_available_time,<averaged>,N/A,write a one-sentence email reply,communication_plan,low,communication,low,procedural,low,individual,N/A,N/A,1,minutes,original,numeric,1,1,minute,nof_conv,2.2815423e-05,36,-109.4677140526784,31.487627517400384,-7.338541651656424,0.710718466929889
4004,-1,task_available_time,<averaged>,N/A,write a sensitive email addressing a team conflict,communication_plan,medium,communication,medium,coordination,medium,individual,N/A,N/A,1,minutes,original,numeric,1,1,minute,nof_conv,2.2815423e-05,36,-113.98108216813131,33.224282885370044,67.15148626405322,0.4239861474089375
154,-1,direct_help,N/A,N/A,choose between two lunch options,personal_choice,low,personal_lifestyle,low,decision,low,individual,N/A,N/A,1,minutes,original,numeric,1,1,minute,plain,2.2815423e-05,48,-72.44383177322919,19.286309659655434,-5.294043306682776,0.1920558418999328
352,-1,direct_help,N/A,N/A,copy a short code from one screen to another,copy_information,low,administrative,low,procedural,low,individual,N/A,N/A,1,minutes,original,numeric,1,1,minute,plain,2.2815423e-05,48,-47.80636786919474,-3.9207797545236014,-28.4808058553743,0.2288973693202735
2134,-1,direct_help,N/A,N/A,make a cup of tea,prepare_drink,low,personal_lifestyle,low,procedural,low,individual,N/A,N/A,1,minutes,original,numeric,1,1,minute,plain,2.2815423e-05,48,-49.69193237210642,11.863510757455744,5.677874362366119,0.2544049276486931
2662,-1,direct_help,N/A,N/A,organize files on a desk,organization_project,low,administrative,low,procedural,low,individual,N/A,N/A,1,minutes,original,numeric,1,1,minute,plain,2.2815423e-05,48,-62.20134852274948,9.06623612954326,16.599149024726987,0.1914918377203007
2706,-1,direct_help,N/A,N/A,pack a bag with essentials for the day,personal_logistics,low,personal_lifestyle,low,procedural,low,individual,N/A,N/A,1,minutes,original,numeric,1,1,minute,plain,2.2815423e-05,48,-61.779230582257,18.553800181429303,30.882887466681428,0.19910684352367483
3476,-1,direct_help,N/A,N/A,tidy a desk before a meeting,workspace_organization,low,administrative,low,procedural,low,individual,N/A,N/A,1,minutes,original,numeric,1,1,minute,plain,2.2815423e-05,48,-61.46920562480722,1.890167728439703,25.191822365509054,0.22934140817431992
3872,-1,direct_help,N/A,N/A,write a one-sentence email reply,communication_plan,low,communication,low,procedural,low,individual,N/A,N/A,1,minutes,original,numeric,1,1,minute,plain,2.2815423e-05,48,-94.30341467478266,17.587746984508858,-1.4193808908316874,0.31080286538920854
4004,-1,direct_help,N/A,N/A,write a sensitive email addressing a team conflict,communication_plan,medium,communication,medium,coordination,medium,individual,N/A,N/A,1,minutes,original,numeric,1,1,minute,plain,2.2815423e-05,48,-67.00231743537306,14.731930244808613,28.638300213510412,0.1880097886145794
154,-1,direct_help,N/A,N/A,choose between two lunch options,personal_choice,low,personal_lifestyle,low,decision,low,individual,N/A,N/A,1,minutes,original,numeric,1,1,minute,plain_long,2.2815423e-05,48,-43.36362443607521,6.885819159150367,12.380611533814204,0.15824586819574027
352,-1,direct_help,N/A,N/A,copy a short code from one screen to another,copy_information,low,administrative,low,procedural,low,individual,N/A,N/A,1,minutes,original,numeric,1,1,minute,plain_long,2.2815423e-05,48,-26.82762734353578,-7.301150626537591,-0.02444909937116313,0.17421347506848464
2134,-1,direct_help,N/A,N/A,make a cup of tea,prepare_drink,low,personal_lifestyle,low,procedural,low,individual,N/A,N/A,1,minutes,original,numeric,1,1,minute,plain_long,2.2815423e-05,48,-25.009166628259035,2.730603557072527,13.194104337584287,0.18114892144074424
2662,-1,direct_help,N/A,N/A,organize files on a desk,organization_project,low,administrative,low,procedural,low,individual,N/A,N/A,1,minutes,original,numeric,1,1,minute,plain_long,2.2815423e-05,48,-33.83840883892878,4.107362856334383,22.163897485478145,0.15335465364148215
2706,-1,direct_help,N/A,N/A,pack a bag with essentials for the day,personal_logistics,low,personal_lifestyle,low,procedural,low,individual,N/A,N/A,1,minutes,original,numeric,1,1,minute,plain_long,2.2815423e-05,48,-35.63640012016444,11.746782314348588,29.14064319623471,0.16209096683887278
3476,-1,direct_help,N/A,N/A,tidy a desk before a meeting,workspace_organization,low,administrative,low,procedural,low,individual,N/A,N/A,1,minutes,original,numeric,1,1,minute,plain_long,2.2815423e-05,48,-34.5711098766833,-2.385195314661502,24.96551673820949,0.17108525928142526
3872,-1,direct_help,N/A,N/A,write a one-sentence email reply,communication_plan,low,communication,low,procedural,low,individual,N/A,N/A,1,minutes,original,numeric,1,1,minute,plain_long,2.2815423e-05,48,-67.60439467719246,10.14826929922157,13.456264984226499,0.2434481054530151
4004,-1,direct_help,N/A,N/A,write a sensitive email addressing a team conflict,communication_plan,medium,communication,medium,coordination,medium,individual,N/A,N/A,1,minutes,original,numeric,1,1,minute,plain_long,2.2815423e-05,48,-45.78619875617678,5.214526001204813,33.58920171436376,0.19119362074458768
158,-1,task_available_time,<averaged>,N/A,choose between two lunch options,personal_choice,low,personal_lifestyle,low,decision,low,individual,N/A,N/A,2,minutes,original,numeric,2,2,minutes,nof_conv,4.5630846e-05,36,-106.32794046621616,22.15333542749224,45.99144060785578,0.30918041519212636
356,-1,task_available_time,<averaged>,N/A,copy a short code from one screen to another,copy_information,low,administrative,low,procedural,low,individual,N/A,N/A,2,minutes,original,numeric,2,2,minutes,nof_conv,4.5630846e-05,36,-91.86973978934944,15.209772484812758,41.34127521701548,0.31796557650561375
2138,-1,task_available_time,<averaged>,N/A,make a cup of tea,prepare_drink,low,personal_lifestyle,low,procedural,low,individual,N/A,N/A,2,minutes,original,numeric,2,2,minutes,nof_conv,4.5630846e-05,36,-71.81356105509491,17.558648463237052,65.04738636873412,0.34376085440235665
2666,-1,task_available_time,<averaged>,N/A,organize files on a desk,organization_project,low,administrative,low,procedural,low,individual,N/A,N/A,2,minutes,original,numeric,2,2,minutes,nof_conv,4.5630846e-05,36,-90.18490885299495,22.613388999981648,58.11946317146569,0.30215486651269446
2710,-1,task_available_time,<averaged>,N/A,pack a bag with essentials for the day,personal_logistics,low,personal_lifestyle,low,procedural,low,individual,N/A,N/A,2,minutes,original,numeric,2,2,minutes,nof_conv,4.5630846e-05,36,-95.45949636693658,23.688194623023122,78.00878696865348,0.3347048338104433
3480,-1,task_available_time,<averaged>,N/A,tidy a desk before a meeting,workspace_organization,low,administrative,low,procedural,low,individual,N/A,N/A,2,minutes,original,numeric,2,2,minutes,nof_conv,4.5630846e-05,36,-90.24989494844249,15.105210735775355,82.99406944253714,0.3470381665714377
3876,-1,task_available_time,<averaged>,N/A,write a one-sentence email reply,communication_plan,low,communication,low,procedural,low,individual,N/A,N/A,2,minutes,original,numeric,2,2,minutes,nof_conv,4.5630846e-05,36,-107.63323327577541,30.354403962417305,-10.127886802235391,0.6910043847329476
4008,-1,task_available_time,<averaged>,N/A,write a sensitive email addressing a team conflict,communication_plan,medium,communication,medium,coordination,medium,individual,N/A,N/A,2,minutes,original,numeric,2,2,minutes,nof_conv,4.5630846e-05,36,-105.14815192916562,24.337471657663546,68.52515862323273,0.41860963456713335
158,-1,direct_help,N/A,N/A,choose between two lunch options,personal_choice,low,personal_lifestyle,low,decision,low,individual,N/A,N/A,2,minutes,original,numeric,2,2,minutes,plain,4.5630846e-05,48,-62.50955814271628,12.783515813279188,-14.669758609116633,0.18902867195698042
356,-1,direct_help,N/A,N/A,copy a short code from one screen to another,copy_information,low,administrative,low,procedural,low,individual,N/A,N/A,2,minutes,original,numeric,2,2,minutes,plain,4.5630846e-05,48,-44.402686638412625,-4.1523403286539375,-31.725628449488013,0.21977635191466013
2138,-1,direct_help,N/A,N/A,make a cup of tea,prepare_drink,low,personal_lifestyle,low,procedural,low,individual,N/A,N/A,2,minutes,original,numeric,2,2,minutes,plain,4.5630846e-05,48,-43.14437075522962,0.769904425714703,-4.26984795059706,0.24934583571429186
2666,-1,direct_help,N/A,N/A,organize files on a desk,organization_project,low,administrative,low,procedural,low,individual,N/A,N/A,2,minutes,original,numeric,2,2,minutes,plain,4.5630846e-05,48,-55.302573130685744,3.7778677826283054,10.522446999863316,0.18541062751965656
2710,-1,direct_help,N/A,N/A,pack a bag with essentials for the day,personal_logistics,low,personal_lifestyle,low,procedural,low,individual,N/A,N/A,2,minutes,original,numeric,2,2,minutes,plain,4.5630846e-05,48,-54.42332351938445,12.916300558198811,22.931512771353923,0.19606337581869263
3480,-1,direct_help,N/A,N/A,tidy a desk before a meeting,workspace_organization,low,administrative,low,procedural,low,individual,N/A,N/A,2,minutes,original,numeric,2,2,minutes,plain,4.5630846e-05,48,-53.218757107937996,-4.350420168469149,16.48788303837543,0.21971522937022595
3876,-1,direct_help,N/A,N/A,write a one-sentence email reply,communication_plan,low,communication,low,procedural,low,individual,N/A,N/A,2,minutes,original,numeric,2,2,minutes,plain,4.5630846e-05,48,-88.11411953563625,17.070560021927825,-8.254285069363734,0.2934402429898881
4008,-1,direct_help,N/A,N/A,write a sensitive email addressing a team conflict,communication_plan,medium,communication,medium,coordination,medium,individual,N/A,N/A,2,minutes,original,numeric,2,2,minutes,plain,4.5630846e-05,48,-58.96557986460013,8.812226638050403,23.978644932194925,0.18156232714168477
158,-1,direct_help,N/A,N/A,choose between two lunch options,personal_choice,low,personal_lifestyle,low,decision,low,individual,N/A,N/A,2,minutes,original,numeric,2,2,minutes,plain_long,4.5630846e-05,48,-35.49969624006565,1.7282205809930702,6.184862417659801,0.1590288946580549
356,-1,direct_help,N/A,N/A,copy a short code from one screen to another,copy_information,low,administrative,low,procedural,low,individual,N/A,N/A,2,minutes,original,numeric,2,2,minutes,plain_long,4.5630846e-05,48,-24.056740002712274,-7.956431762696152,-2.2842143348050894,0.17213225005514965
2138,-1,direct_help,N/A,N/A,make a cup of tea,prepare_drink,low,personal_lifestyle,low,procedural,low,individual,N/A,N/A,2,minutes,original,numeric,2,2,minutes,plain_long,4.5630846e-05,48,-20.58428623780639,-2.450143978881063,7.555308523685296,0.18200674585387627
2666,-1,direct_help,N/A,N/A,organize files on a desk,organization_project,low,administrative,low,procedural,low,individual,N/A,N/A,2,minutes,original,numeric,2,2,minutes,plain_long,4.5630846e-05,48,-29.049480525632806,0.21916400282125464,17.96498085486383,0.15260873952523688
2710,-1,direct_help,N/A,N/A,pack a bag with essentials for the day,personal_logistics,low,personal_lifestyle,low,procedural,low,individual,N/A,N/A,2,minutes,original,numeric,2,2,minutes,plain_long,4.5630846e-05,48,-30.3326247254489,7.642094933131165,24.099683128972856,0.16190655111185465
3480,-1,direct_help,N/A,N/A,tidy a desk before a meeting,workspace_organization,low,administrative,low,procedural,low,individual,N/A,N/A,2,minutes,original,numeric,2,2,minutes,plain_long,4.5630846e-05,48,-29.085471925956607,-6.0513642189439025,19.911692590885767,0.16985603772060182
3876,-1,direct_help,N/A,N/A,write a one-sentence email reply,communication_plan,low,communication,low,procedural,low,individual,N/A,N/A,2,minutes,original,numeric,2,2,minutes,plain_long,4.5630846e-05,48,-63.36205771203317,9.764608112838882,9.562871238950903,0.23682667293451803
4008,-1,direct_help,N/A,N/A,write a sensitive email addressing a team conflict,communication_plan,medium,communication,medium,coordination,medium,individual,N/A,N/A,2,minutes,original,numeric,2,2,minutes,plain_long,4.5630846e-05,48,-39.49377788319362,0.9183823008674136,29.542306443346934,0.19024799158152642
162,-1,task_available_time,<averaged>,N/A,choose between two lunch options,personal_choice,low,personal_lifestyle,low,decision,low,individual,N/A,N/A,3,minutes,original,numeric,3,3,minutes,nof_conv,6.844627e-05,36,-98.67177057207755,17.25541735135653,39.85622432595881,0.3008995743540684
360,-1,task_available_time,<averaged>,N/A,copy a short code from one screen to another,copy_information,low,administrative,low,procedural,low,individual,N/A,N/A,3,minutes,original,numeric,3,3,minutes,nof_conv,6.844627e-05,36,-86.08410434672408,11.449686832232148,36.353857673930705,0.31831288088249915
2142,-1,task_available_time,<averaged>,N/A,make a cup of tea,prepare_drink,low,personal_lifestyle,low,procedural,low,individual,N/A,N/A,3,minutes,original,numeric,3,3,minutes,nof_conv,6.844627e-05,36,-64.00734833433917,8.330726963559105,59.455426122993664,0.34340932096775745
2670,-1,task_available_time,<averaged>,N/A,organize files on a desk,organization_project,low,administrative,low,procedural,low,individual,N/A,N/A,3,minutes,original,numeric,3,3,minutes,nof_conv,6.844627e-05,36,-82.6815610351533,15.98547138270573,53.488851912537555,0.30147560596655637
2714,-1,task_available_time,<averaged>,N/A,pack a bag with essentials for the day,personal_logistics,low,personal_lifestyle,low,procedural,low,individual,N/A,N/A,3,minutes,original,numeric,3,3,minutes,nof_conv,6.844627e-05,36,-86.8869461630374,17.25132992367725,73.13637873366088,0.3320774735481014
3484,-1,task_available_time,<averaged>,N/A,tidy a desk before a meeting,workspace_organization,low,administrative,low,procedural,low,individual,N/A,N/A,3,minutes,original,numeric,3,3,minutes,nof_conv,6.844627e-05,36,-80.5761422220288,7.489800291596674,76.47020870096814,0.34517404518702133
3880,-1,task_available_time,<averaged>,N/A,write a one-sentence email reply,communication_plan,low,communication,low,procedural,low,individual,N/A,N/A,3,minutes,original,numeric,3,3,minutes,nof_conv,6.844627e-05,36,-106.92567934924224,29.87833232143619,-11.492132264011362,0.6773571181572061
4012,-1,task_available_time,<averaged>,N/A,write a sensitive email addressing a team conflict,communication_plan,medium,communication,medium,coordination,medium,individual,N/A,N/A,3,minutes,original,numeric,3,3,minutes,nof_conv,6.844627e-05,36,-96.68916902537772,18.291878018010177,64.82366180978154,0.41120994500198405
162,-1,direct_help,N/A,N/A,choose between two lunch options,personal_choice,low,personal_lifestyle,low,decision,low,individual,N/A,N/A,3,minutes,original,numeric,3,3,minutes,plain,6.844627e-05,48,-58.1524709180491,11.250894048678589,-17.987834988517353,0.18932263872458696
360,-1,direct_help,N/A,N/A,copy a short code from one screen to another,copy_information,low,administrative,low,procedural,low,individual,N/A,N/A,3,minutes,original,numeric,3,3,minutes,plain,6.844627e-05,48,-41.64648103868777,-3.7573256592852755,-33.83921425000887,0.21879402531355904
2142,-1,direct_help,N/A,N/A,make a cup of tea,prepare_drink,low,personal_lifestyle,low,procedural,low,individual,N/A,N/A,3,minutes,original,numeric,3,3,minutes,plain,6.844627e-05,48,-39.27077055097943,-1.5308355450029214,-9.018027711224875,0.2511709073074549
2670,-1,direct_help,N/A,N/A,organize files on a desk,organization_project,low,administrative,low,procedural,low,individual,N/A,N/A,3,minutes,original,numeric,3,3,minutes,plain,6.844627e-05,48,-50.358238149804194,2.176405138007727,6.2609255570650415,0.1875072394206206
2714,-1,direct_help,N/A,N/A,pack a bag with essentials for the day,personal_logistics,low,personal_lifestyle,low,procedural,low,individual,N/A,N/A,3,minutes,original,numeric,3,3,minutes,plain,6.844627e-05,48,-49.503598348698176,10.687629812734864,18.845286996724408,0.1999497581862484
3484,-1,direct_help,N/A,N/A,tidy a desk before a meeting,workspace_organization,low,administrative,low,procedural,low,individual,N/A,N/A,3,minutes,original,numeric,3,3,minutes,plain,6.844627e-05,48,-48.126850657145376,-6.888671862088338,11.700394504649637,0.21951190818630273
3880,-1,direct_help,N/A,N/A,write a one-sentence email reply,communication_plan,low,communication,low,procedural,low,individual,N/A,N/A,3,minutes,original,numeric,3,3,minutes,plain,6.844627e-05,48,-86.34937152872747,16.439086620043334,-9.146163600307103,0.2905159171374092
4012,-1,direct_help,N/A,N/A,write a sensitive email addressing a team conflict,communication_plan,medium,communication,medium,coordination,medium,individual,N/A,N/A,3,minutes,original,numeric,3,3,minutes,plain,6.844627e-05,48,-52.5543103065879,6.205674941708444,20.71969584993955,0.18053960885676124
162,-1,direct_help,N/A,N/A,choose between two lunch options,personal_choice,low,personal_lifestyle,low,decision,low,individual,N/A,N/A,3,minutes,original,numeric,3,3,minutes,plain_long,6.844627e-05,48,-32.23730753604883,0.5196801436604783,3.6787201926293633,0.15934545905518216
360,-1,direct_help,N/A,N/A,copy a short code from one screen to another,copy_information,low,administrative,low,procedural,low,individual,N/A,N/A,3,minutes,original,numeric,3,3,minutes,plain_long,6.844627e-05,48,-22.067635530839212,-7.955668825604887,-3.659674593922562,0.17160042452504765
2142,-1,direct_help,N/A,N/A,make a cup of tea,prepare_drink,low,personal_lifestyle,low,procedural,low,individual,N/A,N/A,3,minutes,original,numeric,3,3,minutes,plain_long,6.844627e-05,48,-18.03998347924954,-3.5396243138795698,4.971217301130922,0.18368406324684275
2670,-1,direct_help,N/A,N/A,organize files on a desk,organization_project,low,administrative,low,procedural,low,individual,N/A,N/A,3,minutes,original,numeric,3,3,minutes,plain_long,6.844627e-05,48,-25.54335065107071,-0.8949451045302129,14.985212677111356,0.1534445314918479
2714,-1,direct_help,N/A,N/A,pack a bag with essentials for the day,personal_logistics,low,personal_lifestyle,low,procedural,low,individual,N/A,N/A,3,minutes,original,numeric,3,3,minutes,plain_long,6.844627e-05,48,-27.12077734835542,6.351306954035868,21.42585432918704,0.16385614470101564
3484,-1,direct_help,N/A,N/A,tidy a desk before a meeting,workspace_organization,low,administrative,low,procedural,low,individual,N/A,N/A,3,minutes,original,numeric,3,3,minutes,plain_long,6.844627e-05,48,-25.816668847288696,-7.3377888991354,16.97004639587685,0.17075899136022982
3880,-1,direct_help,N/A,N/A,write a one-sentence email reply,communication_plan,low,communication,low,procedural,low,individual,N/A,N/A,3,minutes,original,numeric,3,3,minutes,plain_long,6.844627e-05,48,-61.739121606636694,9.121670994994796,9.180501744807861,0.23428806458005189
4012,-1,direct_help,N/A,N/A,write a sensitive email addressing a team conflict,communication_plan,medium,communication,medium,coordination,medium,individual,N/A,N/A,3,minutes,original,numeric,3,3,minutes,plain_long,6.844627e-05,48,-34.68180880554711,-0.9999705363895584,27.002570886118704,0.188766422793102
166,-1,task_available_time,<averaged>,N/A,choose between two lunch options,personal_choice,low,personal_lifestyle,low,decision,low,individual,N/A,N/A,4,minutes,original,numeric,4,4,minutes,nof_conv,9.1261693e-05,36,-89.88340599099003,14.220350959717434,27.171297673917103,0.2907905444622839
364,-1,task_available_time,<averaged>,N/A,copy a short code from one screen to another,copy_information,low,administrative,low,procedural,low,individual,N/A,N/A,4,minutes,original,numeric,4,4,minutes,nof_conv,9.1261693e-05,36,-79.46329687583001,8.946610148227492,28.36006179574293,0.31805690200474823
2146,-1,task_available_time,<averaged>,N/A,make a cup of tea,prepare_drink,low,personal_lifestyle,low,procedural,low,individual,N/A,N/A,4,minutes,original,numeric,4,4,minutes,nof_conv,9.1261693e-05,36,-54.54087448172476,2.799186086524114,48.79411151799107,0.3423277318027008
2674,-1,task_available_time,<averaged>,N/A,organize files on a desk,organization_project,low,administrative,low,procedural,low,individual,N/A,N/A,4,minutes,original,numeric,4,4,minutes,nof_conv,9.1261693e-05,36,-72.64040238620717,11.29586891316148,42.46485166357994,0.2987045124469729
2718,-1,task_available_time,<averaged>,N/A,pack a bag with essentials for the day,personal_logistics,low,personal_lifestyle,low,procedural,low,individual,N/A,N/A,4,minutes,original,numeric,4,4,minutes,nof_conv,9.1261693e-05,36,-76.2999140422391,12.673678642300144,61.378362531346,0.3261056356538996
3488,-1,task_available_time,<averaged>,N/A,tidy a desk before a meeting,workspace_organization,low,administrative,low,procedural,low,individual,N/A,N/A,4,minutes,original,numeric,4,4,minutes,nof_conv,9.1261693e-05,36,-69.5508843272029,1.2616679179477244,64.80992339046978,0.3411886794317831
3884,-1,task_available_time,<averaged>,N/A,write a one-sentence email reply,communication_plan,low,communication,low,procedural,low,individual,N/A,N/A,4,minutes,original,numeric,4,4,minutes,nof_conv,9.1261693e-05,36,-106.014554407647,29.80335476027425,-13.348224790699858,0.6696433640922215
4016,-1,task_available_time,<averaged>,N/A,write a sensitive email addressing a team conflict,communication_plan,medium,communication,medium,coordination,medium,individual,N/A,N/A,4,minutes,original,numeric,4,4,minutes,nof_conv,9.1261693e-05,36,-90.23204572112734,14.981699878041578,58.88926995074116,0.413339351467471
166,-1,direct_help,N/A,N/A,choose between two lunch options,personal_choice,low,personal_lifestyle,low,decision,low,individual,N/A,N/A,4,minutes,original,numeric,4,4,minutes,plain,9.1261693e-05,48,-50.766507464530655,10.85940782187245,-29.60495807746692,0.19593564365260835
364,-1,direct_help,N/A,N/A,copy a short code from one screen to another,copy_information,low,administrative,low,procedural,low,individual,N/A,N/A,4,minutes,original,numeric,4,4,minutes,plain,9.1261693e-05,48,-37.28619801210657,-1.5710958803287238,-40.44220522062982,0.2148716075257999
2146,-1,direct_help,N/A,N/A,make a cup of tea,prepare_drink,low,personal_lifestyle,low,procedural,low,individual,N/A,N/A,4,minutes,original,numeric,4,4,minutes,plain,9.1261693e-05,48,-33.50667580817756,-1.81727731459138,-19.212160148642912,0.25265002696348116
2674,-1,direct_help,N/A,N/A,organize files on a desk,organization_project,low,administrative,low,procedural,low,individual,N/A,N/A,4,minutes,original,numeric,4,4,minutes,plain,9.1261693e-05,48,-43.09198255266577,1.7312721384905432,-4.436948270762038,0.1904412784498349
2718,-1,direct_help,N/A,N/A,pack a bag with essentials for the day,personal_logistics,low,personal_lifestyle,low,procedural,low,individual,N/A,N/A,4,minutes,original,numeric,4,4,minutes,plain,9.1261693e-05,48,-41.546758207016836,12.021489436273454,4.575764364201007,0.20523773027688944
3488,-1,direct_help,N/A,N/A,tidy a desk before a meeting,workspace_organization,low,administrative,low,procedural,low,individual,N/A,N/A,4,minutes,original,numeric,4,4,minutes,plain,9.1261693e-05,48,-41.23397162027161,-6.777037524243164,0.45707613478338993,0.21728857106598928
3884,-1,direct_help,N/A,N/A,write a one-sentence email reply,communication_plan,low,communication,low,procedural,low,individual,N/A,N/A,4,minutes,original,numeric,4,4,minutes,plain,9.1261693e-05,48,-82.4000766733744,18.886790358226634,-15.08157737029008,0.28279998650645943
4016,-1,direct_help,N/A,N/A,write a sensitive email addressing a team conflict,communication_plan,medium,communication,medium,coordination,medium,individual,N/A,N/A,4,minutes,original,numeric,4,4,minutes,plain,9.1261693e-05,48,-46.63069002935275,6.743469783039399,11.80481584668121,0.18052690711804253
166,-1,direct_help,N/A,N/A,choose between two lunch options,personal_choice,low,personal_lifestyle,low,decision,low,individual,N/A,N/A,4,minutes,original,numeric,4,4,minutes,plain_long,9.1261693e-05,48,-27.188298478491188,0.04644945729217914,-3.2288245355451615,0.1594353525897471
364,-1,direct_help,N/A,N/A,copy a short code from one screen to another,copy_information,low,administrative,low,procedural,low,individual,N/A,N/A,4,minutes,original,numeric,4,4,minutes,plain_long,9.1261693e-05,48,-19.155255911051132,-7.3767945225292655,-7.46264425787341,0.1692150029084466
2146,-1,direct_help,N/A,N/A,make a cup of tea,prepare_drink,low,personal_lifestyle,low,procedural,low,individual,N/A,N/A,4,minutes,original,numeric,4,4,minutes,plain_long,9.1261693e-05,48,-14.501596829931819,-3.7473204446061787,-0.3384763876024569,0.18426219601201457
2674,-1,direct_help,N/A,N/A,organize files on a desk,organization_project,low,administrative,low,procedural,low,individual,N/A,N/A,4,minutes,original,numeric,4,4,minutes,plain_long,9.1261693e-05,48,-20.21498088866346,-1.4740012479426436,8.471008620504255,0.1533267980548744
2718,-1,direct_help,N/A,N/A,pack a bag with essentials for the day,personal_logistics,low,personal_lifestyle,low,procedural,low,individual,N/A,N/A,4,minutes,original,numeric,4,4,minutes,plain_long,9.1261693e-05,48,-21.69745325000442,6.771223472489726,13.221329629338275,0.16499720853095237
3488,-1,direct_help,N/A,N/A,tidy a desk before a meeting,workspace_organization,low,administrative,low,procedural,low,individual,N/A,N/A,4,minutes,original,numeric,4,4,minutes,plain_long,9.1261693e-05,48,-21.019955497349528,-7.571286924094592,10.588604605431332,0.17023848220836466
3884,-1,direct_help,N/A,N/A,write a one-sentence email reply,communication_plan,low,communication,low,procedural,low,individual,N/A,N/A,4,minutes,original,numeric,4,4,minutes,plain_long,9.1261693e-05,48,-59.64413341697451,10.930819874942433,5.657916007166973,0.22834472696794691
4016,-1,direct_help,N/A,N/A,write a sensitive email addressing a team conflict,communication_plan,medium,communication,medium,coordination,medium,individual,N/A,N/A,4,minutes,original,numeric,4,4,minutes,plain_long,9.1261693e-05,48,-30.41085633944173,-0.39145757930003855,21.144113717207738,0.18699145868039577
170,-1,task_available_time,<averaged>,N/A,choose between two lunch options,personal_choice,low,personal_lifestyle,low,decision,low,individual,N/A,N/A,5,minutes,original,numeric,5,5,minutes,nof_conv,0.000114077116,36,-85.49227928125731,11.121033498781559,25.799957529271886,0.28358299565008255
368,-1,task_available_time,<averaged>,N/A,copy a short code from one screen to another,copy_information,low,administrative,low,procedural,low,individual,N/A,N/A,5,minutes,original,numeric,5,5,minutes,nof_conv,0.000114077116,36,-77.27536267883877,7.985358806638377,25.39669534712979,0.3143244948633865
2150,-1,task_available_time,<averaged>,N/A,make a cup of tea,prepare_drink,low,personal_lifestyle,low,procedural,low,individual,N/A,N/A,5,minutes,original,numeric,5,5,minutes,nof_conv,0.000114077116,36,-56.56963706106521,0.4112576284281425,46.28996780319218,0.33171795547862676
2678,-1,task_available_time,<averaged>,N/A,organize files on a desk,organization_project,low,administrative,low,procedural,low,individual,N/A,N/A,5,minutes,original,numeric,5,5,minutes,nof_conv,0.000114077116,36,-73.54907405728977,8.847398054008767,45.65382510471672,0.296224997622105
2722,-1,task_available_time,<averaged>,N/A,pack a bag with essentials for the day,personal_logistics,low,personal_lifestyle,low,procedural,low,individual,N/A,N/A,5,minutes,original,numeric,5,5,minutes,nof_conv,0.000114077116,36,-74.61285019173945,10.343269341849004,59.52141578306659,0.31416661163850307
3492,-1,task_available_time,<averaged>,N/A,tidy a desk before a meeting,workspace_organization,low,administrative,low,procedural,low,individual,N/A,N/A,5,minutes,original,numeric,5,5,minutes,nof_conv,0.000114077116,36,-70.35090084475141,-0.25011496326331184,64.50920661703044,0.3333401166531508
3888,-1,task_available_time,<averaged>,N/A,write a one-sentence email reply,communication_plan,low,communication,low,procedural,low,individual,N/A,N/A,5,minutes,original,numeric,5,5,minutes,nof_conv,0.000114077116,36,-105.78546097881038,29.844271767596343,-13.585659941525906,0.6633724546023365
4020,-1,task_available_time,<averaged>,N/A,write a sensitive email addressing a team conflict,communication_plan,medium,communication,medium,coordination,medium,individual,N/A,N/A,5,minutes,original,numeric,5,5,minutes,nof_conv,0.000114077116,36,-86.03676485769802,12.148608971931676,56.600954302895225,0.4037163741149894
170,-1,direct_help,N/A,N/A,choose between two lunch options,personal_choice,low,personal_lifestyle,low,decision,low,individual,N/A,N/A,5,minutes,original,numeric,5,5,minutes,plain,0.000114077116,48,-54.81951444179914,7.397879853902026,-22.255572505618293,0.1951230056065325
368,-1,direct_help,N/A,N/A,copy a short code from one screen to another,copy_information,low,administrative,low,procedural,low,individual,N/A,N/A,5,minutes,original,numeric,5,5,minutes,plain,0.000114077116,48,-41.57370309856497,-4.068483135206748,-34.96301731098124,0.21998032438274776
2150,-1,direct_help,N/A,N/A,make a cup of tea,prepare_drink,low,personal_lifestyle,low,procedural,low,individual,N/A,N/A,5,minutes,original,numeric,5,5,minutes,plain,0.000114077116,48,-37.64817983379271,-2.8140041665575133,-12.37549656789517,0.24761636261432537
2678,-1,direct_help,N/A,N/A,organize files on a desk,organization_project,low,administrative,low,procedural,low,individual,N/A,N/A,5,minutes,original,numeric,5,5,minutes,plain,0.000114077116,48,-47.91135818803414,-2.897915010338963,4.944357114808805,0.18917798765462648
2722,-1,direct_help,N/A,N/A,pack a bag with essentials for the day,personal_logistics,low,personal_lifestyle,low,procedural,low,individual,N/A,N/A,5,minutes,original,numeric,5,5,minutes,plain,0.000114077116,48,-46.58821250842176,3.8856961457117847,13.513404362845867,0.19505090055366012
3492,-1,direct_help,N/A,N/A,tidy a desk before a meeting,workspace_organization,low,administrative,low,procedural,low,individual,N/A,N/A,5,minutes,original,numeric,5,5,minutes,plain,0.000114077116,48,-44.355390744399884,-10.839904228442368,5.784879758905185,0.21551834838588096
3888,-1,direct_help,N/A,N/A,write a one-sentence email reply,communication_plan,low,communication,low,procedural,low,individual,N/A,N/A,5,minutes,original,numeric,5,5,minutes,plain,0.000114077116,48,-84.92683433967194,17.064293403246367,-11.763944223665112,0.28895715337402866
4020,-1,direct_help,N/A,N/A,write a sensitive email addressing a team conflict,communication_plan,medium,communication,medium,coordination,medium,individual,N/A,N/A,5,minutes,original,numeric,5,5,minutes,plain,0.000114077116,48,-47.736483659135175,2.836835411920602,15.653051043497692,0.18123898370334743
170,-1,direct_help,N/A,N/A,choose between two lunch options,personal_choice,low,personal_lifestyle,low,decision,low,individual,N/A,N/A,5,minutes,original,numeric,5,5,minutes,plain_long,0.000114077116,48,-30.05516564591686,-2.290462501426026,0.9516819599150705,0.16083126734561565
368,-1,direct_help,N/A,N/A,copy a short code from one screen to another,copy_information,low,administrative,low,procedural,low,individual,N/A,N/A,5,minutes,original,numeric,5,5,minutes,plain_long,0.000114077116,48,-21.4577333392653,-8.63903077317059,-4.635267853155263,0.1717470988515463
2150,-1,direct_help,N/A,N/A,make a cup of tea,prepare_drink,low,personal_lifestyle,low,procedural,low,individual,N/A,N/A,5,minutes,original,numeric,5,5,minutes,plain_long,0.000114077116,48,-16.770935192293702,-4.115358184021318,2.6975856727937586,0.1817598609906675
2678,-1,direct_help,N/A,N/A,organize files on a desk,organization_project,low,administrative,low,procedural,low,individual,N/A,N/A,5,minutes,original,numeric,5,5,minutes,plain_long,0.000114077116,48,-23.438038320404427,-4.807833083224583,13.773022999585468,0.15348371996300234
2722,-1,direct_help,N/A,N/A,pack a bag with essentials for the day,personal_logistics,low,personal_lifestyle,low,procedural,low,individual,N/A,N/A,5,minutes,original,numeric,5,5,minutes,plain_long,0.000114077116,48,-24.429705552405093,1.4017994630934243,17.419708853119484,0.16146627006078507
3492,-1,direct_help,N/A,N/A,tidy a desk before a meeting,workspace_organization,low,administrative,low,procedural,low,individual,N/A,N/A,5,minutes,original,numeric,5,5,minutes,plain_long,0.000114077116,48,-23.003847553143753,-10.200014791476493,13.36620129060781,0.16987956267230644
3888,-1,direct_help,N/A,N/A,write a one-sentence email reply,communication_plan,low,communication,low,procedural,low,individual,N/A,N/A,5,minutes,original,numeric,5,5,minutes,plain_long,0.000114077116,48,-60.92872169314588,9.320462556239193,7.7251109517429715,0.23292147079024242
4020,-1,direct_help,N/A,N/A,write a sensitive email addressing a team conflict,communication_plan,medium,communication,medium,coordination,medium,individual,N/A,N/A,5,minutes,original,numeric,5,5,minutes,plain_long,0.000114077116,48,-30.635212239783765,-4.038463910536211,23.27136599679719,0.1865549630015469
174,-1,task_available_time,<averaged>,N/A,choose between two lunch options,personal_choice,low,personal_lifestyle,low,decision,low,individual,N/A,N/A,10,minutes,original,numeric,10,10,minutes,nof_conv,0.000228154232,36,-72.43395402609625,6.622445767675928,8.51895312621824,0.2764233826183108
372,-1,task_available_time,<averaged>,N/A,copy a short code from one screen to another,copy_information,low,administrative,low,procedural,low,individual,N/A,N/A,10,minutes,original,numeric,10,10,minutes,nof_conv,0.000228154232,36,-66.76658743022944,4.637982717841391,12.647277349140719,0.3122028389050025
2154,-1,task_available_time,<averaged>,N/A,make a cup of tea,prepare_drink,low,personal_lifestyle,low,procedural,low,individual,N/A,N/A,10,minutes,original,numeric,10,10,minutes,nof_conv,0.000228154232,36,-46.27863465530737,-5.608042256662432,32.082059249757876,0.32540390188891893
2682,-1,task_available_time,<averaged>,N/A,organize files on a desk,organization_project,low,administrative,low,procedural,low,individual,N/A,N/A,10,minutes,original,numeric,10,10,minutes,nof_conv,0.000228154232,36,-60.594991496341756,0.9692888204529542,32.198371356685776,0.2919452798484096
2726,-1,task_available_time,<averaged>,N/A,pack a bag with essentials for the day,personal_logistics,low,personal_lifestyle,low,procedural,low,individual,N/A,N/A,10,minutes,original,numeric,10,10,minutes,nof_conv,0.000228154232,36,-60.86867106996653,3.4976297417744466,43.66599139019881,0.3057011308495517
3496,-1,task_available_time,<averaged>,N/A,tidy a desk before a meeting,workspace_organization,low,administrative,low,procedural,low,individual,N/A,N/A,10,minutes,original,numeric,10,10,minutes,nof_conv,0.000228154232,36,-57.63580461495518,-7.541407057556092,48.40328185036952,0.3272709359971067
3892,-1,task_available_time,<averaged>,N/A,write a one-sentence email reply,communication_plan,low,communication,low,procedural,low,individual,N/A,N/A,10,minutes,original,numeric,10,10,minutes,nof_conv,0.000228154232,36,-102.73417813173313,29.975819283303654,-17.20045305961414,0.6584358205273659
4024,-1,task_available_time,<averaged>,N/A,write a sensitive email addressing a team conflict,communication_plan,medium,communication,medium,coordination,medium,individual,N/A,N/A,10,minutes,original,numeric,10,10,minutes,nof_conv,0.000228154232,36,-70.48244707887042,5.399374565580741,41.32635762274125,0.3928853673848679
174,-1,direct_help,N/A,N/A,choose between two lunch options,personal_choice,low,personal_lifestyle,low,decision,low,individual,N/A,N/A,10,minutes,original,numeric,10,10,minutes,plain,0.000228154232,48,-46.40113819824647,4.497946481024675,-32.659657705584564,0.20151786238504169
372,-1,direct_help,N/A,N/A,copy a short code from one screen to another,copy_information,low,administrative,low,procedural,low,individual,N/A,N/A,10,minutes,original,numeric,10,10,minutes,plain,0.000228154232,48,-36.897807427506514,-3.202117026453105,-39.98955216898614,0.2186072303530867
2154,-1,direct_help,N/A,N/A,make a cup of tea,prepare_drink,low,personal_lifestyle,low,procedural,low,individual,N/A,N/A,10,minutes,original,numeric,10,10,minutes,plain,0.000228154232,48,-30.814278887263686,-4.848460247358847,-22.2045013701811,0.24912116571378654
2682,-1,direct_help,N/A,N/A,organize files on a desk,organization_project,low,administrative,low,procedural,low,individual,N/A,N/A,10,minutes,original,numeric,10,10,minutes,plain,0.000228154232,48,-38.60569523997108,-8.004369088252906,-5.034386743742537,0.18799758243306414
2726,-1,direct_help,N/A,N/A,pack a bag with essentials for the day,personal_logistics,low,personal_lifestyle,low,procedural,low,individual,N/A,N/A,10,minutes,original,numeric,10,10,minutes,plain,0.000228154232,48,-37.913162951971074,-0.6470422706285583,1.1008726796478767,0.19348870865791945
3496,-1,direct_help,N/A,N/A,tidy a desk before a meeting,workspace_organization,low,administrative,low,procedural,low,individual,N/A,N/A,10,minutes,original,numeric,10,10,minutes,plain,0.000228154232,48,-35.59851217110492,-13.334992051174849,-5.6953951607204765,0.21256219417957825
3892,-1,direct_help,N/A,N/A,write a one-sentence email reply,communication_plan,low,communication,low,procedural,low,individual,N/A,N/A,10,minutes,original,numeric,10,10,minutes,plain,0.000228154232,48,-80.6410306991536,18.176161112582193,-17.32630048846396,0.28603889586177217
4024,-1,direct_help,N/A,N/A,write a sensitive email addressing a team conflict,communication_plan,medium,communication,medium,coordination,medium,individual,N/A,N/A,10,minutes,original,numeric,10,10,minutes,plain,0.000228154232,48,-37.544229658606824,-0.12273337316086042,4.206535674610649,0.18253392145608202
174,-1,direct_help,N/A,N/A,choose between two lunch options,personal_choice,low,personal_lifestyle,low,decision,low,individual,N/A,N/A,10,minutes,original,numeric,10,10,minutes,plain_long,0.000228154232,48,-23.755689067120564,-4.454936339461798,-5.049741677542283,0.16135193653556784
372,-1,direct_help,N/A,N/A,copy a short code from one screen to another,copy_information,low,administrative,low,procedural,low,individual,N/A,N/A,10,minutes,original,numeric,10,10,minutes,plain_long,0.000228154232,48,-17.996609553526255,-9.017971240922817,-7.823283557841595,0.17094446506161048
2154,-1,direct_help,N/A,N/A,make a cup of tea,prepare_drink,low,personal_lifestyle,low,procedural,low,individual,N/A,N/A,10,minutes,original,numeric,10,10,minutes,plain_long,0.000228154232,48,-11.945677354340155,-5.266117764224764,-2.638854356283907,0.18216460178690053
2682,-1,direct_help,N/A,N/A,organize files on a desk,organization_project,low,administrative,low,procedural,low,individual,N/A,N/A,10,minutes,original,numeric,10,10,minutes,plain_long,0.000228154232,48,-16.930843020339434,-8.34952092245481,7.588595873135917,0.15225846490718514
2726,-1,direct_help,N/A,N/A,pack a bag with essentials for the day,personal_logistics,low,personal_lifestyle,low,procedural,low,individual,N/A,N/A,10,minutes,original,numeric,10,10,minutes,plain_long,0.000228154232,48,-18.436696194240383,-1.6693567021006812,10.10863012343115,0.16115362621525686
3496,-1,direct_help,N/A,N/A,tidy a desk before a meeting,workspace_organization,low,administrative,low,procedural,low,individual,N/A,N/A,10,minutes,original,numeric,10,10,minutes,plain_long,0.000228154232,48,-16.990170312480704,-11.463943200866035,6.795595909051865,0.16920856418782795
3892,-1,direct_help,N/A,N/A,write a one-sentence email reply,communication_plan,low,communication,low,procedural,low,individual,N/A,N/A,10,minutes,original,numeric,10,10,minutes,plain_long,0.000228154232,48,-57.493267213165204,10.028672455590417,4.116108583069641,0.22781431596805166
4024,-1,direct_help,N/A,N/A,write a sensitive email addressing a team conflict,communication_plan,medium,communication,medium,coordination,medium,individual,N/A,N/A,10,minutes,original,numeric,10,10,minutes,plain_long,0.000228154232,48,-23.293168058447456,-6.393220942034275,15.954690032056094,0.18493149752968532
178,-1,task_available_time,<averaged>,N/A,choose between two lunch options,personal_choice,low,personal_lifestyle,low,decision,low,individual,N/A,N/A,20,minutes,original,numeric,20,20,minutes,nof_conv,0.000456308465,36,-60.51882616974543,3.630216385326118,-6.6809076762834,0.2734048500365911
376,-1,task_available_time,<averaged>,N/A,copy a short code from one screen to another,copy_information,low,administrative,low,procedural,low,individual,N/A,N/A,20,minutes,original,numeric,20,20,minutes,nof_conv,0.000456308465,36,-57.25454805185107,2.374833538398427,3.161544897844502,0.3123868163271419
2158,-1,task_available_time,<averaged>,N/A,make a cup of tea,prepare_drink,low,personal_lifestyle,low,procedural,low,individual,N/A,N/A,20,minutes,original,numeric,20,20,minutes,nof_conv,0.000456308465,36,-36.73422836421756,-10.432689749817301,21.153687024000213,0.31903015006591845
2686,-1,task_available_time,<averaged>,N/A,organize files on a desk,organization_project,low,administrative,low,procedural,low,individual,N/A,N/A,20,minutes,original,numeric,20,20,minutes,nof_conv,0.000456308465,36,-48.52933531715704,-4.254999118023767,18.507567825400052,0.2874222009728949
2730,-1,task_available_time,<averaged>,N/A,pack a bag with essentials for the day,personal_logistics,low,personal_lifestyle,low,procedural,low,individual,N/A,N/A,20,minutes,original,numeric,20,20,minutes,nof_conv,0.000456308465,36,-49.886659975469406,-0.7365052972108407,31.19384205134476,0.30083391774896023
3500,-1,task_available_time,<averaged>,N/A,tidy a desk before a meeting,workspace_organization,low,administrative,low,procedural,low,individual,N/A,N/A,20,minutes,original,numeric,20,20,minutes,nof_conv,0.000456308465,36,-46.13942722974623,-12.729242074396362,35.522517697776635,0.32271117128789933
3896,-1,task_available_time,<averaged>,N/A,write a one-sentence email reply,communication_plan,low,communication,low,procedural,low,individual,N/A,N/A,20,minutes,original,numeric,20,20,minutes,nof_conv,0.000456308465,36,-99.66759811776294,30.198723343296408,-20.30941248281692,0.6479907491859744
4028,-1,task_available_time,<averaged>,N/A,write a sensitive email addressing a team conflict,communication_plan,medium,communication,medium,coordination,medium,individual,N/A,N/A,20,minutes,original,numeric,20,20,minutes,nof_conv,0.000456308465,36,-56.66289128404583,0.14071957251947087,29.475509260142395,0.3856087884299311
178,-1,direct_help,N/A,N/A,choose between two lunch options,personal_choice,low,personal_lifestyle,low,decision,low,individual,N/A,N/A,20,minutes,original,numeric,20,20,minutes,plain,0.000456308465,48,-37.26084597726915,3.244659122893135,-43.54496154563219,0.207006148351747
376,-1,direct_help,N/A,N/A,copy a short code from one screen to another,copy_information,low,administrative,low,procedural,low,individual,N/A,N/A,20,minutes,original,numeric,20,20,minutes,plain,0.000456308465,48,-30.89460759025269,-1.3876488222405077,-44.90026116779283,0.21373290420513857
2158,-1,direct_help,N/A,N/A,make a cup of tea,prepare_drink,low,personal_lifestyle,low,procedural,low,individual,N/A,N/A,20,minutes,original,numeric,20,20,minutes,plain,0.000456308465,48,-23.79715584264589,-4.916230781403595,-30.07314808256616,0.2477207349821085
2686,-1,direct_help,N/A,N/A,organize files on a desk,organization_project,low,administrative,low,procedural,low,individual,N/A,N/A,20,minutes,original,numeric,20,20,minutes,plain,0.000456308465,48,-28.292550414034785,-10.070148825978876,-16.35267358912589,0.18578958481410374
2730,-1,direct_help,N/A,N/A,pack a bag with essentials for the day,personal_logistics,low,personal_lifestyle,low,procedural,low,individual,N/A,N/A,20,minutes,original,numeric,20,20,minutes,plain,0.000456308465,48,-28.738151863143298,-2.363462767546818,-10.486895640404452,0.1937904454135142
3500,-1,direct_help,N/A,N/A,tidy a desk before a meeting,workspace_organization,low,administrative,low,procedural,low,individual,N/A,N/A,20,minutes,original,numeric,20,20,minutes,plain,0.000456308465,48,-27.21550451366502,-15.031868018260788,-15.877243122007979,0.207437690383642
3896,-1,direct_help,N/A,N/A,write a one-sentence email reply,communication_plan,low,communication,low,procedural,low,individual,N/A,N/A,20,minutes,original,numeric,20,20,minutes,plain,0.000456308465,48,-73.61228011128989,21.56502144667245,-25.391078536087385,0.2828442435749041
4028,-1,direct_help,N/A,N/A,write a sensitive email addressing a team conflict,communication_plan,medium,communication,medium,coordination,medium,individual,N/A,N/A,20,minutes,original,numeric,20,20,minutes,plain,0.000456308465,48,-26.14066576700421,-1.2076778291976646,-8.995794058168833,0.18329965643086468
178,-1,direct_help,N/A,N/A,choose between two lunch options,personal_choice,low,personal_lifestyle,low,decision,low,individual,N/A,N/A,20,minutes,original,numeric,20,20,minutes,plain_long,0.000456308465,48,-17.199856103705518,-4.578747586220367,-12.194420238436205,0.16082641268716738
376,-1,direct_help,N/A,N/A,copy a short code from one screen to another,copy_information,low,administrative,low,procedural,low,individual,N/A,N/A,20,minutes,original,numeric,20,20,minutes,plain_long,0.000456308465,48,-13.041739580882334,-8.188766725320878,-12.150772457163908,0.16902564885991567
2158,-1,direct_help,N/A,N/A,make a cup of tea,prepare_drink,low,personal_lifestyle,low,procedural,low,individual,N/A,N/A,20,minutes,original,numeric,20,20,minutes,plain_long,0.000456308465,48,-7.1164228902580655,-4.66674278716595,-7.313918852445575,0.17981475071224126
2686,-1,direct_help,N/A,N/A,organize files on a desk,organization_project,low,administrative,low,procedural,low,individual,N/A,N/A,20,minutes,original,numeric,20,20,minutes,plain_long,0.000456308465,48,-9.56060681550327,-9.39942202723327,0.4974442657481597,0.1504546372920582
2730,-1,direct_help,N/A,N/A,pack a bag with essentials for the day,personal_logistics,low,personal_lifestyle,low,procedural,low,individual,N/A,N/A,20,minutes,original,numeric,20,20,minutes,plain_long,0.000456308465,48,-11.721108044701278,-2.306189933881097,2.650045529937598,0.16002644254151766
3500,-1,direct_help,N/A,N/A,tidy a desk before a meeting,workspace_organization,low,administrative,low,procedural,low,individual,N/A,N/A,20,minutes,original,numeric,20,20,minutes,plain_long,0.000456308465,48,-11.128960372663997,-12.23432949456823,0.6113549044987845,0.16662088635883265
3896,-1,direct_help,N/A,N/A,write a one-sentence email reply,communication_plan,low,communication,low,procedural,low,individual,N/A,N/A,20,minutes,original,numeric,20,20,minutes,plain_long,0.000456308465,48,-52.03334233545239,12.96988182115777,-1.979260935628401,0.22251744173551072
4028,-1,direct_help,N/A,N/A,write a sensitive email addressing a team conflict,communication_plan,medium,communication,medium,coordination,medium,individual,N/A,N/A,20,minutes,original,numeric,20,20,minutes,plain_long,0.000456308465,48,-14.683062723405914,-6.7764115617265075,6.652533224770038,0.18270850467664645
182,-1,task_available_time,<averaged>,N/A,choose between two lunch options,personal_choice,low,personal_lifestyle,low,decision,low,individual,N/A,N/A,30,minutes,original,numeric,30,30,minutes,nof_conv,0.000684462697,36,-56.01713849669356,3.1107554914355453,-13.22275367063118,0.2740811234298038
380,-1,task_available_time,<averaged>,N/A,copy a short code from one screen to another,copy_information,low,administrative,low,procedural,low,individual,N/A,N/A,30,minutes,original,numeric,30,30,minutes,nof_conv,0.000684462697,36,-52.27922076050197,1.2158178715990613,-1.9661992314402625,0.311502548385431
2162,-1,task_available_time,<averaged>,N/A,make a cup of tea,prepare_drink,low,personal_lifestyle,low,procedural,low,individual,N/A,N/A,30,minutes,original,numeric,30,30,minutes,nof_conv,0.000684462697,36,-31.861257017902687,-11.802644279668534,13.956101062073332,0.314865312111136
2690,-1,task_available_time,<averaged>,N/A,organize files on a desk,organization_project,low,administrative,low,procedural,low,individual,N/A,N/A,30,minutes,original,numeric,30,30,minutes,nof_conv,0.000684462697,36,-42.434738087555765,-5.799763891595289,12.014167554953358,0.2859932713758356
2734,-1,task_available_time,<averaged>,N/A,pack a bag with essentials for the day,personal_logistics,low,personal_lifestyle,low,procedural,low,individual,N/A,N/A,30,minutes,original,numeric,30,30,minutes,nof_conv,0.000684462697,36,-44.11300734613601,-2.380478045998128,24.69700960163859,0.2983718508947934
3504,-1,task_available_time,<averaged>,N/A,tidy a desk before a meeting,workspace_organization,low,administrative,low,procedural,low,individual,N/A,N/A,30,minutes,original,numeric,30,30,minutes,nof_conv,0.000684462697,36,-40.87456837581165,-14.328761700997902,29.80591270542454,0.32224185390064036
3900,-1,task_available_time,<averaged>,N/A,write a one-sentence email reply,communication_plan,low,communication,low,procedural,low,individual,N/A,N/A,30,minutes,original,numeric,30,30,minutes,nof_conv,0.000684462697,36,-97.93130623039407,30.181768250032587,-21.80201602829506,0.6548511595725885
4032,-1,task_available_time,<averaged>,N/A,write a sensitive email addressing a team conflict,communication_plan,medium,communication,medium,coordination,medium,individual,N/A,N/A,30,minutes,original,numeric,30,30,minutes,nof_conv,0.000684462697,36,-50.968355827703895,-1.1533942618861284,23.726759919881612,0.3810044695619214
182,-1,direct_help,N/A,N/A,choose between two lunch options,personal_choice,low,personal_lifestyle,low,decision,low,individual,N/A,N/A,30,minutes,original,numeric,30,30,minutes,plain,0.000684462697,48,-34.57041207204678,2.876817457188859,-46.4388416858859,0.20935765695336508
380,-1,direct_help,N/A,N/A,copy a short code from one screen to another,copy_information,low,administrative,low,procedural,low,individual,N/A,N/A,30,minutes,original,numeric,30,30,minutes,plain,0.000684462697,48,-29.01114379355155,-1.2966646915712055,-47.23087662402275,0.21394657147589205
2162,-1,direct_help,N/A,N/A,make a cup of tea,prepare_drink,low,personal_lifestyle,low,procedural,low,individual,N/A,N/A,30,minutes,original,numeric,30,30,minutes,plain,0.000684462697,48,-21.234757653605644,-3.4904872797431543,-33.82181388139402,0.24845087384582
2690,-1,direct_help,N/A,N/A,organize files on a desk,organization_project,low,administrative,low,procedural,low,individual,N/A,N/A,30,minutes,original,numeric,30,30,minutes,plain,0.000684462697,48,-24.740247801460818,-10.312546961110112,-19.888306596161108,0.18539558109071713
2734,-1,direct_help,N/A,N/A,pack a bag with essentials for the day,personal_logistics,low,personal_lifestyle,low,procedural,low,individual,N/A,N/A,30,minutes,original,numeric,30,30,minutes,plain,0.000684462697,48,-25.704221843087986,-3.0495843545331427,-13.45550974132252,0.19537456490833946
3504,-1,direct_help,N/A,N/A,tidy a desk before a meeting,workspace_organization,low,administrative,low,procedural,low,individual,N/A,N/A,30,minutes,original,numeric,30,30,minutes,plain,0.000684462697,48,-24.165671424499347,-14.620817045148552,-19.175882344053782,0.20664416696147625
3900,-1,direct_help,N/A,N/A,write a one-sentence email reply,communication_plan,low,communication,low,procedural,low,individual,N/A,N/A,30,minutes,original,numeric,30,30,minutes,plain,0.000684462697,48,-73.296715631429,22.200743653716394,-26.76686618788127,0.288929423157439
4032,-1,direct_help,N/A,N/A,write a sensitive email addressing a team conflict,communication_plan,medium,communication,medium,coordination,medium,individual,N/A,N/A,30,minutes,original,numeric,30,30,minutes,plain,0.000684462697,48,-23.475538028883776,-1.3124187209706573,-11.342864700607183,0.18310294035774516
182,-1,direct_help,N/A,N/A,choose between two lunch options,personal_choice,low,personal_lifestyle,low,decision,low,individual,N/A,N/A,30,minutes,original,numeric,30,30,minutes,plain_long,0.000684462697,48,-15.256998880301099,-4.540983087914114,-14.29199339777935,0.16182076633165404
380,-1,direct_help,N/A,N/A,copy a short code from one screen to another,copy_information,low,administrative,low,procedural,low,individual,N/A,N/A,30,minutes,original,numeric,30,30,minutes,plain_long,0.000684462697,48,-11.471671437841415,-7.795239117813892,-13.461114415607755,0.16903923288688874
2162,-1,direct_help,N/A,N/A,make a cup of tea,prepare_drink,low,personal_lifestyle,low,procedural,low,individual,N/A,N/A,30,minutes,original,numeric,30,30,minutes,plain_long,0.000684462697,48,-5.301727781440865,-3.6538145070849706,-9.403510505534614,0.17943062337807383
2690,-1,direct_help,N/A,N/A,organize files on a desk,organization_project,low,administrative,low,procedural,low,individual,N/A,N/A,30,minutes,original,numeric,30,30,minutes,plain_long,0.000684462697,48,-7.2278599349107315,-9.347174804295236,-1.7969479908507893,0.15013376502289658
2734,-1,direct_help,N/A,N/A,pack a bag with essentials for the day,personal_logistics,low,personal_lifestyle,low,procedural,low,individual,N/A,N/A,30,minutes,original,numeric,30,30,minutes,plain_long,0.000684462697,48,-9.707963634122937,-2.1651047755374235,0.4634595156500075,0.16032821990019838
3504,-1,direct_help,N/A,N/A,tidy a desk before a meeting,workspace_organization,low,administrative,low,procedural,low,individual,N/A,N/A,30,minutes,original,numeric,30,30,minutes,plain_long,0.000684462697,48,-9.237476954070958,-11.859643771000167,-1.2840029858809117,0.16655301244022241
3900,-1,direct_help,N/A,N/A,write a one-sentence email reply,communication_plan,low,communication,low,procedural,low,individual,N/A,N/A,30,minutes,original,numeric,30,30,minutes,plain_long,0.000684462697,48,-51.20133816955958,13.286801670667186,-3.031071555244595,0.2229828005666016
4032,-1,direct_help,N/A,N/A,write a sensitive email addressing a team conflict,communication_plan,medium,communication,medium,coordination,medium,individual,N/A,N/A,30,minutes,original,numeric,30,30,minutes,plain_long,0.000684462697,48,-12.628722247877821,-6.80585157662499,4.760578673583967,0.18195039612163305
186,-1,task_available_time,<averaged>,N/A,choose between two lunch options,personal_choice,low,personal_lifestyle,low,decision,low,individual,N/A,N/A,50,minutes,original,numeric,50,50,minutes,nof_conv,0.001140771161,36,-48.365354697856226,4.474369087595697,-24.254363297095093,0.2720540866288357
384,-1,task_available_time,<averaged>,N/A,copy a short code from one screen to another,copy_information,low,administrative,low,procedural,low,individual,N/A,N/A,50,minutes,original,numeric,50,50,minutes,nof_conv,0.001140771161,36,-47.50150177968139,2.4133438761640926,-9.636568698747764,0.3108437213347557
2166,-1,task_available_time,<averaged>,N/A,make a cup of tea,prepare_drink,low,personal_lifestyle,low,procedural,low,individual,N/A,N/A,50,minutes,original,numeric,50,50,minutes,nof_conv,0.001140771161,36,-26.84647894016176,-10.148467572452649,4.769822965414658,0.3085592186700287
2694,-1,task_available_time,<averaged>,N/A,organize files on a desk,organization_project,low,administrative,low,procedural,low,individual,N/A,N/A,50,minutes,original,numeric,50,50,minutes,nof_conv,0.001140771161,36,-34.29319802517166,-8.586091239557138,2.8132358453325566,0.28501389308104436
2738,-1,task_available_time,<averaged>,N/A,pack a bag with essentials for the day,personal_logistics,low,personal_lifestyle,low,procedural,low,individual,N/A,N/A,50,minutes,original,numeric,50,50,minutes,nof_conv,0.001140771161,36,-35.817862559073234,-2.746043568798842,13.544412802435968,0.29691395635243073
3508,-1,task_available_time,<averaged>,N/A,tidy a desk before a meeting,workspace_organization,low,administrative,low,procedural,low,individual,N/A,N/A,50,minutes,original,numeric,50,50,minutes,nof_conv,0.001140771161,36,-32.39280103585244,-15.862551945532434,19.355154096747427,0.31743143594868356
3904,-1,task_available_time,<averaged>,N/A,write a one-sentence email reply,communication_plan,low,communication,low,procedural,low,individual,N/A,N/A,50,minutes,original,numeric,50,50,minutes,nof_conv,0.001140771161,36,-96.06500289605628,31.117404492975854,-25.127351812339015,0.6396389891520743
4036,-1,task_available_time,<averaged>,N/A,write a sensitive email addressing a team conflict,communication_plan,medium,communication,medium,coordination,medium,individual,N/A,N/A,50,minutes,original,numeric,50,50,minutes,nof_conv,0.001140771161,36,-41.217423954061864,-2.754750138668947,11.025287570219529,0.3819366049808857
186,-1,direct_help,N/A,N/A,choose between two lunch options,personal_choice,low,personal_lifestyle,low,decision,low,individual,N/A,N/A,50,minutes,original,numeric,50,50,minutes,plain,0.001140771161,48,-29.460482714234853,4.397265070346671,-50.16065662024004,0.21035190540790563
384,-1,direct_help,N/A,N/A,copy a short code from one screen to another,copy_information,low,administrative,low,procedural,low,individual,N/A,N/A,50,minutes,original,numeric,50,50,minutes,plain,0.001140771161,48,-25.94528656847958,-0.775710746588392,-48.89915588013456,0.21639492353406853
2166,-1,direct_help,N/A,N/A,make a cup of tea,prepare_drink,low,personal_lifestyle,low,procedural,low,individual,N/A,N/A,50,minutes,original,numeric,50,50,minutes,plain,0.001140771161,48,-16.86053431608002,2.1144897082751957,-39.81289159369319,0.24215263357454678
2694,-1,direct_help,N/A,N/A,organize files on a desk,organization_project,low,administrative,low,procedural,low,individual,N/A,N/A,50,minutes,original,numeric,50,50,minutes,plain,0.001140771161,48,-18.167438431350853,-12.602109544584135,-23.51554094923411,0.18388911214078274
2738,-1,direct_help,N/A,N/A,pack a bag with essentials for the day,personal_logistics,low,personal_lifestyle,low,procedural,low,individual,N/A,N/A,50,minutes,original,numeric,50,50,minutes,plain,0.001140771161,48,-20.253674902700887,-3.407153975826703,-18.528172134269056,0.19474614229417841
3508,-1,direct_help,N/A,N/A,tidy a desk before a meeting,workspace_organization,low,administrative,low,procedural,low,individual,N/A,N/A,50,minutes,original,numeric,50,50,minutes,plain,0.001140771161,48,-18.045668712253875,-14.37182931256615,-22.73361177869477,0.20264485867446153
3904,-1,direct_help,N/A,N/A,write a one-sentence email reply,communication_plan,low,communication,low,procedural,low,individual,N/A,N/A,50,minutes,original,numeric,50,50,minutes,plain,0.001140771161,48,-68.84920611907033,24.079061008763773,-29.374203600805984,0.28645057748475367
4036,-1,direct_help,N/A,N/A,write a sensitive email addressing a team conflict,communication_plan,medium,communication,medium,coordination,medium,individual,N/A,N/A,50,minutes,original,numeric,50,50,minutes,plain,0.001140771161,48,-16.184858732443725,-2.3746067735240732,-17.708260030667724,0.1837844131448336
186,-1,direct_help,N/A,N/A,choose between two lunch options,personal_choice,low,personal_lifestyle,low,decision,low,individual,N/A,N/A,50,minutes,original,numeric,50,50,minutes,plain_long,0.001140771161,48,-11.773461582148101,-4.259492715142775,-16.222924368350416,0.1618845489121685
384,-1,direct_help,N/A,N/A,copy a short code from one screen to another,copy_information,low,administrative,low,procedural,low,individual,N/A,N/A,50,minutes,original,numeric,50,50,minutes,plain_long,0.001140771161,48,-9.478194372539939,-7.876696462568427,-14.28285915368233,0.16981515005470488
2166,-1,direct_help,N/A,N/A,make a cup of tea,prepare_drink,low,personal_lifestyle,low,procedural,low,individual,N/A,N/A,50,minutes,original,numeric,50,50,minutes,plain_long,0.001140771161,48,-2.317763787825376,-0.872131415968595,-13.13220275773172,0.17707844782604748
2694,-1,direct_help,N/A,N/A,organize files on a desk,organization_project,low,administrative,low,procedural,low,individual,N/A,N/A,50,minutes,original,numeric,50,50,minutes,plain_long,0.001140771161,48,-2.9693615510664406,-10.99657678788164,-3.431557211027164,0.14976865184747187
2738,-1,direct_help,N/A,N/A,pack a bag with essentials for the day,personal_logistics,low,personal_lifestyle,low,procedural,low,individual,N/A,N/A,50,minutes,original,numeric,50,50,minutes,plain_long,0.001140771161,48,-6.712295998769078,-2.696632348158032,-1.8849201324063067,0.16161221503077744
3508,-1,direct_help,N/A,N/A,tidy a desk before a meeting,workspace_organization,low,administrative,low,procedural,low,individual,N/A,N/A,50,minutes,original,numeric,50,50,minutes,plain_long,0.001140771161,48,-5.4968687275298125,-11.792581339456552,-3.3608310298059636,0.1658191162720244
3904,-1,direct_help,N/A,N/A,write a one-sentence email reply,communication_plan,low,communication,low,procedural,low,individual,N/A,N/A,50,minutes,original,numeric,50,50,minutes,plain_long,0.001140771161,48,-48.315009666280226,14.689571464365232,-4.608456740092533,0.22161217949027623
4036,-1,direct_help,N/A,N/A,write a sensitive email addressing a team conflict,communication_plan,medium,communication,medium,coordination,medium,individual,N/A,N/A,50,minutes,original,numeric,50,50,minutes,plain_long,0.001140771161,48,-7.556988551655491,-7.672217532904524,1.076717127778732,0.18050344534675833
190,-1,task_available_time,<averaged>,N/A,choose between two lunch options,personal_choice,low,personal_lifestyle,low,decision,low,individual,N/A,N/A,70,minutes,original,numeric,70,70,minutes,nof_conv,0.001597079626,36,-42.54602899300178,4.876021383017381,-33.37769252561361,0.2723121171776866
388,-1,task_available_time,<averaged>,N/A,copy a short code from one screen to another,copy_information,low,administrative,low,procedural,low,individual,N/A,N/A,70,minutes,original,numeric,70,70,minutes,nof_conv,0.001597079626,36,-42.123494567704476,4.201459859886522,-18.801402172012917,0.3075377012629831
2170,-1,task_available_time,<averaged>,N/A,make a cup of tea,prepare_drink,low,personal_lifestyle,low,procedural,low,individual,N/A,N/A,70,minutes,original,numeric,70,70,minutes,nof_conv,0.001597079626,36,-20.41938687105197,-7.581022783713789,-7.609257180820045,0.3033796746040413
2698,-1,task_available_time,<averaged>,N/A,organize files on a desk,organization_project,low,administrative,low,procedural,low,individual,N/A,N/A,70,minutes,original,numeric,70,70,minutes,nof_conv,0.001597079626,36,-27.849626490648333,-7.775622316812124,-6.812619999518418,0.28357343868674745
2742,-1,task_available_time,<averaged>,N/A,pack a bag with essentials for the day,personal_logistics,low,personal_lifestyle,low,procedural,low,individual,N/A,N/A,70,minutes,original,numeric,70,70,minutes,nof_conv,0.001597079626,36,-28.911031804084388,-2.945703162140933,3.096063893705381,0.29574830983274253
3512,-1,task_available_time,<averaged>,N/A,tidy a desk before a meeting,workspace_organization,low,administrative,low,procedural,low,individual,N/A,N/A,70,minutes,original,numeric,70,70,minutes,nof_conv,0.001597079626,36,-26.154457152277175,-14.633945058774362,9.329864444586256,0.31566077963054695
3908,-1,task_available_time,<averaged>,N/A,write a one-sentence email reply,communication_plan,low,communication,low,procedural,low,individual,N/A,N/A,70,minutes,original,numeric,70,70,minutes,nof_conv,0.001597079626,36,-93.25950532429881,31.932120258728023,-27.542087714785385,0.6582552021645736
4040,-1,task_available_time,<averaged>,N/A,write a sensitive email addressing a team conflict,communication_plan,medium,communication,medium,coordination,medium,individual,N/A,N/A,70,minutes,original,numeric,70,70,minutes,nof_conv,0.001597079626,36,-34.98092517479818,-3.087186847923288,4.187104065956381,0.3807979734174669
190,-1,direct_help,N/A,N/A,choose between two lunch options,personal_choice,low,personal_lifestyle,low,decision,low,individual,N/A,N/A,70,minutes,original,numeric,70,70,minutes,plain,0.001597079626,48,-24.944648572946683,6.893033504323987,-58.490523715157195,0.2084789736564131
388,-1,direct_help,N/A,N/A,copy a short code from one screen to another,copy_information,low,administrative,low,procedural,low,individual,N/A,N/A,70,minutes,original,numeric,70,70,minutes,plain,0.001597079626,48,-21.71884568828894,4.824304869396409,-55.360512663648144,0.20646352515661673
2170,-1,direct_help,N/A,N/A,make a cup of tea,prepare_drink,low,personal_lifestyle,low,procedural,low,individual,N/A,N/A,70,minutes,original,numeric,70,70,minutes,plain,0.001597079626,48,-12.913742798620532,6.890033406902221,-47.802914034130396,0.2406615611806673
2698,-1,direct_help,N/A,N/A,organize files on a desk,organization_project,low,administrative,low,procedural,low,individual,N/A,N/A,70,minutes,original,numeric,70,70,minutes,plain,0.001597079626,48,-12.732495862862743,-8.418698760280742,-33.621277450586035,0.18234382718340358
2742,-1,direct_help,N/A,N/A,pack a bag with essentials for the day,personal_logistics,low,personal_lifestyle,low,procedural,low,individual,N/A,N/A,70,minutes,original,numeric,70,70,minutes,plain,0.001597079626,48,-14.655970185976303,-0.6868793126002369,-28.51647088467236,0.1950155330834418
3512,-1,direct_help,N/A,N/A,tidy a desk before a meeting,workspace_organization,low,administrative,low,procedural,low,individual,N/A,N/A,70,minutes,original,numeric,70,70,minutes,plain,0.001597079626,48,-13.299030347860398,-11.078450865905019,-31.918837005753648,0.20198443655546017
3908,-1,direct_help,N/A,N/A,write a one-sentence email reply,communication_plan,low,communication,low,procedural,low,individual,N/A,N/A,70,minutes,original,numeric,70,70,minutes,plain,0.001597079626,48,-66.33579089230246,28.467444037396973,-34.65409835544648,0.2920462857010575
4040,-1,direct_help,N/A,N/A,write a sensitive email addressing a team conflict,communication_plan,medium,communication,medium,coordination,medium,individual,N/A,N/A,70,minutes,original,numeric,70,70,minutes,plain,0.001597079626,48,-12.64803080141817,1.5706500637234597,-24.51018338238547,0.17997735089666125
190,-1,direct_help,N/A,N/A,choose between two lunch options,personal_choice,low,personal_lifestyle,low,decision,low,individual,N/A,N/A,70,minutes,original,numeric,70,70,minutes,plain_long,0.001597079626,48,-8.064478590911925,-1.9715834170504256,-22.156359153044395,0.1600642807186836
388,-1,direct_help,N/A,N/A,copy a short code from one screen to another,copy_information,low,administrative,low,procedural,low,individual,N/A,N/A,70,minutes,original,numeric,70,70,minutes,plain_long,0.001597079626,48,-5.708656836273379,-4.487937336230808,-19.009847242081772,0.1650004270710425
2170,-1,direct_help,N/A,N/A,make a cup of tea,prepare_drink,low,personal_lifestyle,low,procedural,low,individual,N/A,N/A,70,minutes,original,numeric,70,70,minutes,plain_long,0.001597079626,48,1.105404948435102,2.2522043365024595,-18.294472357145402,0.17731903235289523
2698,-1,direct_help,N/A,N/A,organize files on a desk,organization_project,low,administrative,low,procedural,low,individual,N/A,N/A,70,minutes,original,numeric,70,70,minutes,plain_long,0.001597079626,48,1.3750937896434137,-8.113344566092339,-10.012572666386694,0.1499634788259107
2742,-1,direct_help,N/A,N/A,pack a bag with essentials for the day,personal_logistics,low,personal_lifestyle,low,procedural,low,individual,N/A,N/A,70,minutes,original,numeric,70,70,minutes,plain_long,0.001597079626,48,-2.158131615058433,-0.842504720092295,-8.52379117426033,0.16189963191533158
3512,-1,direct_help,N/A,N/A,tidy a desk before a meeting,workspace_organization,low,administrative,low,procedural,low,individual,N/A,N/A,70,minutes,original,numeric,70,70,minutes,plain_long,0.001597079626,48,-1.4475615078904789,-9.381872836560456,-9.284275671872715,0.16608048225406793
3908,-1,direct_help,N/A,N/A,write a one-sentence email reply,communication_plan,low,communication,low,procedural,low,individual,N/A,N/A,70,minutes,original,numeric,70,70,minutes,plain_long,0.001597079626,48,-45.59305753230311,18.736647846291774,-9.219039840944712,0.21901747813761854
4040,-1,direct_help,N/A,N/A,write a sensitive email addressing a team conflict,communication_plan,medium,communication,medium,coordination,medium,individual,N/A,N/A,70,minutes,original,numeric,70,70,minutes,plain_long,0.001597079626,48,-4.218263858373856,-4.426243002898073,-4.086454833454955,0.17865155646705913
194,-1,task_available_time,<averaged>,N/A,choose between two lunch options,personal_choice,low,personal_lifestyle,low,decision,low,individual,N/A,N/A,100,minutes,original,numeric,100,100,minutes,nof_conv,0.002281542323,36,-40.658464363057796,11.043923564258957,-42.027785138301,0.2692959631452386
392,-1,task_available_time,<averaged>,N/A,copy a short code from one screen to another,copy_information,low,administrative,low,procedural,low,individual,N/A,N/A,100,minutes,original,numeric,100,100,minutes,nof_conv,0.002281542323,36,-40.09962527898167,8.265830452048657,-25.42526488330452,0.30885913133121534
2174,-1,task_available_time,<averaged>,N/A,make a cup of tea,prepare_drink,low,personal_lifestyle,low,procedural,low,individual,N/A,N/A,100,minutes,original,numeric,100,100,minutes,nof_conv,0.002281542323,36,-18.286697706001554,-0.5530020853473827,-16.081314535318423,0.29684104089553315
2702,-1,task_available_time,<averaged>,N/A,organize files on a desk,organization_project,low,administrative,low,procedural,low,individual,N/A,N/A,100,minutes,original,numeric,100,100,minutes,nof_conv,0.002281542323,36,-25.7174655168899,-3.6988571335914378,-13.798141663032913,0.28099706341447883
2746,-1,task_available_time,<averaged>,N/A,pack a bag with essentials for the day,personal_logistics,low,personal_lifestyle,low,procedural,low,individual,N/A,N/A,100,minutes,original,numeric,100,100,minutes,nof_conv,0.002281542323,36,-25.801657497068625,2.3185266279964862,-7.619391967570019,0.2923976785357798
3516,-1,task_available_time,<averaged>,N/A,tidy a desk before a meeting,workspace_organization,low,administrative,low,procedural,low,individual,N/A,N/A,100,minutes,original,numeric,100,100,minutes,nof_conv,0.002281542323,36,-23.662844033936825,-11.036473868876334,2.3351771811758004,0.3108748731299464
3912,-1,task_available_time,<averaged>,N/A,write a one-sentence email reply,communication_plan,low,communication,low,procedural,low,individual,N/A,N/A,100,minutes,original,numeric,100,100,minutes,nof_conv,0.002281542323,36,-92.86365669722153,33.8858186407818,-30.185752318622406,0.6541937088493271
4044,-1,task_available_time,<averaged>,N/A,write a sensitive email addressing a team conflict,communication_plan,medium,communication,medium,coordination,medium,individual,N/A,N/A,100,minutes,original,numeric,100,100,minutes,nof_conv,0.002281542323,36,-34.27647348324216,1.5858376482981211,-2.9937912738274832,0.3808225049962436
194,-1,direct_help,N/A,N/A,choose between two lunch options,personal_choice,low,personal_lifestyle,low,decision,low,individual,N/A,N/A,100,minutes,original,numeric,100,100,minutes,plain,0.002281542323,48,-24.18231343710787,9.51879323280609,-56.94232981211145,0.2067044633078364
392,-1,direct_help,N/A,N/A,copy a short code from one screen to another,copy_information,low,administrative,low,procedural,low,individual,N/A,N/A,100,minutes,original,numeric,100,100,minutes,plain,0.002281542323,48,-20.3809803216866,5.206990065498333,-55.716094443226254,0.2157219582318267
2174,-1,direct_help,N/A,N/A,make a cup of tea,prepare_drink,low,personal_lifestyle,low,procedural,low,individual,N/A,N/A,100,minutes,original,numeric,100,100,minutes,plain,0.002281542323,48,-11.365607520496393,11.946275652053023,-47.32658811598394,0.24094934710529695
2702,-1,direct_help,N/A,N/A,organize files on a desk,organization_project,low,administrative,low,procedural,low,individual,N/A,N/A,100,minutes,original,numeric,100,100,minutes,plain,0.002281542323,48,-11.168878569306283,-9.363032405178442,-32.61716214940565,0.18052190530580262
2746,-1,direct_help,N/A,N/A,pack a bag with essentials for the day,personal_logistics,low,personal_lifestyle,low,procedural,low,individual,N/A,N/A,100,minutes,original,numeric,100,100,minutes,plain,0.002281542323,48,-13.433746363152327,0.6972404852674157,-29.52600465124529,0.1931085617631138
3516,-1,direct_help,N/A,N/A,tidy a desk before a meeting,workspace_organization,low,administrative,low,procedural,low,individual,N/A,N/A,100,minutes,original,numeric,100,100,minutes,plain,0.002281542323,48,-11.891248563770327,-9.327335608179734,-31.314468622077467,0.19858675901141756
3912,-1,direct_help,N/A,N/A,write a one-sentence email reply,communication_plan,low,communication,low,procedural,low,individual,N/A,N/A,100,minutes,original,numeric,100,100,minutes,plain,0.002281542323,48,-65.48497369389864,30.15398014344177,-35.056866238612095,0.2934836200181185
4044,-1,direct_help,N/A,N/A,write a sensitive email addressing a team conflict,communication_plan,medium,communication,medium,coordination,medium,individual,N/A,N/A,100,minutes,original,numeric,100,100,minutes,plain,0.002281542323,48,-11.928779117075855,2.1014222645512293,-24.7603369106907,0.18189456124623277
194,-1,direct_help,N/A,N/A,choose between two lunch options,personal_choice,low,personal_lifestyle,low,decision,low,individual,N/A,N/A,100,minutes,original,numeric,100,100,minutes,plain_long,0.002281542323,48,-7.368249024022843,-1.220937489877292,-20.69910041103344,0.15945154467905884
392,-1,direct_help,N/A,N/A,copy a short code from one screen to another,copy_information,low,administrative,low,procedural,low,individual,N/A,N/A,100,minutes,original,numeric,100,100,minutes,plain_long,0.002281542323,48,-5.22030845187999,-4.828569778872478,-18.54120020018741,0.16808246558743842
2174,-1,direct_help,N/A,N/A,make a cup of tea,prepare_drink,low,personal_lifestyle,low,procedural,low,individual,N/A,N/A,100,minutes,original,numeric,100,100,minutes,plain_long,0.002281542323,48,2.3514655321353457,4.99965083583248,-18.481567370414297,0.17602923490307404
2702,-1,direct_help,N/A,N/A,organize files on a desk,organization_project,low,administrative,low,procedural,low,individual,N/A,N/A,100,minutes,original,numeric,100,100,minutes,plain_long,0.002281542323,48,2.3036999708388373,-9.321035119992457,-8.764227124523792,0.14798379638671713
2746,-1,direct_help,N/A,N/A,pack a bag with essentials for the day,personal_logistics,low,personal_lifestyle,low,procedural,low,individual,N/A,N/A,100,minutes,original,numeric,100,100,minutes,plain_long,0.002281542323,48,-1.4138996728983146,-0.30443411615082056,-8.529184730184937,0.16167366305615746
3516,-1,direct_help,N/A,N/A,tidy a desk before a meeting,workspace_organization,low,administrative,low,procedural,low,individual,N/A,N/A,100,minutes,original,numeric,100,100,minutes,plain_long,0.002281542323,48,-0.7505850012383938,-8.70714917706241,-8.629669900290978,0.16347630963035062
3912,-1,direct_help,N/A,N/A,write a one-sentence email reply,communication_plan,low,communication,low,procedural,low,individual,N/A,N/A,100,minutes,original,numeric,100,100,minutes,plain_long,0.002281542323,48,-45.217050023904974,19.69667634206427,-9.546648992807183,0.2212464543886326
4044,-1,direct_help,N/A,N/A,write a sensitive email addressing a team conflict,communication_plan,medium,communication,medium,coordination,medium,individual,N/A,N/A,100,minutes,original,numeric,100,100,minutes,plain_long,0.002281542323,48,-3.887122139879593,-4.512157992286535,-3.6510142362206564,0.17868750844390066
220,-1,task_available_time,<averaged>,N/A,coordinate a disaster relief effort,emergency_response,high,safety,high,coordination,high,multi_agent,N/A,N/A,1,days,original,numeric,1,1,day,nof_conv,0.032854209446,36,-15.083050246803552,-8.33417086303651,56.32521462101497,0.33712969617542826
418,-1,task_available_time,<averaged>,N/A,create a scalable marketplace platform,software_project,high,software,high,project,high,organization,N/A,N/A,1,days,original,numeric,1,1,day,nof_conv,0.032854209446,36,-11.040217258615876,-11.907026641947722,55.941265250345914,0.32996178823745875
550,-1,task_available_time,<averaged>,N/A,create a single-page personal website,software_project,low,software,low,project,low,individual,N/A,N/A,1,days,original,numeric,1,1,day,nof_conv,0.032854209446,36,-21.733142622502513,-35.34259008654329,45.5583476510383,0.3159157353230868
682,-1,task_available_time,<averaged>,N/A,create an e-commerce website,software_project,medium,software,medium,project,medium,individual,N/A,N/A,1,days,original,numeric,1,1,day,nof_conv,0.032854209446,36,-13.082773058133682,-22.46179407160198,46.124919859024146,0.3075088563150994
814,-1,task_available_time,<averaged>,N/A,design a communication plan for a company restructuring,communication_plan,high,communication,high,strategic,high,organization,N/A,N/A,1,days,original,numeric,1,1,day,nof_conv,0.032854209446,36,-37.56501141492435,-6.035769434680241,69.6622081359392,0.39827260686130506
2178,-1,task_available_time,<averaged>,N/A,organize a company-wide knowledge management system,organization_project,high,knowledge_preservation,high,systems,high,organization,N/A,N/A,1,days,original,numeric,1,1,day,nof_conv,0.032854209446,36,-21.828463767565914,-19.56952944399762,60.36912270539271,0.3257381225360418
2310,-1,task_available_time,<averaged>,N/A,organize a shared drive for a small team,organization_project,medium,administrative,medium,logistical,medium,multi_agent,N/A,N/A,1,days,original,numeric,1,1,day,nof_conv,0.032854209446,36,-32.14402681938243,-33.57213781451423,52.88753863831003,0.2996455888981677
2574,-1,task_available_time,<averaged>,N/A,organize files on a desk,organization_project,low,administrative,low,procedural,low,individual,N/A,N/A,1,days,original,numeric,1,1,day,nof_conv,0.032854209446,36,-29.0989981386864,-27.797760164570704,20.78118815531594,0.29638928269543313
2750,-1,task_available_time,<averaged>,N/A,plan a move to a new city,relocation,medium,personal_lifestyle,medium,logistical,medium,individual,N/A,N/A,1,days,original,numeric,1,1,day,nof_conv,0.032854209446,36,-28.209969498281577,-4.476094778238822,68.85153400156648,0.330188647446879
2882,-1,task_available_time,<averaged>,N/A,plan an international trip,travel_planning,medium,personal_lifestyle,medium,logistical,medium,individual,N/A,N/A,1,days,original,numeric,1,1,day,nof_conv,0.032854209446,36,-30.176453382871827,10.377843035947457,32.8167904185634,0.3235454588139219
3058,-1,task_available_time,<averaged>,N/A,preserve a small folder of important documents,knowledge_archive,low,knowledge_preservation,low,procedural,medium,individual,N/A,N/A,1,days,original,numeric,1,1,day,nof_conv,0.032854209446,36,-34.112358081273676,-22.757876932694412,34.539741348312134,0.3041402441060481
3212,-1,task_available_time,<averaged>,N/A,renovate an apartment,home_renovation,medium,personal_lifestyle,medium,logistical,medium,multi_agent,N/A,N/A,1,days,original,numeric,1,1,day,nof_conv,0.032854209446,36,-21.4162178112282,-12.430845761069087,57.06622556279164,0.2988265623794162
3520,-1,task_available_time,<averaged>,N/A,train for a marathon,physical_training,medium,personal_lifestyle,medium,training,medium,individual,N/A,N/A,1,days,original,numeric,1,1,day,nof_conv,0.032854209446,36,-20.14675807913192,2.2524349692170933,35.700153265146575,0.31833499549269295
3784,-1,task_available_time,<averaged>,N/A,write a one-sentence email reply,communication_plan,low,communication,low,procedural,low,individual,N/A,N/A,1,days,original,numeric,1,1,day,nof_conv,0.032854209446,36,-93.21339467181609,26.543258674441958,-18.880125320981477,0.7033275419991983
3916,-1,task_available_time,<averaged>,N/A,write a sensitive email addressing a team conflict,communication_plan,medium,communication,medium,coordination,medium,individual,N/A,N/A,1,days,original,numeric,1,1,day,nof_conv,0.032854209446,36,-39.12687216390009,-16.768722488579982,27.61178326001731,0.3576138026914914
4048,-1,task_available_time,<averaged>,N/A,write a short story,creative_writing,medium,creative,medium,creative,low,individual,N/A,N/A,1,days,original,numeric,1,1,day,nof_conv,0.032854209446,36,-56.80414218727096,2.6356583340764654,27.99679159939178,0.40338077820094403
220,-1,direct_help,N/A,N/A,coordinate a disaster relief effort,emergency_response,high,safety,high,coordination,high,multi_agent,N/A,N/A,1,days,original,numeric,1,1,day,plain,0.032854209446,48,5.914541755828722,-18.15825990951747,12.554198647176475,0.2284161132113359
418,-1,direct_help,N/A,N/A,create a scalable marketplace platform,software_project,high,software,high,project,high,organization,N/A,N/A,1,days,original,numeric,1,1,day,plain,0.032854209446,48,2.2305597305042832,-8.73216685590961,19.83413672578787,0.22208594432998488
550,-1,direct_help,N/A,N/A,create a single-page personal website,software_project,low,software,low,project,low,individual,N/A,N/A,1,days,original,numeric,1,1,day,plain,0.032854209446,48,-11.322750113568166,-39.679031611201296,21.02793774583472,0.1925183721829484
682,-1,direct_help,N/A,N/A,create an e-commerce website,software_project,medium,software,medium,project,medium,individual,N/A,N/A,1,days,original,numeric,1,1,day,plain,0.032854209446,48,-4.208514791702276,-22.514194631470122,19.32095594483625,0.22192482507717648
814,-1,direct_help,N/A,N/A,design a communication plan for a company restructuring,communication_plan,high,communication,high,strategic,high,organization,N/A,N/A,1,days,original,numeric,1,1,day,plain,0.032854209446,48,-7.2721028124555085,-17.581526643190003,22.493454494555955,0.1924812708459981
2178,-1,direct_help,N/A,N/A,organize a company-wide knowledge management system,organization_project,high,knowledge_preservation,high,systems,high,organization,N/A,N/A,1,days,original,numeric,1,1,day,plain,0.032854209446,48,-4.792738874177105,-17.81149288149286,23.10580644069696,0.2043669891817337
2310,-1,direct_help,N/A,N/A,organize a shared drive for a small team,organization_project,medium,administrative,medium,logistical,medium,multi_agent,N/A,N/A,1,days,original,numeric,1,1,day,plain,0.032854209446,48,-14.966272702038776,-41.82579024948409,7.425681275236197,0.18732285524705905
2574,-1,direct_help,N/A,N/A,organize files on a desk,organization_project,low,administrative,low,procedural,low,individual,N/A,N/A,1,days,original,numeric,1,1,day,plain,0.032854209446,48,-16.089879683191572,-36.03141915178184,-2.8285115176236095,0.2213532793677496
2750,-1,direct_help,N/A,N/A,plan a move to a new city,relocation,medium,personal_lifestyle,medium,logistical,medium,individual,N/A,N/A,1,days,original,numeric,1,1,day,plain,0.032854209446,48,-9.167912209329808,-1.2247693569717848,16.528897729611206,0.2735845971875143
2882,-1,direct_help,N/A,N/A,plan an international trip,travel_planning,medium,personal_lifestyle,medium,logistical,medium,individual,N/A,N/A,1,days,original,numeric,1,1,day,plain,0.032854209446,48,-13.118798701870679,-4.508592615011253,1.9744904945396622,0.2463084491307689
3058,-1,direct_help,N/A,N/A,preserve a small folder of important documents,knowledge_archive,low,knowledge_preservation,low,procedural,medium,individual,N/A,N/A,1,days,original,numeric,1,1,day,plain,0.032854209446,48,-18.65176089963479,-24.23067298558354,-14.147505360379979,0.24573255644294467
3212,-1,direct_help,N/A,N/A,renovate an apartment,home_renovation,medium,personal_lifestyle,medium,logistical,medium,multi_agent,N/A,N/A,1,days,original,numeric,1,1,day,plain,0.032854209446,48,-6.528603999359084,-12.894977517299155,15.5611662824027,0.25500696602204553
3520,-1,direct_help,N/A,N/A,train for a marathon,physical_training,medium,personal_lifestyle,medium,training,medium,individual,N/A,N/A,1,days,original,numeric,1,1,day,plain,0.032854209446,48,-4.946785927289091,10.021283474146722,-0.628372675577176,0.3317551599216396
3784,-1,direct_help,N/A,N/A,write a one-sentence email reply,communication_plan,low,communication,low,procedural,low,individual,N/A,N/A,1,days,original,numeric,1,1,day,plain,0.032854209446,48,-77.24316920482767,10.63868908387837,-15.53009403897067,0.3342003219946451
3916,-1,direct_help,N/A,N/A,write a sensitive email addressing a team conflict,communication_plan,medium,communication,medium,coordination,medium,individual,N/A,N/A,1,days,original,numeric,1,1,day,plain,0.032854209446,48,-13.12073745854757,-22.022810728206984,-1.7382393909549347,0.22990992652120879
4048,-1,direct_help,N/A,N/A,write a short story,creative_writing,medium,creative,medium,creative,low,individual,N/A,N/A,1,days,original,numeric,1,1,day,plain,0.032854209446,48,-20.656747975959366,-22.55247721361552,11.23647725379459,0.26751969470902026
220,-1,direct_help,N/A,N/A,coordinate a disaster relief effort,emergency_response,high,safety,high,coordination,high,multi_agent,N/A,N/A,1,days,original,numeric,1,1,day,plain_long,0.032854209446,48,9.351465926900255,-13.587322571769917,18.01770595948216,0.15485314089684143
418,-1,direct_help,N/A,N/A,create a scalable marketplace platform,software_project,high,software,high,project,high,organization,N/A,N/A,1,days,original,numeric,1,1,day,plain_long,0.032854209446,48,7.358816832250275,-9.309483083872074,23.23151052448647,0.19302652028430667
550,-1,direct_help,N/A,N/A,create a single-page personal website,software_project,low,software,low,project,low,individual,N/A,N/A,1,days,original,numeric,1,1,day,plain_long,0.032854209446,48,-2.3908525853689806,-27.865428954684575,23.923646904806773,0.17653479334041156
682,-1,direct_help,N/A,N/A,create an e-commerce website,software_project,medium,software,medium,project,medium,individual,N/A,N/A,1,days,original,numeric,1,1,day,plain_long,0.032854209446,48,4.1537619729758655,-18.148060099489907,22.982116662753725,0.17573037317445706
814,-1,direct_help,N/A,N/A,design a communication plan for a company restructuring,communication_plan,high,communication,high,strategic,high,organization,N/A,N/A,1,days,original,numeric,1,1,day,plain_long,0.032854209446,48,-0.6819449948662197,-15.029687757671491,23.430337484464363,0.16334395827261142
2178,-1,direct_help,N/A,N/A,organize a company-wide knowledge management system,organization_project,high,knowledge_preservation,high,systems,high,organization,N/A,N/A,1,days,original,numeric,1,1,day,plain_long,0.032854209446,48,2.65693986903705,-14.14655085528531,23.283318896219484,0.16748551563071581
2310,-1,direct_help,N/A,N/A,organize a shared drive for a small team,organization_project,medium,administrative,medium,logistical,medium,multi_agent,N/A,N/A,1,days,original,numeric,1,1,day,plain_long,0.032854209446,48,-4.2945129529928066,-28.41647993390468,13.621516014757784,0.15231650706754946
2574,-1,direct_help,N/A,N/A,organize files on a desk,organization_project,low,administrative,low,procedural,low,individual,N/A,N/A,1,days,original,numeric,1,1,day,plain_long,0.032854209446,48,-3.533923587850049,-23.201341558591125,7.313286489067496,0.16515226647491693
2750,-1,direct_help,N/A,N/A,plan a move to a new city,relocation,medium,personal_lifestyle,medium,logistical,medium,individual,N/A,N/A,1,days,original,numeric,1,1,day,plain_long,0.032854209446,48,1.4010282487071875,-6.206092934745258,20.64909366661376,0.1730254756382273
2882,-1,direct_help,N/A,N/A,plan an international trip,travel_planning,medium,personal_lifestyle,medium,logistical,medium,individual,N/A,N/A,1,days,original,numeric,1,1,day,plain_long,0.032854209446,48,-3.0734064962241785,-6.490809321629651,11.705403114337468,0.15260949851464717
3058,-1,direct_help,N/A,N/A,preserve a small folder of important documents,knowledge_archive,low,knowledge_preservation,low,procedural,medium,individual,N/A,N/A,1,days,original,numeric,1,1,day,plain_long,0.032854209446,48,-6.060215912038631,-18.14477581208687,3.87878776652595,0.16494098716921385
3212,-1,direct_help,N/A,N/A,renovate an apartment,home_renovation,medium,personal_lifestyle,medium,logistical,medium,multi_agent,N/A,N/A,1,days,original,numeric,1,1,day,plain_long,0.032854209446,48,2.7410734782896102,-11.963600537866913,18.904074546259395,0.1660712237045697
3520,-1,direct_help,N/A,N/A,train for a marathon,physical_training,medium,personal_lifestyle,medium,training,medium,individual,N/A,N/A,1,days,original,numeric,1,1,day,plain_long,0.032854209446,48,4.550783855516305,7.289601433923495,10.246588672527317,0.21458772628449801
3784,-1,direct_help,N/A,N/A,write a one-sentence email reply,communication_plan,low,communication,low,procedural,low,individual,N/A,N/A,1,days,original,numeric,1,1,day,plain_long,0.032854209446,48,-53.61068019904067,4.331201847189866,3.8384864141126185,0.2480023382852128
3916,-1,direct_help,N/A,N/A,write a sensitive email addressing a team conflict,communication_plan,medium,communication,medium,coordination,medium,individual,N/A,N/A,1,days,original,numeric,1,1,day,plain_long,0.032854209446,48,-6.9019801259971265,-20.343559504839224,9.95231269418862,0.19649545549596636
4048,-1,direct_help,N/A,N/A,write a short story,creative_writing,medium,creative,medium,creative,low,individual,N/A,N/A,1,days,original,numeric,1,1,day,plain_long,0.032854209446,48,-11.448555637635868,-18.87282877615133,17.44023795247569,0.20516837501684565
224,-1,task_available_time,<averaged>,N/A,coordinate a disaster relief effort,emergency_response,high,safety,high,coordination,high,multi_agent,N/A,N/A,2,days,original,numeric,2,2,days,nof_conv,0.065708418891,36,-9.689564658684887,-12.715423045102042,49.91351299649513,0.3376527039703377
422,-1,task_available_time,<averaged>,N/A,create a scalable marketplace platform,software_project,high,software,high,project,high,organization,N/A,N/A,2,days,original,numeric,2,2,days,nof_conv,0.065708418891,36,-1.832471327629091,-19.028708891339623,46.948600419141044,0.32504224581108176
554,-1,task_available_time,<averaged>,N/A,create a single-page personal website,software_project,low,software,low,project,low,individual,N/A,N/A,2,days,original,numeric,2,2,days,nof_conv,0.065708418891,36,-15.404319331542704,-38.799582808267715,36.20266357793799,0.3099826289952183
686,-1,task_available_time,<averaged>,N/A,create an e-commerce website,software_project,medium,software,medium,project,medium,individual,N/A,N/A,2,days,original,numeric,2,2,days,nof_conv,0.065708418891,36,-4.59589065958908,-29.592613874080335,37.30913463963388,0.30018447149825433
818,-1,task_available_time,<averaged>,N/A,design a communication plan for a company restructuring,communication_plan,high,communication,high,strategic,high,organization,N/A,N/A,2,days,original,numeric,2,2,days,nof_conv,0.065708418891,36,-27.961924846054956,-14.318256042709281,63.73755314760801,0.39571553302678686
2182,-1,task_available_time,<averaged>,N/A,organize a company-wide knowledge management system,organization_project,high,knowledge_preservation,high,systems,high,organization,N/A,N/A,2,days,original,numeric,2,2,days,nof_conv,0.065708418891,36,-12.306874361971332,-27.811126019884856,52.27024326072515,0.3225132019343995
2314,-1,task_available_time,<averaged>,N/A,organize a shared drive for a small team,organization_project,medium,administrative,medium,logistical,medium,multi_agent,N/A,N/A,2,days,original,numeric,2,2,days,nof_conv,0.065708418891,36,-23.60915068542276,-39.113800476769946,44.81692101734737,0.2978006671059143
2578,-1,task_available_time,<averaged>,N/A,organize files on a desk,organization_project,low,administrative,low,procedural,low,individual,N/A,N/A,2,days,original,numeric,2,2,days,nof_conv,0.065708418891,36,-25.637465007409915,-29.698622105032488,16.176459818444602,0.29880834565766
2754,-1,task_available_time,<averaged>,N/A,plan a move to a new city,relocation,medium,personal_lifestyle,medium,logistical,medium,individual,N/A,N/A,2,days,original,numeric,2,2,days,nof_conv,0.065708418891,36,-18.950006231319097,-18.24245162291986,60.930873002131484,0.31229834507129245
2886,-1,task_available_time,<averaged>,N/A,plan an international trip,travel_planning,medium,personal_lifestyle,medium,logistical,medium,individual,N/A,N/A,2,days,original,numeric,2,2,days,nof_conv,0.065708418891,36,-24.98012910971768,-2.2234618938114186,29.939456392341228,0.3123196629096546
3062,-1,task_available_time,<averaged>,N/A,preserve a small folder of important documents,knowledge_archive,low,knowledge_preservation,low,procedural,medium,individual,N/A,N/A,2,days,original,numeric,2,2,days,nof_conv,0.065708418891,36,-26.55547842203809,-27.127115462070243,28.038764352366524,0.30342747242238916
3216,-1,task_available_time,<averaged>,N/A,renovate an apartment,home_renovation,medium,personal_lifestyle,medium,logistical,medium,multi_agent,N/A,N/A,2,days,original,numeric,2,2,days,nof_conv,0.065708418891,36,-14.74458958405855,-22.264821948540963,49.19931235044115,0.29119153360958117
3524,-1,task_available_time,<averaged>,N/A,train for a marathon,physical_training,medium,personal_lifestyle,medium,training,medium,individual,N/A,N/A,2,days,original,numeric,2,2,days,nof_conv,0.065708418891,36,-13.79463951112511,-3.904017608047168,29.38904025574212,0.3149497397095859
3788,-1,task_available_time,<averaged>,N/A,write a one-sentence email reply,communication_plan,low,communication,low,procedural,low,individual,N/A,N/A,2,days,original,numeric,2,2,days,nof_conv,0.065708418891,36,-92.22334838507331,26.028902119450088,-18.654380061400566,0.6982215081820211
3920,-1,task_available_time,<averaged>,N/A,write a sensitive email addressing a team conflict,communication_plan,medium,communication,medium,coordination,medium,individual,N/A,N/A,2,days,original,numeric,2,2,days,nof_conv,0.065708418891,36,-32.70929966864098,-20.110645499299462,22.80774634041649,0.36019553088091594
4052,-1,task_available_time,<averaged>,N/A,write a short story,creative_writing,medium,creative,medium,creative,low,individual,N/A,N/A,2,days,original,numeric,2,2,days,nof_conv,0.065708418891,36,-52.62781572411404,-0.696450766544281,25.330879151676243,0.3981447076924108
224,-1,direct_help,N/A,N/A,coordinate a disaster relief effort,emergency_response,high,safety,high,coordination,high,multi_agent,N/A,N/A,2,days,original,numeric,2,2,days,plain,0.065708418891,48,9.227105786246891,-24.854344834272794,7.4642078583850235,0.22630761560766582
422,-1,direct_help,N/A,N/A,create a scalable marketplace platform,software_project,high,software,high,project,high,organization,N/A,N/A,2,days,original,numeric,2,2,days,plain,0.065708418891,48,4.962081760153544,-17.454055878840105,17.342116814652666,0.2111509214539445
554,-1,direct_help,N/A,N/A,create a single-page personal website,software_project,low,software,low,project,low,individual,N/A,N/A,2,days,original,numeric,2,2,days,plain,0.065708418891,48,-7.113925181392049,-45.522052484803524,14.5990952398682,0.18681326387135344
686,-1,direct_help,N/A,N/A,create an e-commerce website,software_project,medium,software,medium,project,medium,individual,N/A,N/A,2,days,original,numeric,2,2,days,plain,0.065708418891,48,-1.073947753446298,-31.390883601911302,15.49417484677459,0.2085391427620544
818,-1,direct_help,N/A,N/A,design a communication plan for a company restructuring,communication_plan,high,communication,high,strategic,high,organization,N/A,N/A,2,days,original,numeric,2,2,days,plain,0.065708418891,48,-4.224628493537377,-26.683845423005543,18.42716302991798,0.1799481946211596
2182,-1,direct_help,N/A,N/A,organize a company-wide knowledge management system,organization_project,high,knowledge_preservation,high,systems,high,organization,N/A,N/A,2,days,original,numeric,2,2,days,plain,0.065708418891,48,-0.8900735455217513,-28.815139207693477,19.62809490365433,0.18505284624861176
2314,-1,direct_help,N/A,N/A,organize a shared drive for a small team,organization_project,medium,administrative,medium,logistical,medium,multi_agent,N/A,N/A,2,days,original,numeric,2,2,days,plain,0.065708418891,48,-10.586978576274086,-46.6953664942494,2.9157222180194506,0.18447086717856245
2578,-1,direct_help,N/A,N/A,organize files on a desk,organization_project,low,administrative,low,procedural,low,individual,N/A,N/A,2,days,original,numeric,2,2,days,plain,0.065708418891,48,-13.043373645983403,-38.739229353493265,-7.433915361016911,0.21960505973152028
2754,-1,direct_help,N/A,N/A,plan a move to a new city,relocation,medium,personal_lifestyle,medium,logistical,medium,individual,N/A,N/A,2,days,original,numeric,2,2,days,plain,0.065708418891,48,-5.446647763791844,-15.439763706836814,13.569066514921552,0.2510190400230812
2886,-1,direct_help,N/A,N/A,plan an international trip,travel_planning,medium,personal_lifestyle,medium,logistical,medium,individual,N/A,N/A,2,days,original,numeric,2,2,days,plain,0.065708418891,48,-9.408263651701356,-16.507732242288924,-2.374764462007293,0.23704451981679178
3062,-1,direct_help,N/A,N/A,preserve a small folder of important documents,knowledge_archive,low,knowledge_preservation,low,procedural,medium,individual,N/A,N/A,2,days,original,numeric,2,2,days,plain,0.065708418891,48,-15.033025153887792,-28.621989039019578,-18.319359091545444,0.24555429501632278
3216,-1,direct_help,N/A,N/A,renovate an apartment,home_renovation,medium,personal_lifestyle,medium,logistical,medium,multi_agent,N/A,N/A,2,days,original,numeric,2,2,days,plain,0.065708418891,48,-3.5540928434737107,-26.531558720085464,11.785595656490509,0.23956233366632887
3524,-1,direct_help,N/A,N/A,train for a marathon,physical_training,medium,personal_lifestyle,medium,training,medium,individual,N/A,N/A,2,days,original,numeric,2,2,days,plain,0.065708418891,48,-2.0333250983157245,1.4293333384578437,-2.6211011862154336,0.3239275501701571
3788,-1,direct_help,N/A,N/A,write a one-sentence email reply,communication_plan,low,communication,low,procedural,low,individual,N/A,N/A,2,days,original,numeric,2,2,days,plain,0.065708418891,48,-75.77557587324914,10.336517465460714,-17.891457518747128,0.33074474284492544
3920,-1,direct_help,N/A,N/A,write a sensitive email addressing a team conflict,communication_plan,medium,communication,medium,coordination,medium,individual,N/A,N/A,2,days,original,numeric,2,2,days,plain,0.065708418891,48,-10.068967461663433,-24.68990272976222,-5.7215045452921505,0.23333795039673835
4052,-1,direct_help,N/A,N/A,write a short story,creative_writing,medium,creative,medium,creative,low,individual,N/A,N/A,2,days,original,numeric,2,2,days,plain,0.065708418891,48,-19.3699513749192,-25.39240301482852,8.21347937875275,0.26156552606499683
224,-1,direct_help,N/A,N/A,coordinate a disaster relief effort,emergency_response,high,safety,high,coordination,high,multi_agent,N/A,N/A,2,days,original,numeric,2,2,days,plain_long,0.065708418891,48,11.425245796915192,-17.444808416099097,14.987749023111268,0.15507826920001383
422,-1,direct_help,N/A,N/A,create a scalable marketplace platform,software_project,high,software,high,project,high,organization,N/A,N/A,2,days,original,numeric,2,2,days,plain_long,0.065708418891,48,9.095604772455195,-14.919209015545263,21.097401014787973,0.18970095038343548
554,-1,direct_help,N/A,N/A,create a single-page personal website,software_project,low,software,low,project,low,individual,N/A,N/A,2,days,original,numeric,2,2,days,plain_long,0.065708418891,48,0.4312866477329647,-31.75252565013301,19.80222065131094,0.17533641460647378
686,-1,direct_help,N/A,N/A,create an e-commerce website,software_project,medium,software,medium,project,medium,individual,N/A,N/A,2,days,original,numeric,2,2,days,plain_long,0.065708418891,48,6.086773102846867,-23.528917880976767,20.10190147389539,0.1709559305638844
818,-1,direct_help,N/A,N/A,design a communication plan for a company restructuring,communication_plan,high,communication,high,strategic,high,organization,N/A,N/A,2,days,original,numeric,2,2,days,plain_long,0.065708418891,48,1.2475329813315548,-19.934451239283206,20.69970222954398,0.16315222272386135
2182,-1,direct_help,N/A,N/A,organize a company-wide knowledge management system,organization_project,high,knowledge_preservation,high,systems,high,organization,N/A,N/A,2,days,original,numeric,2,2,days,plain_long,0.065708418891,48,5.0522549681917175,-20.931463906172507,20.738583732241832,0.1616159215027389
2314,-1,direct_help,N/A,N/A,organize a shared drive for a small team,organization_project,medium,administrative,medium,logistical,medium,multi_agent,N/A,N/A,2,days,original,numeric,2,2,days,plain_long,0.065708418891,48,-1.7824523420546186,-30.99633902651931,11.097183519086961,0.15318675062811613
2578,-1,direct_help,N/A,N/A,organize files on a desk,organization_project,low,administrative,low,procedural,low,individual,N/A,N/A,2,days,original,numeric,2,2,days,plain_long,0.065708418891,48,-1.409055161526493,-25.304157430856254,4.843612362519009,0.16360615632119396
2754,-1,direct_help,N/A,N/A,plan a move to a new city,relocation,medium,personal_lifestyle,medium,logistical,medium,individual,N/A,N/A,2,days,original,numeric,2,2,days,plain_long,0.065708418891,48,3.6474669840755465,-14.571589795120465,18.438593061909394,0.16366807442276166
2886,-1,direct_help,N/A,N/A,plan an international trip,travel_planning,medium,personal_lifestyle,medium,logistical,medium,individual,N/A,N/A,2,days,original,numeric,2,2,days,plain_long,0.065708418891,48,-0.7032736802752475,-12.949248637200965,8.932419517180023,0.14876109655357575
3062,-1,direct_help,N/A,N/A,preserve a small folder of important documents,knowledge_archive,low,knowledge_preservation,low,procedural,medium,individual,N/A,N/A,2,days,original,numeric,2,2,days,plain_long,0.065708418891,48,-4.3144675788552105,-20.837502984395513,1.723044993825995,0.16578940633378628
3216,-1,direct_help,N/A,N/A,renovate an apartment,home_renovation,medium,personal_lifestyle,medium,logistical,medium,multi_agent,N/A,N/A,2,days,original,numeric,2,2,days,plain_long,0.065708418891,48,4.886292386148136,-19.650266455520335,16.521239328674035,0.16079056009031995
3524,-1,direct_help,N/A,N/A,train for a marathon,physical_training,medium,personal_lifestyle,medium,training,medium,individual,N/A,N/A,2,days,original,numeric,2,2,days,plain_long,0.065708418891,48,6.512286414113142,0.8434674083766627,8.432645457599111,0.20785372285156997
3788,-1,direct_help,N/A,N/A,write a one-sentence email reply,communication_plan,low,communication,low,procedural,low,individual,N/A,N/A,2,days,original,numeric,2,2,days,plain_long,0.065708418891,48,-52.426245463418034,3.6721073569978517,2.2217780694088973,0.2456906798451298
3920,-1,direct_help,N/A,N/A,write a sensitive email addressing a team conflict,communication_plan,medium,communication,medium,coordination,medium,individual,N/A,N/A,2,days,original,numeric,2,2,days,plain_long,0.065708418891,48,-5.008956095543628,-21.922147271186127,7.495275393048101,0.19877018698482643
4052,-1,direct_help,N/A,N/A,write a short story,creative_writing,medium,creative,medium,creative,low,individual,N/A,N/A,2,days,original,numeric,2,2,days,plain_long,0.065708418891,48,-10.017675641818272,-20.953194303018556,15.449309158476217,0.20340024548598518
228,-1,task_available_time,<averaged>,N/A,coordinate a disaster relief effort,emergency_response,high,safety,high,coordination,high,multi_agent,N/A,N/A,3,days,original,numeric,3,3,days,nof_conv,0.098562628337,36,-4.391359184981343,-13.672346238108055,45.90041554041223,0.3392062894975269
426,-1,task_available_time,<averaged>,N/A,create a scalable marketplace platform,software_project,high,software,high,project,high,organization,N/A,N/A,3,days,original,numeric,3,3,days,nof_conv,0.098562628337,36,2.874785592704138,-20.088839044020673,43.01923291317725,0.32508629508046716
558,-1,task_available_time,<averaged>,N/A,create a single-page personal website,software_project,low,software,low,project,low,individual,N/A,N/A,3,days,original,numeric,3,3,days,nof_conv,0.098562628337,36,-11.897514266476367,-38.166105498728086,31.894646842933565,0.31189899743496885
690,-1,task_available_time,<averaged>,N/A,create an e-commerce website,software_project,medium,software,medium,project,medium,individual,N/A,N/A,3,days,original,numeric,3,3,days,nof_conv,0.098562628337,36,-0.22332106986279193,-30.970876856867246,33.30900281800065,0.30140238752765014
822,-1,task_available_time,<averaged>,N/A,design a communication plan for a company restructuring,communication_plan,high,communication,high,strategic,high,organization,N/A,N/A,3,days,original,numeric,3,3,days,nof_conv,0.098562628337,36,-21.891928243221162,-16.411646626038223,57.989511430939736,0.3923001884604032
2186,-1,task_available_time,<averaged>,N/A,organize a company-wide knowledge management system,organization_project,high,knowledge_preservation,high,systems,high,organization,N/A,N/A,3,days,original,numeric,3,3,days,nof_conv,0.098562628337,36,-7.63164344638966,-29.184994751615065,47.521833324196535,0.32287680166346494
2318,-1,task_available_time,<averaged>,N/A,organize a shared drive for a small team,organization_project,medium,administrative,medium,logistical,medium,multi_agent,N/A,N/A,3,days,original,numeric,3,3,days,nof_conv,0.098562628337,36,-17.78080445390629,-40.19849552824491,38.708000852592214,0.2991443915708576
2582,-1,task_available_time,<averaged>,N/A,organize files on a desk,organization_project,low,administrative,low,procedural,low,individual,N/A,N/A,3,days,original,numeric,3,3,days,nof_conv,0.098562628337,36,-21.184982757554884,-28.02795816393335,11.136686134784206,0.2997758050737697
2758,-1,task_available_time,<averaged>,N/A,plan a move to a new city,relocation,medium,personal_lifestyle,medium,logistical,medium,individual,N/A,N/A,3,days,original,numeric,3,3,days,nof_conv,0.098562628337,36,-14.406604385041666,-22.620830200904678,57.70482736116749,0.3108911723743046
2890,-1,task_available_time,<averaged>,N/A,plan an international trip,travel_planning,medium,personal_lifestyle,medium,logistical,medium,individual,N/A,N/A,3,days,original,numeric,3,3,days,nof_conv,0.098562628337,36,-19.18904513124433,-6.224611277589559,25.51601842619224,0.3097948574878641
3066,-1,task_available_time,<averaged>,N/A,preserve a small folder of important documents,knowledge_archive,low,knowledge_preservation,low,procedural,medium,individual,N/A,N/A,3,days,original,numeric,3,3,days,nof_conv,0.098562628337,36,-21.477979248519308,-26.47061616059768,22.769232673965178,0.30430724082939226
3220,-1,task_available_time,<averaged>,N/A,renovate an apartment,home_renovation,medium,personal_lifestyle,medium,logistical,medium,multi_agent,N/A,N/A,3,days,original,numeric,3,3,days,nof_conv,0.098562628337,36,-10.49615767364123,-24.80147037336986,45.87221309596308,0.29213497950963624
3528,-1,task_available_time,<averaged>,N/A,train for a marathon,physical_training,medium,personal_lifestyle,medium,training,medium,individual,N/A,N/A,3,days,original,numeric,3,3,days,nof_conv,0.098562628337,36,-5.195668980465017,-8.760285572638852,23.35985861411469,0.3051933272696629
3792,-1,task_available_time,<averaged>,N/A,write a one-sentence email reply,communication_plan,low,communication,low,procedural,low,individual,N/A,N/A,3,days,original,numeric,3,3,days,nof_conv,0.098562628337,36,-91.02615750283742,26.715715637703752,-19.91756291837347,0.6959856053547717
3924,-1,task_available_time,<averaged>,N/A,write a sensitive email addressing a team conflict,communication_plan,medium,communication,medium,coordination,medium,individual,N/A,N/A,3,days,original,numeric,3,3,days,nof_conv,0.098562628337,36,-27.895355978248976,-20.727294957164737,18.389237043186377,0.36000863166338465
4056,-1,task_available_time,<averaged>,N/A,write a short story,creative_writing,medium,creative,medium,creative,low,individual,N/A,N/A,3,days,original,numeric,3,3,days,nof_conv,0.098562628337,36,-48.78690033778994,-0.40491905122779936,20.682999188245752,0.3954131617644141
228,-1,direct_help,N/A,N/A,coordinate a disaster relief effort,emergency_response,high,safety,high,coordination,high,multi_agent,N/A,N/A,3,days,original,numeric,3,3,days,plain,0.098562628337,48,12.622283468216512,-25.50979625193352,5.913308739495536,0.2233879342569621
426,-1,direct_help,N/A,N/A,create a scalable marketplace platform,software_project,high,software,high,project,high,organization,N/A,N/A,3,days,original,numeric,3,3,days,plain,0.098562628337,48,7.575114808606147,-18.8422981784558,17.051145901969132,0.20569790715501074
558,-1,direct_help,N/A,N/A,create a single-page personal website,software_project,low,software,low,project,low,individual,N/A,N/A,3,days,original,numeric,3,3,days,plain,0.098562628337,48,-3.5226059859024024,-46.0187318682564,13.079060024701434,0.18287732277317822
690,-1,direct_help,N/A,N/A,create an e-commerce website,software_project,medium,software,medium,project,medium,individual,N/A,N/A,3,days,original,numeric,3,3,days,plain,0.098562628337,48,2.0910478756115847,-33.61045506332708,14.969265281922477,0.20106708599386974
822,-1,direct_help,N/A,N/A,design a communication plan for a company restructuring,communication_plan,high,communication,high,strategic,high,organization,N/A,N/A,3,days,original,numeric,3,3,days,plain,0.098562628337,48,0.12226715566123811,-29.061542820884764,15.82284838845101,0.1736917101999535
2186,-1,direct_help,N/A,N/A,organize a company-wide knowledge management system,organization_project,high,knowledge_preservation,high,systems,high,organization,N/A,N/A,3,days,original,numeric,3,3,days,plain,0.098562628337,48,2.557809357849562,-31.409106717032312,18.252325054352987,0.17780754378710875
2318,-1,direct_help,N/A,N/A,organize a shared drive for a small team,organization_project,medium,administrative,medium,logistical,medium,multi_agent,N/A,N/A,3,days,original,numeric,3,3,days,plain,0.098562628337,48,-7.056238193790227,-47.05168871133341,0.4989642376687551,0.17982520904620014
2582,-1,direct_help,N/A,N/A,organize files on a desk,organization_project,low,administrative,low,procedural,low,individual,N/A,N/A,3,days,original,numeric,3,3,days,plain,0.098562628337,48,-9.23838152026579,-37.80318504465192,-10.250148594099507,0.21609041151211608
2758,-1,direct_help,N/A,N/A,plan a move to a new city,relocation,medium,personal_lifestyle,medium,logistical,medium,individual,N/A,N/A,3,days,original,numeric,3,3,days,plain,0.098562628337,48,-2.6379777628255767,-20.03552597451976,12.55152610520791,0.23574676612309098
2890,-1,direct_help,N/A,N/A,plan an international trip,travel_planning,medium,personal_lifestyle,medium,logistical,medium,individual,N/A,N/A,3,days,original,numeric,3,3,days,plain,0.098562628337,48,-5.03486592290257,-21.739534210888007,-4.613409020885673,0.2259577057198026
3066,-1,direct_help,N/A,N/A,preserve a small folder of important documents,knowledge_archive,low,knowledge_preservation,low,procedural,medium,individual,N/A,N/A,3,days,original,numeric,3,3,days,plain,0.098562628337,48,-11.759980547051208,-28.5510325269326,-20.59484790612272,0.24162777754272308
3220,-1,direct_help,N/A,N/A,renovate an apartment,home_renovation,medium,personal_lifestyle,medium,logistical,medium,multi_agent,N/A,N/A,3,days,original,numeric,3,3,days,plain,0.098562628337,48,-1.025108815262075,-29.112739660520067,11.456102790403895,0.23081408136103693
3528,-1,direct_help,N/A,N/A,train for a marathon,physical_training,medium,personal_lifestyle,medium,training,medium,individual,N/A,N/A,3,days,original,numeric,3,3,days,plain,0.098562628337,48,3.1811377269889416,-5.608207279473566,-4.6804257428858715,0.3041910013790559
3792,-1,direct_help,N/A,N/A,write a one-sentence email reply,communication_plan,low,communication,low,procedural,low,individual,N/A,N/A,3,days,original,numeric,3,3,days,plain,0.098562628337,48,-73.71960808958298,11.965188320307377,-19.175543314770955,0.3276204034525246
3924,-1,direct_help,N/A,N/A,write a sensitive email addressing a team conflict,communication_plan,medium,communication,medium,coordination,medium,individual,N/A,N/A,3,days,original,numeric,3,3,days,plain,0.098562628337,48,-7.168221650409532,-24.612341243804885,-7.853839546863382,0.22619572735394305
4056,-1,direct_help,N/A,N/A,write a short story,creative_writing,medium,creative,medium,creative,low,individual,N/A,N/A,3,days,original,numeric,3,3,days,plain,0.098562628337,48,-15.260903766134938,-26.058286513582058,5.758471092577947,0.2560903341841133
228,-1,direct_help,N/A,N/A,coordinate a disaster relief effort,emergency_response,high,safety,high,coordination,high,multi_agent,N/A,N/A,3,days,original,numeric,3,3,days,plain_long,0.098562628337,48,13.656513373473066,-17.383204409186227,14.05705385946243,0.15381210945766666
426,-1,direct_help,N/A,N/A,create a scalable marketplace platform,software_project,high,software,high,project,high,organization,N/A,N/A,3,days,original,numeric,3,3,days,plain_long,0.098562628337,48,10.758540947082453,-15.255312545609982,20.87388142376529,0.1870552170971657
558,-1,direct_help,N/A,N/A,create a single-page personal website,software_project,low,software,low,project,low,individual,N/A,N/A,3,days,original,numeric,3,3,days,plain_long,0.098562628337,48,2.613248825770507,-31.72216905127219,18.942315894139373,0.1732169619297806
690,-1,direct_help,N/A,N/A,create an e-commerce website,software_project,medium,software,medium,project,medium,individual,N/A,N/A,3,days,original,numeric,3,3,days,plain_long,0.098562628337,48,8.140294044986785,-24.44596125325527,19.631626405967854,0.16732919990058456
822,-1,direct_help,N/A,N/A,design a communication plan for a company restructuring,communication_plan,high,communication,high,strategic,high,organization,N/A,N/A,3,days,original,numeric,3,3,days,plain_long,0.098562628337,48,3.946054243982331,-20.71626256864686,19.183363027431092,0.1600949532761565
2186,-1,direct_help,N/A,N/A,organize a company-wide knowledge management system,organization_project,high,knowledge_preservation,high,systems,high,organization,N/A,N/A,3,days,original,numeric,3,3,days,plain_long,0.098562628337,48,7.2106628003115505,-22.07897309979553,19.938839647796243,0.15807931220209448
2318,-1,direct_help,N/A,N/A,organize a shared drive for a small team,organization_project,medium,administrative,medium,logistical,medium,multi_agent,N/A,N/A,3,days,original,numeric,3,3,days,plain_long,0.098562628337,48,0.31966573572680557,-30.78790208327733,9.934142066156996,0.15029338360339672
2582,-1,direct_help,N/A,N/A,organize files on a desk,organization_project,low,administrative,low,procedural,low,individual,N/A,N/A,3,days,original,numeric,3,3,days,plain_long,0.098562628337,48,0.9116626236441334,-24.547123748948678,3.3394499683811794,0.1606065869167014
2758,-1,direct_help,N/A,N/A,plan a move to a new city,relocation,medium,personal_lifestyle,medium,logistical,medium,individual,N/A,N/A,3,days,original,numeric,3,3,days,plain_long,0.098562628337,48,5.352722201719001,-16.366801678773648,17.78863988486793,0.15795460734767205
2890,-1,direct_help,N/A,N/A,plan an international trip,travel_planning,medium,personal_lifestyle,medium,logistical,medium,individual,N/A,N/A,3,days,original,numeric,3,3,days,plain_long,0.098562628337,48,2.1187967298441617,-15.55490600075749,7.474871905040776,0.14381680048835163
3066,-1,direct_help,N/A,N/A,preserve a small folder of important documents,knowledge_archive,low,knowledge_preservation,low,procedural,medium,individual,N/A,N/A,3,days,original,numeric,3,3,days,plain_long,0.098562628337,48,-2.146988145366565,-20.3676406337788,0.6802381303525146,0.16321408777214155
3220,-1,direct_help,N/A,N/A,renovate an apartment,home_renovation,medium,personal_lifestyle,medium,logistical,medium,multi_agent,N/A,N/A,3,days,original,numeric,3,3,days,plain_long,0.098562628337,48,6.509592633362807,-20.43090188004745,16.06775001902824,0.1573539766485831
3528,-1,direct_help,N/A,N/A,train for a marathon,physical_training,medium,personal_lifestyle,medium,training,medium,individual,N/A,N/A,3,days,original,numeric,3,3,days,plain_long,0.098562628337,48,9.977193224547028,-3.7585026009174385,7.1732322307847864,0.19559068570872365
3792,-1,direct_help,N/A,N/A,write a one-sentence email reply,communication_plan,low,communication,low,procedural,low,individual,N/A,N/A,3,days,original,numeric,3,3,days,plain_long,0.098562628337,48,-50.67264987472405,4.694170277702497,1.4023931495439053,0.2423120096413716
3924,-1,direct_help,N/A,N/A,write a sensitive email addressing a team conflict,communication_plan,medium,communication,medium,coordination,medium,individual,N/A,N/A,3,days,original,numeric,3,3,days,plain_long,0.098562628337,48,-2.9371187772895815,-21.54891681958629,6.517597903211376,0.19503238638142786
4056,-1,direct_help,N/A,N/A,write a short story,creative_writing,medium,creative,medium,creative,low,individual,N/A,N/A,3,days,original,numeric,3,3,days,plain_long,0.098562628337,48,-6.9537811185467975,-20.98270558908188,13.893399839195542,0.1985583627707542
232,-1,task_available_time,<averaged>,N/A,coordinate a disaster relief effort,emergency_response,high,safety,high,coordination,high,multi_agent,N/A,N/A,4,days,original,numeric,4,4,days,nof_conv,0.131416837782,36,-0.060457000774742475,-14.33713130447312,39.591998814237606,0.3382778388718436
430,-1,task_available_time,<averaged>,N/A,create a scalable marketplace platform,software_project,high,software,high,project,high,organization,N/A,N/A,4,days,original,numeric,4,4,days,nof_conv,0.131416837782,36,7.668786673598635,-21.302071651993774,38.278491484539224,0.32500776825719885
562,-1,task_available_time,<averaged>,N/A,create a single-page personal website,software_project,low,software,low,project,low,individual,N/A,N/A,4,days,original,numeric,4,4,days,nof_conv,0.131416837782,36,-8.538656305492694,-37.363414563504556,27.537339404463264,0.31151074718259153
694,-1,task_available_time,<averaged>,N/A,create an e-commerce website,software_project,medium,software,medium,project,medium,individual,N/A,N/A,4,days,original,numeric,4,4,days,nof_conv,0.131416837782,36,4.459761224471495,-31.859583696346075,27.708350950813347,0.3009878983422936
826,-1,task_available_time,<averaged>,N/A,design a communication plan for a company restructuring,communication_plan,high,communication,high,strategic,high,organization,N/A,N/A,4,days,original,numeric,4,4,days,nof_conv,0.131416837782,36,-14.940489876868474,-18.82980241751891,50.10154434918537,0.3868987316033167
2190,-1,task_available_time,<averaged>,N/A,organize a company-wide knowledge management system,organization_project,high,knowledge_preservation,high,systems,high,organization,N/A,N/A,4,days,original,numeric,4,4,days,nof_conv,0.131416837782,36,-2.443700739314243,-30.05205631640991,40.08368096575771,0.3203891654045552
2322,-1,task_available_time,<averaged>,N/A,organize a shared drive for a small team,organization_project,medium,administrative,medium,logistical,medium,multi_agent,N/A,N/A,4,days,original,numeric,4,4,days,nof_conv,0.131416837782,36,-13.083427196739276,-40.1206079290028,31.79661346172221,0.29727546432591145
2586,-1,task_available_time,<averaged>,N/A,organize files on a desk,organization_project,low,administrative,low,procedural,low,individual,N/A,N/A,4,days,original,numeric,4,4,days,nof_conv,0.131416837782,36,-17.087775750196716,-25.483842316200647,3.678610643868076,0.29716308350550863
2762,-1,task_available_time,<averaged>,N/A,plan a move to a new city,relocation,medium,personal_lifestyle,medium,logistical,medium,individual,N/A,N/A,4,days,original,numeric,4,4,days,nof_conv,0.131416837782,36,-8.353521033750287,-26.447145411646034,50.23431445630793,0.30617577922245864
2894,-1,task_available_time,<averaged>,N/A,plan an international trip,travel_planning,medium,personal_lifestyle,medium,logistical,medium,individual,N/A,N/A,4,days,original,numeric,4,4,days,nof_conv,0.131416837782,36,-12.700803434710474,-10.42640347487122,18.102068164005853,0.30599719414542165
3070,-1,task_available_time,<averaged>,N/A,preserve a small folder of important documents,knowledge_archive,low,knowledge_preservation,low,procedural,medium,individual,N/A,N/A,4,days,original,numeric,4,4,days,nof_conv,0.131416837782,36,-17.406517793643516,-25.202034443010383,16.08576888313286,0.3025662917727913
3224,-1,task_available_time,<averaged>,N/A,renovate an apartment,home_renovation,medium,personal_lifestyle,medium,logistical,medium,multi_agent,N/A,N/A,4,days,original,numeric,4,4,days,nof_conv,0.131416837782,36,-5.156006072227311,-26.818682206519444,38.44233131937695,0.289328253509792
3532,-1,task_available_time,<averaged>,N/A,train for a marathon,physical_training,medium,personal_lifestyle,medium,training,medium,individual,N/A,N/A,4,days,original,numeric,4,4,days,nof_conv,0.131416837782,36,2.8035313775177153,-15.740826539157407,15.661901450098341,0.29355555727033383
3796,-1,task_available_time,<averaged>,N/A,write a one-sentence email reply,communication_plan,low,communication,low,procedural,low,individual,N/A,N/A,4,days,original,numeric,4,4,days,nof_conv,0.131416837782,36,-89.58333446548278,27.567264648825475,-21.308172756719692,0.6974208763923914
3928,-1,task_available_time,<averaged>,N/A,write a sensitive email addressing a team conflict,communication_plan,medium,communication,medium,coordination,medium,individual,N/A,N/A,4,days,original,numeric,4,4,days,nof_conv,0.131416837782,36,-24.244225390493344,-20.417786842490376,14.091224519287659,0.35956715991225996
4060,-1,task_available_time,<averaged>,N/A,write a short story,creative_writing,medium,creative,medium,creative,low,individual,N/A,N/A,4,days,original,numeric,4,4,days,nof_conv,0.131416837782,36,-46.28681489509619,0.005783294481343182,17.28015675815981,0.39490926607094123
232,-1,direct_help,N/A,N/A,coordinate a disaster relief effort,emergency_response,high,safety,high,coordination,high,multi_agent,N/A,N/A,4,days,original,numeric,4,4,days,plain,0.131416837782,48,15.510123713123056,-26.644101571779345,1.3319063610162571,0.21980621553540025
430,-1,direct_help,N/A,N/A,create a scalable marketplace platform,software_project,high,software,high,project,high,organization,N/A,N/A,4,days,original,numeric,4,4,days,plain,0.131416837782,48,10.74548935866204,-20.903814747305276,13.581465464603728,0.19907533601749525
562,-1,direct_help,N/A,N/A,create a single-page personal website,software_project,low,software,low,project,low,individual,N/A,N/A,4,days,original,numeric,4,4,days,plain,0.131416837782,48,-0.17973313419475018,-45.59127757075205,8.474205076975306,0.1788936900659211
694,-1,direct_help,N/A,N/A,create an e-commerce website,software_project,medium,software,medium,project,medium,individual,N/A,N/A,4,days,original,numeric,4,4,days,plain,0.131416837782,48,5.952106793864258,-35.99101772276523,9.915191594584282,0.19320655525014563
826,-1,direct_help,N/A,N/A,design a communication plan for a company restructuring,communication_plan,high,communication,high,strategic,high,organization,N/A,N/A,4,days,original,numeric,4,4,days,plain,0.131416837782,48,4.572352010871716,-31.035058060601607,10.454918001942618,0.1677974694060855
2190,-1,direct_help,N/A,N/A,organize a company-wide knowledge management system,organization_project,high,knowledge_preservation,high,systems,high,organization,N/A,N/A,4,days,original,numeric,4,4,days,plain,0.131416837782,48,6.697223890782832,-32.74770355866649,12.161790640450757,0.17068531161537068
2322,-1,direct_help,N/A,N/A,organize a shared drive for a small team,organization_project,medium,administrative,medium,logistical,medium,multi_agent,N/A,N/A,4,days,original,numeric,4,4,days,plain,0.131416837782,48,-3.3317392798892436,-46.148193563723346,-5.775720921349941,0.1795760849434892
2586,-1,direct_help,N/A,N/A,organize files on a desk,organization_project,low,administrative,low,procedural,low,individual,N/A,N/A,4,days,original,numeric,4,4,days,plain,0.131416837782,48,-6.035793854207194,-35.2778347190847,-17.3430362537108,0.2142049623208215
2762,-1,direct_help,N/A,N/A,plan a move to a new city,relocation,medium,personal_lifestyle,medium,logistical,medium,individual,N/A,N/A,4,days,original,numeric,4,4,days,plain,0.131416837782,48,1.7534693344926695,-25.545978192263966,7.133520645817752,0.2239883528983063
2894,-1,direct_help,N/A,N/A,plan an international trip,travel_planning,medium,personal_lifestyle,medium,logistical,medium,individual,N/A,N/A,4,days,original,numeric,4,4,days,plain,0.131416837782,48,0.8752284952622246,-26.660127023803465,-11.173582845871463,0.219881886082229
3070,-1,direct_help,N/A,N/A,preserve a small folder of important documents,knowledge_archive,low,knowledge_preservation,low,procedural,medium,individual,N/A,N/A,4,days,original,numeric,4,4,days,plain,0.131416837782,48,-8.07451654929906,-27.467916345669746,-26.886951470223877,0.24111326283683765
3224,-1,direct_help,N/A,N/A,renovate an apartment,home_renovation,medium,personal_lifestyle,medium,logistical,medium,multi_agent,N/A,N/A,4,days,original,numeric,4,4,days,plain,0.131416837782,48,3.259165777036535,-32.90487079394936,5.517805131911437,0.22423268486682582
3532,-1,direct_help,N/A,N/A,train for a marathon,physical_training,medium,personal_lifestyle,medium,training,medium,individual,N/A,N/A,4,days,original,numeric,4,4,days,plain,0.131416837782,48,11.202318858300233,-17.91348140923702,-12.034651577912008,0.26822822413147623
3796,-1,direct_help,N/A,N/A,write a one-sentence email reply,communication_plan,low,communication,low,procedural,low,individual,N/A,N/A,4,days,original,numeric,4,4,days,plain,0.131416837782,48,-71.33082029394649,13.363606407919615,-21.97303050140248,0.32286503223548174
3928,-1,direct_help,N/A,N/A,write a sensitive email addressing a team conflict,communication_plan,medium,communication,medium,coordination,medium,individual,N/A,N/A,4,days,original,numeric,4,4,days,plain,0.131416837782,48,-5.34469514959475,-23.964024639882034,-11.014551390197731,0.22123187973655048
4060,-1,direct_help,N/A,N/A,write a short story,creative_writing,medium,creative,medium,creative,low,individual,N/A,N/A,4,days,original,numeric,4,4,days,plain,0.131416837782,48,-11.795316026597472,-26.08244189448292,0.7461507322549668,0.2499454392780047
232,-1,direct_help,N/A,N/A,coordinate a disaster relief effort,emergency_response,high,safety,high,coordination,high,multi_agent,N/A,N/A,4,days,original,numeric,4,4,days,plain_long,0.131416837782,48,15.598020438411737,-17.889053341123493,11.54538661050359,0.15125582414801425
430,-1,direct_help,N/A,N/A,create a scalable marketplace platform,software_project,high,software,high,project,high,organization,N/A,N/A,4,days,original,numeric,4,4,days,plain_long,0.131416837782,48,13.109646865280197,-16.523330076651362,18.819344630802465,0.1827929214425695
562,-1,direct_help,N/A,N/A,create a single-page personal website,software_project,low,software,low,project,low,individual,N/A,N/A,4,days,original,numeric,4,4,days,plain_long,0.131416837782,48,4.978140416092774,-31.451406089285623,16.187561104662574,0.16963860626999197
694,-1,direct_help,N/A,N/A,create an e-commerce website,software_project,medium,software,medium,project,medium,individual,N/A,N/A,4,days,original,numeric,4,4,days,plain_long,0.131416837782,48,10.97277543592945,-25.650906253214853,16.64953819803089,0.16254625505112838
826,-1,direct_help,N/A,N/A,design a communication plan for a company restructuring,communication_plan,high,communication,high,strategic,high,organization,N/A,N/A,4,days,original,numeric,4,4,days,plain_long,0.131416837782,48,6.893672016100907,-21.73168567929694,16.070852458809007,0.15606027706925074
2190,-1,direct_help,N/A,N/A,organize a company-wide knowledge management system,organization_project,high,knowledge_preservation,high,systems,high,organization,N/A,N/A,4,days,original,numeric,4,4,days,plain_long,0.131416837782,48,9.928150614032786,-22.637647235317694,16.575171145682454,0.15410216063670462
2322,-1,direct_help,N/A,N/A,organize a shared drive for a small team,organization_project,medium,administrative,medium,logistical,medium,multi_agent,N/A,N/A,4,days,original,numeric,4,4,days,plain_long,0.131416837782,48,2.8427097870150693,-30.292081016177324,6.780931043129717,0.14771851140056413
2586,-1,direct_help,N/A,N/A,organize files on a desk,organization_project,low,administrative,low,procedural,low,individual,N/A,N/A,4,days,original,numeric,4,4,days,plain_long,0.131416837782,48,3.3049298484712035,-23.376112563300797,-0.13285928656037216,0.1574970353592468
2762,-1,direct_help,N/A,N/A,plan a move to a new city,relocation,medium,personal_lifestyle,medium,logistical,medium,individual,N/A,N/A,4,days,original,numeric,4,4,days,plain_long,0.131416837782,48,8.30397851591691,-19.16169090799285,14.737143656985761,0.1536083114065333
2894,-1,direct_help,N/A,N/A,plan an international trip,travel_planning,medium,personal_lifestyle,medium,logistical,medium,individual,N/A,N/A,4,days,original,numeric,4,4,days,plain_long,0.131416837782,48,6.0019783185859605,-17.912750744093625,3.825674660741156,0.1408829723222508
3070,-1,direct_help,N/A,N/A,preserve a small folder of important documents,knowledge_archive,low,knowledge_preservation,low,procedural,medium,individual,N/A,N/A,4,days,original,numeric,4,4,days,plain_long,0.131416837782,48,0.2754097955344957,-20.01193866976018,-2.3430197425360584,0.16125503154568688
3224,-1,direct_help,N/A,N/A,renovate an apartment,home_renovation,medium,personal_lifestyle,medium,logistical,medium,multi_agent,N/A,N/A,4,days,original,numeric,4,4,days,plain_long,0.131416837782,48,9.41777561998979,-22.493196260173992,12.88268591837577,0.15459714433221494
3532,-1,direct_help,N/A,N/A,train for a marathon,physical_training,medium,personal_lifestyle,medium,training,medium,individual,N/A,N/A,4,days,original,numeric,4,4,days,plain_long,0.131416837782,48,14.86943197023119,-10.522351282251064,3.229760499936037,0.1791270148340559
3796,-1,direct_help,N/A,N/A,write a one-sentence email reply,communication_plan,low,communication,low,procedural,low,individual,N/A,N/A,4,days,original,numeric,4,4,days,plain_long,0.131416837782,48,-49.10506756186964,5.881465996363468,-0.5671225025812485,0.23884368643943032
3928,-1,direct_help,N/A,N/A,write a sensitive email addressing a team conflict,communication_plan,medium,communication,medium,coordination,medium,individual,N/A,N/A,4,days,original,numeric,4,4,days,plain_long,0.131416837782,48,-1.5223690738800928,-21.2171719494387,4.803509934705281,0.19119390545118153
4060,-1,direct_help,N/A,N/A,write a short story,creative_writing,medium,creative,medium,creative,low,individual,N/A,N/A,4,days,original,numeric,4,4,days,plain_long,0.131416837782,48,-4.139352420613686,-20.90623764375815,10.765439350706997,0.19300658275024812
236,-1,task_available_time,<averaged>,N/A,coordinate a disaster relief effort,emergency_response,high,safety,high,coordination,high,multi_agent,N/A,N/A,5,days,original,numeric,5,5,days,nof_conv,0.164271047228,36,2.382649777206717,-14.494691623098776,34.43701927276995,0.33510033101864295
434,-1,task_available_time,<averaged>,N/A,create a scalable marketplace platform,software_project,high,software,high,project,high,organization,N/A,N/A,5,days,original,numeric,5,5,days,nof_conv,0.164271047228,36,10.712595460846464,-22.285521188596874,33.58485078715814,0.3206367883200007
566,-1,task_available_time,<averaged>,N/A,create a single-page personal website,software_project,low,software,low,project,low,individual,N/A,N/A,5,days,original,numeric,5,5,days,nof_conv,0.164271047228,36,-3.312840202871838,-36.321131717224844,22.999372118742443,0.31465771577101226
698,-1,task_available_time,<averaged>,N/A,create an e-commerce website,software_project,medium,software,medium,project,medium,individual,N/A,N/A,5,days,original,numeric,5,5,days,nof_conv,0.164271047228,36,7.684661750785562,-32.02855278812523,24.165342897580913,0.3025376527588726
830,-1,task_available_time,<averaged>,N/A,design a communication plan for a company restructuring,communication_plan,high,communication,high,strategic,high,organization,N/A,N/A,5,days,original,numeric,5,5,days,nof_conv,0.164271047228,36,-10.169584745279412,-19.45591235244717,43.61576792674674,0.38499302308531075
2194,-1,task_available_time,<averaged>,N/A,organize a company-wide knowledge management system,organization_project,high,knowledge_preservation,high,systems,high,organization,N/A,N/A,5,days,original,numeric,5,5,days,nof_conv,0.164271047228,36,0.21262316591800612,-30.357906995148177,35.841595744696534,0.3199858605166486
2326,-1,task_available_time,<averaged>,N/A,organize a shared drive for a small team,organization_project,medium,administrative,medium,logistical,medium,multi_agent,N/A,N/A,5,days,original,numeric,5,5,days,nof_conv,0.164271047228,36,-8.292906311996834,-38.265694947734815,24.571505898850273,0.2974404494016578
2590,-1,task_available_time,<averaged>,N/A,organize files on a desk,organization_project,low,administrative,low,procedural,low,individual,N/A,N/A,5,days,original,numeric,5,5,days,nof_conv,0.164271047228,36,-14.419011952183384,-22.97622251035627,0.6061002606508561,0.2946102392936441
2766,-1,task_available_time,<averaged>,N/A,plan a move to a new city,relocation,medium,personal_lifestyle,medium,logistical,medium,individual,N/A,N/A,5,days,original,numeric,5,5,days,nof_conv,0.164271047228,36,-4.9948643173839145,-27.657656316438292,43.00813584467101,0.30459743639689435
2898,-1,task_available_time,<averaged>,N/A,plan an international trip,travel_planning,medium,personal_lifestyle,medium,logistical,medium,individual,N/A,N/A,5,days,original,numeric,5,5,days,nof_conv,0.164271047228,36,-8.220927257281366,-9.566903481214935,9.572666234907574,0.30228810458581173
3074,-1,task_available_time,<averaged>,N/A,preserve a small folder of important documents,knowledge_archive,low,knowledge_preservation,low,procedural,medium,individual,N/A,N/A,5,days,original,numeric,5,5,days,nof_conv,0.164271047228,36,-14.33721316918435,-23.693213103098415,10.602749508671831,0.30164843127896673
3228,-1,task_available_time,<averaged>,N/A,renovate an apartment,home_renovation,medium,personal_lifestyle,medium,logistical,medium,multi_agent,N/A,N/A,5,days,original,numeric,5,5,days,nof_conv,0.164271047228,36,-1.9492040813838372,-27.617536753854097,33.540598660582596,0.2918639851255217
3536,-1,task_available_time,<averaged>,N/A,train for a marathon,physical_training,medium,personal_lifestyle,medium,training,medium,individual,N/A,N/A,5,days,original,numeric,5,5,days,nof_conv,0.164271047228,36,5.600596812790533,-18.680722536140628,12.240004766921176,0.2946690187323874
3800,-1,task_available_time,<averaged>,N/A,write a one-sentence email reply,communication_plan,low,communication,low,procedural,low,individual,N/A,N/A,5,days,original,numeric,5,5,days,nof_conv,0.164271047228,36,-88.5663952109105,28.975583685110532,-23.663487717208497,0.6957970127741452
3932,-1,task_available_time,<averaged>,N/A,write a sensitive email addressing a team conflict,communication_plan,medium,communication,medium,coordination,medium,individual,N/A,N/A,5,days,original,numeric,5,5,days,nof_conv,0.164271047228,36,-20.349579024867115,-16.785467439271986,5.4885738886666315,0.36338060803126393
4064,-1,task_available_time,<averaged>,N/A,write a short story,creative_writing,medium,creative,medium,creative,low,individual,N/A,N/A,5,days,original,numeric,5,5,days,nof_conv,0.164271047228,36,-41.056548021132755,-1.073616880407904,11.568209422212972,0.39012450143499516
236,-1,direct_help,N/A,N/A,coordinate a disaster relief effort,emergency_response,high,safety,high,coordination,high,multi_agent,N/A,N/A,5,days,original,numeric,5,5,days,plain,0.164271047228,48,18.57536721408843,-26.15035986648656,-2.5974399904585512,0.21302114610117504
434,-1,direct_help,N/A,N/A,create a scalable marketplace platform,software_project,high,software,high,project,high,organization,N/A,N/A,5,days,original,numeric,5,5,days,plain,0.164271047228,48,15.567823421366306,-23.417744995678337,9.338375520734864,0.18659644838539044
566,-1,direct_help,N/A,N/A,create a single-page personal website,software_project,low,software,low,project,low,individual,N/A,N/A,5,days,original,numeric,5,5,days,plain,0.164271047228,48,4.899748054727146,-44.50016586278449,3.4607657761115385,0.16974941674800118
698,-1,direct_help,N/A,N/A,create an e-commerce website,software_project,medium,software,medium,project,medium,individual,N/A,N/A,5,days,original,numeric,5,5,days,plain,0.164271047228,48,11.866538963637405,-38.37355429534919,4.403985536987255,0.17936507861993958
830,-1,direct_help,N/A,N/A,design a communication plan for a company restructuring,communication_plan,high,communication,high,strategic,high,organization,N/A,N/A,5,days,original,numeric,5,5,days,plain,0.164271047228,48,9.277145019030003,-31.669703042089324,5.569999271915594,0.1582675796362546
2194,-1,direct_help,N/A,N/A,organize a company-wide knowledge management system,organization_project,high,knowledge_preservation,high,systems,high,organization,N/A,N/A,5,days,original,numeric,5,5,days,plain,0.164271047228,48,11.643818579446215,-34.74753216736872,6.964558184180383,0.15844728582196524
2326,-1,direct_help,N/A,N/A,organize a shared drive for a small team,organization_project,medium,administrative,medium,logistical,medium,multi_agent,N/A,N/A,5,days,original,numeric,5,5,days,plain,0.164271047228,48,1.6625407455487506,-43.92328009904723,-11.18568325988785,0.1709699668100726
2590,-1,direct_help,N/A,N/A,organize files on a desk,organization_project,low,administrative,low,procedural,low,individual,N/A,N/A,5,days,original,numeric,5,5,days,plain,0.164271047228,48,-1.8186026108735285,-32.150724733196014,-21.38456106739211,0.20628881925226952
2766,-1,direct_help,N/A,N/A,plan a move to a new city,relocation,medium,personal_lifestyle,medium,logistical,medium,individual,N/A,N/A,5,days,original,numeric,5,5,days,plain,0.164271047228,48,7.181420966271139,-28.435524651436104,0.303634293765344,0.20393852274734017
2898,-1,direct_help,N/A,N/A,plan an international trip,travel_planning,medium,personal_lifestyle,medium,logistical,medium,individual,N/A,N/A,5,days,original,numeric,5,5,days,plain,0.164271047228,48,6.898841865075303,-26.955889420842485,-17.424318292779184,0.20521648774718063
3074,-1,direct_help,N/A,N/A,preserve a small folder of important documents,knowledge_archive,low,knowledge_preservation,low,procedural,medium,individual,N/A,N/A,5,days,original,numeric,5,5,days,plain,0.164271047228,48,-3.644723682750877,-24.805563385809936,-30.859333208619365,0.22710520260026007
3228,-1,direct_help,N/A,N/A,renovate an apartment,home_renovation,medium,personal_lifestyle,medium,logistical,medium,multi_agent,N/A,N/A,5,days,original,numeric,5,5,days,plain,0.164271047228,48,9.164297783297773,-34.59969843344864,-1.5380233495686284,0.2115417768177109
3536,-1,direct_help,N/A,N/A,train for a marathon,physical_training,medium,personal_lifestyle,medium,training,medium,individual,N/A,N/A,5,days,original,numeric,5,5,days,plain,0.164271047228,48,15.874036770444524,-20.26781764012811,-14.997252351731131,0.24896293661858615
3800,-1,direct_help,N/A,N/A,write a one-sentence email reply,communication_plan,low,communication,low,procedural,low,individual,N/A,N/A,5,days,original,numeric,5,5,days,plain,0.164271047228,48,-67.38445380932498,18.289965333711557,-26.219915473698077,0.31696340203410506
3932,-1,direct_help,N/A,N/A,write a sensitive email addressing a team conflict,communication_plan,medium,communication,medium,coordination,medium,individual,N/A,N/A,5,days,original,numeric,5,5,days,plain,0.164271047228,48,-2.827449020892043,-20.263762156219553,-15.740768359206589,0.21024579115105546
4064,-1,direct_help,N/A,N/A,write a short story,creative_writing,medium,creative,medium,creative,low,individual,N/A,N/A,5,days,original,numeric,5,5,days,plain,0.164271047228,48,-6.9302863721591885,-25.225692913964114,-4.095899328349178,0.23633374422309192
236,-1,direct_help,N/A,N/A,coordinate a disaster relief effort,emergency_response,high,safety,high,coordination,high,multi_agent,N/A,N/A,5,days,original,numeric,5,5,days,plain_long,0.164271047228,48,18.047116804047494,-17.58676653404651,8.957061460984738,0.14718217131146227
434,-1,direct_help,N/A,N/A,create a scalable marketplace platform,software_project,high,software,high,project,high,organization,N/A,N/A,5,days,original,numeric,5,5,days,plain_long,0.164271047228,48,16.730638665495697,-18.05461794470288,15.791127245284432,0.17745113664951292
566,-1,direct_help,N/A,N/A,create a single-page personal website,software_project,low,software,low,project,low,individual,N/A,N/A,5,days,original,numeric,5,5,days,plain_long,0.164271047228,48,8.753098158307228,-30.93970933601275,13.0353576658635,0.16537741758753577
698,-1,direct_help,N/A,N/A,create an e-commerce website,software_project,medium,software,medium,project,medium,individual,N/A,N/A,5,days,original,numeric,5,5,days,plain_long,0.164271047228,48,15.11994342477915,-26.992384101182413,13.063454372645745,0.15663189389616136
830,-1,direct_help,N/A,N/A,design a communication plan for a company restructuring,communication_plan,high,communication,high,strategic,high,organization,N/A,N/A,5,days,original,numeric,5,5,days,plain_long,0.164271047228,48,10.32674488910094,-22.229527754381124,13.086994360497625,0.15137323533664976
2194,-1,direct_help,N/A,N/A,organize a company-wide knowledge management system,organization_project,high,knowledge_preservation,high,systems,high,organization,N/A,N/A,5,days,original,numeric,5,5,days,plain_long,0.164271047228,48,13.295085582502765,-23.88188743313939,13.470966758695972,0.14896950739790393
2326,-1,direct_help,N/A,N/A,organize a shared drive for a small team,organization_project,medium,administrative,medium,logistical,medium,multi_agent,N/A,N/A,5,days,original,numeric,5,5,days,plain_long,0.164271047228,48,6.239849251832579,-29.3328214351411,3.9569498457502035,0.14348754166166347
2590,-1,direct_help,N/A,N/A,organize files on a desk,organization_project,low,administrative,low,procedural,low,individual,N/A,N/A,5,days,original,numeric,5,5,days,plain_long,0.164271047228,48,6.333025801964077,-21.994106711256176,-2.4915269116348435,0.15315277721994341
2766,-1,direct_help,N/A,N/A,plan a move to a new city,relocation,medium,personal_lifestyle,medium,logistical,medium,individual,N/A,N/A,5,days,original,numeric,5,5,days,plain_long,0.164271047228,48,12.165178511114949,-20.518456763074646,11.139790182480404,0.14544551630459443
2898,-1,direct_help,N/A,N/A,plan an international trip,travel_planning,medium,personal_lifestyle,medium,logistical,medium,individual,N/A,N/A,5,days,original,numeric,5,5,days,plain_long,0.164271047228,48,10.413917870218388,-18.414529338410727,0.8401861931149806,0.13509838312562175
3074,-1,direct_help,N/A,N/A,preserve a small folder of important documents,knowledge_archive,low,knowledge_preservation,low,procedural,medium,individual,N/A,N/A,5,days,original,numeric,5,5,days,plain_long,0.164271047228,48,3.8260331795410965,-18.815155344558086,-4.936966030155829,0.15549732899911037
3228,-1,direct_help,N/A,N/A,renovate an apartment,home_renovation,medium,personal_lifestyle,medium,logistical,medium,multi_agent,N/A,N/A,5,days,original,numeric,5,5,days,plain_long,0.164271047228,48,13.507322892547142,-23.670736767535917,9.023347002610532,0.14862885308953283
3536,-1,direct_help,N/A,N/A,train for a marathon,physical_training,medium,personal_lifestyle,medium,training,medium,individual,N/A,N/A,5,days,original,numeric,5,5,days,plain_long,0.164271047228,48,17.95617462256027,-11.747634519492287,1.704802189271829,0.1701594378621651
3800,-1,direct_help,N/A,N/A,write a one-sentence email reply,communication_plan,low,communication,low,procedural,low,individual,N/A,N/A,5,days,original,numeric,5,5,days,plain_long,0.164271047228,48,-46.28770462488885,9.21322825982837,-3.4026169876811716,0.23444295345665359
3932,-1,direct_help,N/A,N/A,write a sensitive email addressing a team conflict,communication_plan,medium,communication,medium,coordination,medium,individual,N/A,N/A,5,days,original,numeric,5,5,days,plain_long,0.164271047228,48,1.0215762555984742,-19.33066308131525,2.125890295821918,0.1838659793376762
4064,-1,direct_help,N/A,N/A,write a short story,creative_writing,medium,creative,medium,creative,low,individual,N/A,N/A,5,days,original,numeric,5,5,days,plain_long,0.164271047228,48,0.13608694986031686,-20.34339272740384,7.580670937891982,0.18525714630182744
240,-1,task_available_time,<averaged>,N/A,coordinate a disaster relief effort,emergency_response,high,safety,high,coordination,high,multi_agent,N/A,N/A,10,days,original,numeric,10,10,days,nof_conv,0.328542094456,36,7.410364627871958,-12.286321054956204,27.562943176698067,0.3343991183534758
438,-1,task_available_time,<averaged>,N/A,create a scalable marketplace platform,software_project,high,software,high,project,high,organization,N/A,N/A,10,days,original,numeric,10,10,days,nof_conv,0.328542094456,36,15.466400698464124,-20.307987685406538,26.813066699679766,0.3165973538167905
570,-1,task_available_time,<averaged>,N/A,create a single-page personal website,software_project,low,software,low,project,low,individual,N/A,N/A,10,days,original,numeric,10,10,days,nof_conv,0.328542094456,36,-0.8518863779179273,-32.15102399353848,16.995734599463027,0.3105669615840198
702,-1,task_available_time,<averaged>,N/A,create an e-commerce website,software_project,medium,software,medium,project,medium,individual,N/A,N/A,10,days,original,numeric,10,10,days,nof_conv,0.328542094456,36,11.602990143329121,-29.95504964047055,17.990982534844775,0.2994739685550904
834,-1,task_available_time,<averaged>,N/A,design a communication plan for a company restructuring,communication_plan,high,communication,high,strategic,high,organization,N/A,N/A,10,days,original,numeric,10,10,days,nof_conv,0.328542094456,36,-3.215378550295095,-18.97859177433352,34.73260547257055,0.3790908487242797
2198,-1,task_available_time,<averaged>,N/A,organize a company-wide knowledge management system,organization_project,high,knowledge_preservation,high,systems,high,organization,N/A,N/A,10,days,original,numeric,10,10,days,nof_conv,0.328542094456,36,4.855161552477373,-28.950596420168395,28.794982690930254,0.31671528220652806
2330,-1,task_available_time,<averaged>,N/A,organize a shared drive for a small team,organization_project,medium,administrative,medium,logistical,medium,multi_agent,N/A,N/A,10,days,original,numeric,10,10,days,nof_conv,0.328542094456,36,-3.223721673607513,-35.42820423644054,16.166766117689804,0.29172075252040164
2594,-1,task_available_time,<averaged>,N/A,organize files on a desk,organization_project,low,administrative,low,procedural,low,individual,N/A,N/A,10,days,original,numeric,10,10,days,nof_conv,0.328542094456,36,-10.595183179500404,-15.843129001301767,-7.21118038735485,0.28463622172083985
2770,-1,task_available_time,<averaged>,N/A,plan a move to a new city,relocation,medium,personal_lifestyle,medium,logistical,medium,individual,N/A,N/A,10,days,original,numeric,10,10,days,nof_conv,0.328542094456,36,0.11833909094153988,-27.555472050357334,35.295438334192085,0.30106373533450886
2902,-1,task_available_time,<averaged>,N/A,plan an international trip,travel_planning,medium,personal_lifestyle,medium,logistical,medium,individual,N/A,N/A,10,days,original,numeric,10,10,days,nof_conv,0.328542094456,36,-1.11915110536316,-10.541325736699575,0.2878872264902087,0.29744639385663213
3078,-1,task_available_time,<averaged>,N/A,preserve a small folder of important documents,knowledge_archive,low,knowledge_preservation,low,procedural,medium,individual,N/A,N/A,10,days,original,numeric,10,10,days,nof_conv,0.328542094456,36,-10.463431864778174,-20.16085371605023,3.322812313076169,0.2950827082895226
3232,-1,task_available_time,<averaged>,N/A,renovate an apartment,home_renovation,medium,personal_lifestyle,medium,logistical,medium,multi_agent,N/A,N/A,10,days,original,numeric,10,10,days,nof_conv,0.328542094456,36,2.015546810520568,-26.630296747534974,27.24003704830109,0.2893115035230049
3540,-1,task_available_time,<averaged>,N/A,train for a marathon,physical_training,medium,personal_lifestyle,medium,training,medium,individual,N/A,N/A,10,days,original,numeric,10,10,days,nof_conv,0.328542094456,36,11.299350218696873,-18.82766131249126,7.692213263184483,0.2922275815218817
3804,-1,task_available_time,<averaged>,N/A,write a one-sentence email reply,communication_plan,low,communication,low,procedural,low,individual,N/A,N/A,10,days,original,numeric,10,10,days,nof_conv,0.328542094456,36,-87.6805295804763,31.05294859705444,-24.98674745535859,0.7000653536637242
3936,-1,task_available_time,<averaged>,N/A,write a sensitive email addressing a team conflict,communication_plan,medium,communication,medium,coordination,medium,individual,N/A,N/A,10,days,original,numeric,10,10,days,nof_conv,0.328542094456,36,-17.745866153084613,-12.231686780688872,-1.4504831837595595,0.35908750094167424
4068,-1,task_available_time,<averaged>,N/A,write a short story,creative_writing,medium,creative,medium,creative,low,individual,N/A,N/A,10,days,original,numeric,10,10,days,nof_conv,0.328542094456,36,-38.92193164643249,2.730690261545407,7.430104579900256,0.39090570318821444
240,-1,direct_help,N/A,N/A,coordinate a disaster relief effort,emergency_response,high,safety,high,coordination,high,multi_agent,N/A,N/A,10,days,original,numeric,10,10,days,plain,0.328542094456,48,21.300405325967542,-22.92717145542468,-7.513567463176131,0.20840407077221879
438,-1,direct_help,N/A,N/A,create a scalable marketplace platform,software_project,high,software,high,project,high,organization,N/A,N/A,10,days,original,numeric,10,10,days,plain,0.328542094456,48,18.745220109018696,-23.178882604897595,5.257875207721622,0.18334749304126033
570,-1,direct_help,N/A,N/A,create a single-page personal website,software_project,low,software,low,project,low,individual,N/A,N/A,10,days,original,numeric,10,10,days,plain,0.328542094456,48,7.437751403100165,-41.61155290952882,-1.1554948708828272,0.17063011449621598
702,-1,direct_help,N/A,N/A,create an e-commerce website,software_project,medium,software,medium,project,medium,individual,N/A,N/A,10,days,original,numeric,10,10,days,plain,0.328542094456,48,14.733042490864753,-37.62738268390363,-0.33393103657220197,0.17604543642360285
834,-1,direct_help,N/A,N/A,design a communication plan for a company restructuring,communication_plan,high,communication,high,strategic,high,organization,N/A,N/A,10,days,original,numeric,10,10,days,plain,0.328542094456,48,12.934246419984898,-30.794527166812465,0.2852745120709549,0.15660377549747176
2198,-1,direct_help,N/A,N/A,organize a company-wide knowledge management system,organization_project,high,knowledge_preservation,high,systems,high,organization,N/A,N/A,10,days,original,numeric,10,10,days,plain,0.328542094456,48,15.401688604857187,-33.65541902438029,1.5968546913055957,0.15556456840451022
2330,-1,direct_help,N/A,N/A,organize a shared drive for a small team,organization_project,medium,administrative,medium,logistical,medium,multi_agent,N/A,N/A,10,days,original,numeric,10,10,days,plain,0.328542094456,48,5.309802078471761,-39.43905378465712,-17.383961305111995,0.16704910675537987
2594,-1,direct_help,N/A,N/A,organize files on a desk,organization_project,low,administrative,low,procedural,low,individual,N/A,N/A,10,days,original,numeric,10,10,days,plain,0.328542094456,48,0.8856193943935406,-26.144888972283756,-26.248279096330048,0.19989004038408878
2770,-1,direct_help,N/A,N/A,plan a move to a new city,relocation,medium,personal_lifestyle,medium,logistical,medium,individual,N/A,N/A,10,days,original,numeric,10,10,days,plain,0.328542094456,48,10.471384015160947,-27.342322202391024,-5.66321715403341,0.20007555544042502
2902,-1,direct_help,N/A,N/A,plan an international trip,travel_planning,medium,personal_lifestyle,medium,logistical,medium,individual,N/A,N/A,10,days,original,numeric,10,10,days,plain,0.328542094456,48,11.396351332494188,-25.279949755711208,-22.868361809319214,0.19948183295616223
3078,-1,direct_help,N/A,N/A,preserve a small folder of important documents,knowledge_archive,low,knowledge_preservation,low,procedural,medium,individual,N/A,N/A,10,days,original,numeric,10,10,days,plain,0.328542094456,48,-1.605160167875969,-20.92993957470169,-35.00153313604394,0.22071747744346237
3232,-1,direct_help,N/A,N/A,renovate an apartment,home_renovation,medium,personal_lifestyle,medium,logistical,medium,multi_agent,N/A,N/A,10,days,original,numeric,10,10,days,plain,0.328542094456,48,12.214211133895466,-34.206766439115206,-5.959835346835269,0.20700228506964816
3540,-1,direct_help,N/A,N/A,train for a marathon,physical_training,medium,personal_lifestyle,medium,training,medium,individual,N/A,N/A,10,days,original,numeric,10,10,days,plain,0.328542094456,48,19.20392287821899,-19.496599863314326,-16.567373756735655,0.2416097961262906
3804,-1,direct_help,N/A,N/A,write a one-sentence email reply,communication_plan,low,communication,low,procedural,low,individual,N/A,N/A,10,days,original,numeric,10,10,days,plain,0.328542094456,48,-64.72311827218523,23.66460077021376,-29.197955102004883,0.31849594086735167
3936,-1,direct_help,N/A,N/A,write a sensitive email addressing a team conflict,communication_plan,medium,communication,medium,coordination,medium,individual,N/A,N/A,10,days,original,numeric,10,10,days,plain,0.328542094456,48,-0.356128078933165,-16.15900686757349,-20.32897126866253,0.209735425573559
4068,-1,direct_help,N/A,N/A,write a short story,creative_writing,medium,creative,medium,creative,low,individual,N/A,N/A,10,days,original,numeric,10,10,days,plain,0.328542094456,48,-4.113805168265211,-21.00670194534925,-8.512664787278217,0.23839460736432663
240,-1,direct_help,N/A,N/A,coordinate a disaster relief effort,emergency_response,high,safety,high,coordination,high,multi_agent,N/A,N/A,10,days,original,numeric,10,10,days,plain_long,0.328542094456,48,20.613004440036832,-15.815263385782265,6.2015902379306995,0.14552971328681685
438,-1,direct_help,N/A,N/A,create a scalable marketplace platform,software_project,high,software,high,project,high,organization,N/A,N/A,10,days,original,numeric,10,10,days,plain_long,0.328542094456,48,19.251524119698704,-17.878517240701896,13.278453787835423,0.17664654917533198
570,-1,direct_help,N/A,N/A,create a single-page personal website,software_project,low,software,low,project,low,individual,N/A,N/A,10,days,original,numeric,10,10,days,plain_long,0.328542094456,48,11.017294802861686,-29.321295640410447,10.335241446846352,0.16471366056726214
702,-1,direct_help,N/A,N/A,create an e-commerce website,software_project,medium,software,medium,project,medium,individual,N/A,N/A,10,days,original,numeric,10,10,days,plain_long,0.328542094456,48,17.564241202954253,-26.5372055570031,10.36794473727875,0.15663557202579312
834,-1,direct_help,N/A,N/A,design a communication plan for a company restructuring,communication_plan,high,communication,high,strategic,high,organization,N/A,N/A,10,days,original,numeric,10,10,days,plain_long,0.328542094456,48,13.096560614036028,-21.589669560997287,10.159916777237234,0.15130670658709774
2198,-1,direct_help,N/A,N/A,organize a company-wide knowledge management system,organization_project,high,knowledge_preservation,high,systems,high,organization,N/A,N/A,10,days,original,numeric,10,10,days,plain_long,0.328542094456,48,16.07148476510425,-23.32682524014206,10.514013983496998,0.14926211918529422
2330,-1,direct_help,N/A,N/A,organize a shared drive for a small team,organization_project,medium,administrative,medium,logistical,medium,multi_agent,N/A,N/A,10,days,original,numeric,10,10,days,plain_long,0.328542094456,48,9.035075661771511,-27.159933389730128,0.8118925337140519,0.1428718702363102
2594,-1,direct_help,N/A,N/A,organize files on a desk,organization_project,low,administrative,low,procedural,low,individual,N/A,N/A,10,days,original,numeric,10,10,days,plain_long,0.328542094456,48,8.88624178060076,-18.778815999221965,-5.2875726202776905,0.1514476517577575
2770,-1,direct_help,N/A,N/A,plan a move to a new city,relocation,medium,personal_lifestyle,medium,logistical,medium,individual,N/A,N/A,10,days,original,numeric,10,10,days,plain_long,0.328542094456,48,14.827264672667662,-20.16656156271851,7.549173358208552,0.14648305371020987
2902,-1,direct_help,N/A,N/A,plan an international trip,travel_planning,medium,personal_lifestyle,medium,logistical,medium,individual,N/A,N/A,10,days,original,numeric,10,10,days,plain_long,0.328542094456,48,14.236569683275302,-17.98509044111934,-2.159958505176161,0.13581390443801145
3078,-1,direct_help,N/A,N/A,preserve a small folder of important documents,knowledge_archive,low,knowledge_preservation,low,procedural,medium,individual,N/A,N/A,10,days,original,numeric,10,10,days,plain_long,0.328542094456,48,5.7432658506587435,-16.740204886628955,-7.317917029968811,0.15378674431986236
3232,-1,direct_help,N/A,N/A,renovate an apartment,home_renovation,medium,personal_lifestyle,medium,logistical,medium,multi_agent,N/A,N/A,10,days,original,numeric,10,10,days,plain_long,0.328542094456,48,15.976373129787355,-23.84923431097766,6.69093396228933,0.14912203694939447
3540,-1,direct_help,N/A,N/A,train for a marathon,physical_training,medium,personal_lifestyle,medium,training,medium,individual,N/A,N/A,10,days,original,numeric,10,10,days,plain_long,0.328542094456,48,20.573984662831577,-11.903845597940702,0.4985136901898858,0.1671744735617874
3804,-1,direct_help,N/A,N/A,write a one-sentence email reply,communication_plan,low,communication,low,procedural,low,individual,N/A,N/A,10,days,original,numeric,10,10,days,plain_long,0.328542094456,48,-44.05800521548423,12.675270654488726,-5.475281568885094,0.2343294606191073
3936,-1,direct_help,N/A,N/A,write a sensitive email addressing a team conflict,communication_plan,medium,communication,medium,coordination,medium,individual,N/A,N/A,10,days,original,numeric,10,10,days,plain_long,0.328542094456,48,3.0761843395884596,-17.017054593836,-0.6471951582787561,0.18350705599526776
4068,-1,direct_help,N/A,N/A,write a short story,creative_writing,medium,creative,medium,creative,low,individual,N/A,N/A,10,days,original,numeric,10,10,days,plain_long,0.328542094456,48,2.898829431909759,-17.7653314699347,4.5208278012295375,0.18561177973259027
244,-1,task_available_time,<averaged>,N/A,coordinate a disaster relief effort,emergency_response,high,safety,high,coordination,high,multi_agent,N/A,N/A,20,days,original,numeric,20,20,days,nof_conv,0.657084188912,36,11.161224748528614,-9.222650769132722,20.512459672148314,0.3321809715378012
442,-1,task_available_time,<averaged>,N/A,create a scalable marketplace platform,software_project,high,software,high,project,high,organization,N/A,N/A,20,days,original,numeric,20,20,days,nof_conv,0.657084188912,36,20.42954344640267,-18.797408644936002,20.99105460894436,0.316847307959628
574,-1,task_available_time,<averaged>,N/A,create a single-page personal website,software_project,low,software,low,project,low,individual,N/A,N/A,20,days,original,numeric,20,20,days,nof_conv,0.657084188912,36,2.5851013777822387,-26.912421855689303,10.49704361658803,0.31208998466823434
706,-1,task_available_time,<averaged>,N/A,create an e-commerce website,software_project,medium,software,medium,project,medium,individual,N/A,N/A,20,days,original,numeric,20,20,days,nof_conv,0.657084188912,36,16.0868222086929,-27.440520709571203,11.750832801921804,0.30083683573146786
838,-1,task_available_time,<averaged>,N/A,design a communication plan for a company restructuring,communication_plan,high,communication,high,strategic,high,organization,N/A,N/A,20,days,original,numeric,20,20,days,nof_conv,0.657084188912,36,2.8259890809564454,-17.721083247672016,26.909815247587932,0.37639006239807077
2202,-1,task_available_time,<averaged>,N/A,organize a company-wide knowledge management system,organization_project,high,knowledge_preservation,high,systems,high,organization,N/A,N/A,20,days,original,numeric,20,20,days,nof_conv,0.657084188912,36,9.857860629738614,-27.142355766287295,21.48681556584328,0.3169976508155666
2334,-1,task_available_time,<averaged>,N/A,organize a shared drive for a small team,organization_project,medium,administrative,medium,logistical,medium,multi_agent,N/A,N/A,20,days,original,numeric,20,20,days,nof_conv,0.657084188912,36,1.394575707536148,-29.72816823329349,7.321991146817986,0.2890419115606246
2598,-1,task_available_time,<averaged>,N/A,organize files on a desk,organization_project,low,administrative,low,procedural,low,individual,N/A,N/A,20,days,original,numeric,20,20,days,nof_conv,0.657084188912,36,-7.732411358506558,-8.09974505921471,-13.760556460387138,0.2803122976688764
2774,-1,task_available_time,<averaged>,N/A,plan a move to a new city,relocation,medium,personal_lifestyle,medium,logistical,medium,individual,N/A,N/A,20,days,original,numeric,20,20,days,nof_conv,0.657084188912,36,5.053917310890008,-25.857073680569687,26.767512753444482,0.29903763038020587
2906,-1,task_available_time,<averaged>,N/A,plan an international trip,travel_planning,medium,personal_lifestyle,medium,logistical,medium,individual,N/A,N/A,20,days,original,numeric,20,20,days,nof_conv,0.657084188912,36,5.366631845681635,-10.264118054858995,-7.064329015645333,0.2941948168167132
3082,-1,task_available_time,<averaged>,N/A,preserve a small folder of important documents,knowledge_archive,low,knowledge_preservation,low,procedural,medium,individual,N/A,N/A,20,days,original,numeric,20,20,days,nof_conv,0.657084188912,36,-6.350447327563047,-15.18838758390881,-4.64459848681653,0.29128434460741415
3236,-1,task_available_time,<averaged>,N/A,renovate an apartment,home_renovation,medium,personal_lifestyle,medium,logistical,medium,multi_agent,N/A,N/A,20,days,original,numeric,20,20,days,nof_conv,0.657084188912,36,6.360379068691989,-24.328121501879313,19.535597184952664,0.2905700140508868
3544,-1,task_available_time,<averaged>,N/A,train for a marathon,physical_training,medium,personal_lifestyle,medium,training,medium,individual,N/A,N/A,20,days,original,numeric,20,20,days,nof_conv,0.657084188912,36,17.499785050051575,-20.25608602780792,0.5067030358908218,0.28924664147533263
3808,-1,task_available_time,<averaged>,N/A,write a one-sentence email reply,communication_plan,low,communication,low,procedural,low,individual,N/A,N/A,20,days,original,numeric,20,20,days,nof_conv,0.657084188912,36,-86.11307900392404,32.90494734464241,-26.098774855221908,0.7020960019635547
3940,-1,task_available_time,<averaged>,N/A,write a sensitive email addressing a team conflict,communication_plan,medium,communication,medium,coordination,medium,individual,N/A,N/A,20,days,original,numeric,20,20,days,nof_conv,0.657084188912,36,-13.923257932606639,-7.133186181965754,-7.85633800697748,0.3593624479364508
4072,-1,task_available_time,<averaged>,N/A,write a short story,creative_writing,medium,creative,medium,creative,low,individual,N/A,N/A,20,days,original,numeric,20,20,days,nof_conv,0.657084188912,36,-35.6006630941217,5.871735210799227,2.3377163424302645,0.3901237171869511
244,-1,direct_help,N/A,N/A,coordinate a disaster relief effort,emergency_response,high,safety,high,coordination,high,multi_agent,N/A,N/A,20,days,original,numeric,20,20,days,plain,0.657084188912,48,23.55753514645567,-19.153782919513905,-13.393899783426297,0.20461386513353588
442,-1,direct_help,N/A,N/A,create a scalable marketplace platform,software_project,high,software,high,project,high,organization,N/A,N/A,20,days,original,numeric,20,20,days,plain,0.657084188912,48,22.87671236317455,-23.81172756297477,0.25427394165410466,0.17579925735009702
574,-1,direct_help,N/A,N/A,create a single-page personal website,software_project,low,software,low,project,low,individual,N/A,N/A,20,days,original,numeric,20,20,days,plain,0.657084188912,48,11.696922663814812,-37.87877053247626,-7.7869421132578545,0.16743062381956184
706,-1,direct_help,N/A,N/A,create an e-commerce website,software_project,medium,software,medium,project,medium,individual,N/A,N/A,20,days,original,numeric,20,20,days,plain,0.657084188912,48,19.265569062546223,-37.79749865243876,-6.299966568227588,0.1694290483292308
838,-1,direct_help,N/A,N/A,design a communication plan for a company restructuring,communication_plan,high,communication,high,strategic,high,organization,N/A,N/A,20,days,original,numeric,20,20,days,plain,0.657084188912,48,16.78125579562469,-29.644419422573776,-5.2648197213387995,0.15433891344300826
2202,-1,direct_help,N/A,N/A,organize a company-wide knowledge management system,organization_project,high,knowledge_preservation,high,systems,high,organization,N/A,N/A,20,days,original,numeric,20,20,days,plain,0.657084188912,48,19.746127600679657,-32.781594656919005,-4.65027132018279,0.1521516627549961
2334,-1,direct_help,N/A,N/A,organize a shared drive for a small team,organization_project,medium,administrative,medium,logistical,medium,multi_agent,N/A,N/A,20,days,original,numeric,20,20,days,plain,0.657084188912,48,8.952286802795072,-33.0883455662355,-25.37393902676856,0.16272862115566847
2598,-1,direct_help,N/A,N/A,organize files on a desk,organization_project,low,administrative,low,procedural,low,individual,N/A,N/A,20,days,original,numeric,20,20,days,plain,0.657084188912,48,3.4565299974330617,-20.399085751405515,-32.20990990380542,0.1968310809975848
2774,-1,direct_help,N/A,N/A,plan a move to a new city,relocation,medium,personal_lifestyle,medium,logistical,medium,individual,N/A,N/A,20,days,original,numeric,20,20,days,plain,0.657084188912,48,14.422352599181716,-27.857293654467185,-12.231946392788506,0.19460602295059934
2906,-1,direct_help,N/A,N/A,plan an international trip,travel_planning,medium,personal_lifestyle,medium,logistical,medium,individual,N/A,N/A,20,days,original,numeric,20,20,days,plain,0.657084188912,48,14.88367376820577,-23.015676482194017,-28.128350347186252,0.1937687943892632
3082,-1,direct_help,N/A,N/A,preserve a small folder of important documents,knowledge_archive,low,knowledge_preservation,low,procedural,medium,individual,N/A,N/A,20,days,original,numeric,20,20,days,plain,0.657084188912,48,2.011846521691126,-16.516133486048478,-40.97967479432459,0.21555165800202666
3236,-1,direct_help,N/A,N/A,renovate an apartment,home_renovation,medium,personal_lifestyle,medium,logistical,medium,multi_agent,N/A,N/A,20,days,original,numeric,20,20,days,plain,0.657084188912,48,16.046582592056733,-34.721404381587234,-12.62506233021127,0.20279678420918626
3544,-1,direct_help,N/A,N/A,train for a marathon,physical_training,medium,personal_lifestyle,medium,training,medium,individual,N/A,N/A,20,days,original,numeric,20,20,days,plain,0.657084188912,48,23.653534699739716,-22.326665086822427,-21.809684142760595,0.22736440798442667
3808,-1,direct_help,N/A,N/A,write a one-sentence email reply,communication_plan,low,communication,low,procedural,low,individual,N/A,N/A,20,days,original,numeric,20,20,days,plain,0.657084188912,48,-61.85379414758859,27.878484646659423,-31.98592379101607,0.3146185276675334
3940,-1,direct_help,N/A,N/A,write a sensitive email addressing a team conflict,communication_plan,medium,communication,medium,coordination,medium,individual,N/A,N/A,20,days,original,numeric,20,20,days,plain,0.657084188912,48,2.0292542910122044,-9.763926399635132,-26.03862761452771,0.20491328710720474
4072,-1,direct_help,N/A,N/A,write a short story,creative_writing,medium,creative,medium,creative,low,individual,N/A,N/A,20,days,original,numeric,20,20,days,plain,0.657084188912,48,0.058921789139830705,-16.282976210697104,-14.26095748755217,0.23247370000531214
244,-1,direct_help,N/A,N/A,coordinate a disaster relief effort,emergency_response,high,safety,high,coordination,high,multi_agent,N/A,N/A,20,days,original,numeric,20,20,days,plain_long,0.657084188912,48,22.77160692546657,-13.74783387183926,2.7833847862637953,0.14439703262150252
442,-1,direct_help,N/A,N/A,create a scalable marketplace platform,software_project,high,software,high,project,high,organization,N/A,N/A,20,days,original,numeric,20,20,days,plain_long,0.657084188912,48,22.4804661537296,-18.152678017055326,9.998450681406979,0.17436720372038955
574,-1,direct_help,N/A,N/A,create a single-page personal website,software_project,low,software,low,project,low,individual,N/A,N/A,20,days,original,numeric,20,20,days,plain_long,0.657084188912,48,14.434618231723887,-27.2779472067095,6.361417094671972,0.16246761266098636
706,-1,direct_help,N/A,N/A,create an e-commerce website,software_project,medium,software,medium,project,medium,individual,N/A,N/A,20,days,original,numeric,20,20,days,plain_long,0.657084188912,48,20.864156106140413,-26.43438853360931,6.737357658951987,0.1541972246374773
838,-1,direct_help,N/A,N/A,design a communication plan for a company restructuring,communication_plan,high,communication,high,strategic,high,organization,N/A,N/A,20,days,original,numeric,20,20,days,plain_long,0.657084188912,48,15.949631352648439,-20.926906728673572,6.870157064219521,0.1502573900789291
2202,-1,direct_help,N/A,N/A,organize a company-wide knowledge management system,organization_project,high,knowledge_preservation,high,systems,high,organization,N/A,N/A,20,days,original,numeric,20,20,days,plain_long,0.657084188912,48,19.19768973635704,-22.735323250049348,6.795471119375226,0.14886177380722515
2334,-1,direct_help,N/A,N/A,organize a shared drive for a small team,organization_project,medium,administrative,medium,logistical,medium,multi_agent,N/A,N/A,20,days,original,numeric,20,20,days,plain_long,0.657084188912,48,12.10035999889502,-23.976660158581648,-3.7717708254517652,0.1407070996194139
2598,-1,direct_help,N/A,N/A,organize files on a desk,organization_project,low,administrative,low,procedural,low,individual,N/A,N/A,20,days,original,numeric,20,20,days,plain_long,0.657084188912,48,11.23718485636246,-15.669052932842007,-8.818321174261335,0.14954581882614423
2774,-1,direct_help,N/A,N/A,plan a move to a new city,relocation,medium,personal_lifestyle,medium,logistical,medium,individual,N/A,N/A,20,days,original,numeric,20,20,days,plain_long,0.657084188912,48,17.853625883333876,-20.22802595893464,3.6523620556123735,0.14646626436881308
2906,-1,direct_help,N/A,N/A,plan an international trip,travel_planning,medium,personal_lifestyle,medium,logistical,medium,individual,N/A,N/A,20,days,original,numeric,20,20,days,plain_long,0.657084188912,48,17.115584291237234,-16.630377588409026,-5.278725403864185,0.1345533892964709
3082,-1,direct_help,N/A,N/A,preserve a small folder of important documents,knowledge_archive,low,knowledge_preservation,low,procedural,medium,individual,N/A,N/A,20,days,original,numeric,20,20,days,plain_long,0.657084188912,48,8.568553709408286,-14.527016446988998,-10.768166826423291,0.15201435048619832
3236,-1,direct_help,N/A,N/A,renovate an apartment,home_renovation,medium,personal_lifestyle,medium,logistical,medium,multi_agent,N/A,N/A,20,days,original,numeric,20,20,days,plain_long,0.657084188912,48,18.71948208572363,-24.150220277827124,2.888195167975039,0.14872625559150696
3544,-1,direct_help,N/A,N/A,train for a marathon,physical_training,medium,personal_lifestyle,medium,training,medium,individual,N/A,N/A,20,days,original,numeric,20,20,days,plain_long,0.657084188912,48,23.973087983881804,-13.111020032035684,-2.804629694599403,0.16255916246140203
3808,-1,direct_help,N/A,N/A,write a one-sentence email reply,communication_plan,low,communication,low,procedural,low,individual,N/A,N/A,20,days,original,numeric,20,20,days,plain_long,0.657084188912,48,-41.63137808070295,15.821685341322327,-7.853493107726832,0.22980764222606098
3940,-1,direct_help,N/A,N/A,write a sensitive email addressing a team conflict,communication_plan,medium,communication,medium,coordination,medium,individual,N/A,N/A,20,days,original,numeric,20,20,days,plain_long,0.657084188912,48,5.247500657673395,-13.355030074303098,-4.163382399957783,0.180419020691111
4072,-1,direct_help,N/A,N/A,write a short story,creative_writing,medium,creative,medium,creative,low,individual,N/A,N/A,20,days,original,numeric,20,20,days,plain_long,0.657084188912,48,6.4805974000556255,-14.508591394078408,0.5419068231139696,0.18176473210934158
248,-1,task_available_time,<averaged>,N/A,coordinate a disaster relief effort,emergency_response,high,safety,high,coordination,high,multi_agent,N/A,N/A,30,days,original,numeric,30,30,days,nof_conv,0.985626283368,36,13.656159678846457,-6.739086980817655,19.79128434960599,0.33181199122175653
446,-1,task_available_time,<averaged>,N/A,create a scalable marketplace platform,software_project,high,software,high,project,high,organization,N/A,N/A,30,days,original,numeric,30,30,days,nof_conv,0.985626283368,36,23.056083502850903,-16.775692371632882,21.19869964723088,0.3201292553893602
578,-1,task_available_time,<averaged>,N/A,create a single-page personal website,software_project,low,software,low,project,low,individual,N/A,N/A,30,days,original,numeric,30,30,days,nof_conv,0.985626283368,36,3.69236197157873,-24.299074449152183,10.720005795538663,0.3129546291822769
710,-1,task_available_time,<averaged>,N/A,create an e-commerce website,software_project,medium,software,medium,project,medium,individual,N/A,N/A,30,days,original,numeric,30,30,days,nof_conv,0.985626283368,36,18.40088178084005,-25.135928140402235,11.388731134659295,0.30147741912237774
842,-1,task_available_time,<averaged>,N/A,design a communication plan for a company restructuring,communication_plan,high,communication,high,strategic,high,organization,N/A,N/A,30,days,original,numeric,30,30,days,nof_conv,0.985626283368,36,6.44293836384967,-16.762740390900852,24.519328060344037,0.3759315518628588
2206,-1,task_available_time,<averaged>,N/A,organize a company-wide knowledge management system,organization_project,high,knowledge_preservation,high,systems,high,organization,N/A,N/A,30,days,original,numeric,30,30,days,nof_conv,0.985626283368,36,12.583043840411495,-25.230610068300024,20.40562329952425,0.31786297976290206
2338,-1,task_available_time,<averaged>,N/A,organize a shared drive for a small team,organization_project,medium,administrative,medium,logistical,medium,multi_agent,N/A,N/A,30,days,original,numeric,30,30,days,nof_conv,0.985626283368,36,3.264816838963169,-26.438890454842934,5.57984237074589,0.2903625679909836
2602,-1,task_available_time,<averaged>,N/A,organize files on a desk,organization_project,low,administrative,low,procedural,low,individual,N/A,N/A,30,days,original,numeric,30,30,days,nof_conv,0.985626283368,36,-5.4138892648886126,-4.401278695926384,-14.407002858233072,0.2789183740581479
2778,-1,task_available_time,<averaged>,N/A,plan a move to a new city,relocation,medium,personal_lifestyle,medium,logistical,medium,individual,N/A,N/A,30,days,original,numeric,30,30,days,nof_conv,0.985626283368,36,7.466922074629188,-24.37859734569851,25.49728968273558,0.3007158304512155
2910,-1,task_available_time,<averaged>,N/A,plan an international trip,travel_planning,medium,personal_lifestyle,medium,logistical,medium,individual,N/A,N/A,30,days,original,numeric,30,30,days,nof_conv,0.985626283368,36,7.084095291661789,-6.641203586050372,-9.102844772048382,0.29081670660538905
3086,-1,task_available_time,<averaged>,N/A,preserve a small folder of important documents,knowledge_archive,low,knowledge_preservation,low,procedural,medium,individual,N/A,N/A,30,days,original,numeric,30,30,days,nof_conv,0.985626283368,36,-4.8150086580339275,-12.207327635397183,-5.5331840644419295,0.2902848457600967
3240,-1,task_available_time,<averaged>,N/A,renovate an apartment,home_renovation,medium,personal_lifestyle,medium,logistical,medium,multi_agent,N/A,N/A,30,days,original,numeric,30,30,days,nof_conv,0.985626283368,36,8.932233794860327,-23.34906662502304,19.095057431211305,0.29302663344177443
3548,-1,task_available_time,<averaged>,N/A,train for a marathon,physical_training,medium,personal_lifestyle,medium,training,medium,individual,N/A,N/A,30,days,original,numeric,30,30,days,nof_conv,0.985626283368,36,20.35440814911686,-20.571780260786205,-0.041726203726567546,0.28777137012288634
3812,-1,task_available_time,<averaged>,N/A,write a one-sentence email reply,communication_plan,low,communication,low,procedural,low,individual,N/A,N/A,30,days,original,numeric,30,30,days,nof_conv,0.985626283368,36,-85.65299910416634,34.496930597451076,-26.61951761201405,0.7036461288978154
3944,-1,task_available_time,<averaged>,N/A,write a sensitive email addressing a team conflict,communication_plan,medium,communication,medium,coordination,medium,individual,N/A,N/A,30,days,original,numeric,30,30,days,nof_conv,0.985626283368,36,-12.631648391464566,-2.5086850529825044,-10.523968232348757,0.35767089755046266
4076,-1,task_available_time,<averaged>,N/A,write a short story,creative_writing,medium,creative,medium,creative,low,individual,N/A,N/A,30,days,original,numeric,30,30,days,nof_conv,0.985626283368,36,-33.92702737471292,8.8307429489215,1.7775599056602385,0.38768344782668346
248,-1,direct_help,N/A,N/A,coordinate a disaster relief effort,emergency_response,high,safety,high,coordination,high,multi_agent,N/A,N/A,30,days,original,numeric,30,30,days,plain,0.985626283368,48,25.187487398726656,-16.97746461513396,-13.47274956217544,0.19898355116310235
446,-1,direct_help,N/A,N/A,create a scalable marketplace platform,software_project,high,software,high,project,high,organization,N/A,N/A,30,days,original,numeric,30,30,days,plain,0.985626283368,48,25.242322735947383,-22.688517676587047,-0.36940783858693416,0.17062117613020772
578,-1,direct_help,N/A,N/A,create a single-page personal website,software_project,low,software,low,project,low,individual,N/A,N/A,30,days,original,numeric,30,30,days,plain,0.985626283368,48,13.325542984722196,-34.56973218409474,-8.672545443462326,0.16637601733602855
710,-1,direct_help,N/A,N/A,create an e-commerce website,software_project,medium,software,medium,project,medium,individual,N/A,N/A,30,days,original,numeric,30,30,days,plain,0.985626283368,48,21.84953272829113,-35.48678943040749,-7.625617160915442,0.16548339747985608
842,-1,direct_help,N/A,N/A,design a communication plan for a company restructuring,communication_plan,high,communication,high,strategic,high,organization,N/A,N/A,30,days,original,numeric,30,30,days,plain,0.985626283368,48,19.601906791403678,-27.91861145783656,-6.74793558519774,0.15459877301817765
2206,-1,direct_help,N/A,N/A,organize a company-wide knowledge management system,organization_project,high,knowledge_preservation,high,systems,high,organization,N/A,N/A,30,days,original,numeric,30,30,days,plain,0.985626283368,48,21.766482471912653,-30.814859476388367,-5.5751965745286105,0.15008369573197514
2338,-1,direct_help,N/A,N/A,organize a shared drive for a small team,organization_project,medium,administrative,medium,logistical,medium,multi_agent,N/A,N/A,30,days,original,numeric,30,30,days,plain,0.985626283368,48,10.568957170547272,-29.60857050178311,-25.977227966593997,0.15961518659400417
2602,-1,direct_help,N/A,N/A,organize files on a desk,organization_project,low,administrative,low,procedural,low,individual,N/A,N/A,30,days,original,numeric,30,30,days,plain,0.985626283368,48,5.410661982184961,-16.683500963521446,-32.25487193338446,0.19188427812464484
2778,-1,direct_help,N/A,N/A,plan a move to a new city,relocation,medium,personal_lifestyle,medium,logistical,medium,individual,N/A,N/A,30,days,original,numeric,30,30,days,plain,0.985626283368,48,15.9928407216534,-26.218300094947615,-13.479527781006569,0.19045164503312326
2910,-1,direct_help,N/A,N/A,plan an international trip,travel_planning,medium,personal_lifestyle,medium,logistical,medium,individual,N/A,N/A,30,days,original,numeric,30,30,days,plain,0.985626283368,48,14.649286467441547,-19.64801022339477,-28.583448976247467,0.1896403756819745
3086,-1,direct_help,N/A,N/A,preserve a small folder of important documents,knowledge_archive,low,knowledge_preservation,low,procedural,medium,individual,N/A,N/A,30,days,original,numeric,30,30,days,plain,0.985626283368,48,2.8679412059836538,-13.768673453234316,-40.9607994642349,0.21094570766961027
3240,-1,direct_help,N/A,N/A,renovate an apartment,home_renovation,medium,personal_lifestyle,medium,logistical,medium,multi_agent,N/A,N/A,30,days,original,numeric,30,30,days,plain,0.985626283368,48,17.880059707579903,-33.33771390755361,-13.480729452886543,0.19728937606665148
3548,-1,direct_help,N/A,N/A,train for a marathon,physical_training,medium,personal_lifestyle,medium,training,medium,individual,N/A,N/A,30,days,original,numeric,30,30,days,plain,0.985626283368,48,25.560971355736363,-23.037838080083763,-21.28356736229724,0.22061634315620443
3812,-1,direct_help,N/A,N/A,write a one-sentence email reply,communication_plan,low,communication,low,procedural,low,individual,N/A,N/A,30,days,original,numeric,30,30,days,plain,0.985626283368,48,-61.2608549553237,30.002785824105704,-31.51574715090148,0.32340481579064506
3944,-1,direct_help,N/A,N/A,write a sensitive email addressing a team conflict,communication_plan,medium,communication,medium,coordination,medium,individual,N/A,N/A,30,days,original,numeric,30,30,days,plain,0.985626283368,48,3.7386127468641863,-6.9467331769867835,-26.753106285345254,0.2039674268042094
4076,-1,direct_help,N/A,N/A,write a short story,creative_writing,medium,creative,medium,creative,low,individual,N/A,N/A,30,days,original,numeric,30,30,days,plain,0.985626283368,48,2.4128519093628853,-14.720803196556465,-15.514136716631954,0.2340069727076786
248,-1,direct_help,N/A,N/A,coordinate a disaster relief effort,emergency_response,high,safety,high,coordination,high,multi_agent,N/A,N/A,30,days,original,numeric,30,30,days,plain_long,0.985626283368,48,24.122806126471,-12.066869336248097,2.1757606209856406,0.1412340767166779
446,-1,direct_help,N/A,N/A,create a scalable marketplace platform,software_project,high,software,high,project,high,organization,N/A,N/A,30,days,original,numeric,30,30,days,plain_long,0.985626283368,48,24.1895033828737,-17.09959162647134,9.232918853602547,0.1724026225560985
578,-1,direct_help,N/A,N/A,create a single-page personal website,software_project,low,software,low,project,low,individual,N/A,N/A,30,days,original,numeric,30,30,days,plain_long,0.985626283368,48,15.775254763669707,-25.011324250988878,5.456751718730427,0.1611595419185161
710,-1,direct_help,N/A,N/A,create an e-commerce website,software_project,medium,software,medium,project,medium,individual,N/A,N/A,30,days,original,numeric,30,30,days,plain_long,0.985626283368,48,22.87681864541408,-24.819586934633893,5.580469197138913,0.15257875413400396
842,-1,direct_help,N/A,N/A,design a communication plan for a company restructuring,communication_plan,high,communication,high,strategic,high,organization,N/A,N/A,30,days,original,numeric,30,30,days,plain_long,0.985626283368,48,17.91964598305849,-19.57541893752413,5.795745604190638,0.14980756025229483
2206,-1,direct_help,N/A,N/A,organize a company-wide knowledge management system,organization_project,high,knowledge_preservation,high,systems,high,organization,N/A,N/A,30,days,original,numeric,30,30,days,plain_long,0.985626283368,48,20.58406376980908,-21.338784185176745,5.994308086235388,0.14755496929360937
2338,-1,direct_help,N/A,N/A,organize a shared drive for a small team,organization_project,medium,administrative,medium,logistical,medium,multi_agent,N/A,N/A,30,days,original,numeric,30,30,days,plain_long,0.985626283368,48,13.340208889569446,-21.59617587495594,-4.545057626268197,0.13904361604159113
2602,-1,direct_help,N/A,N/A,organize files on a desk,organization_project,low,administrative,low,procedural,low,individual,N/A,N/A,30,days,original,numeric,30,30,days,plain_long,0.985626283368,48,12.809308504614476,-12.81112543608574,-9.485367095687222,0.14684171271163396
2778,-1,direct_help,N/A,N/A,plan a move to a new city,relocation,medium,personal_lifestyle,medium,logistical,medium,individual,N/A,N/A,30,days,original,numeric,30,30,days,plain_long,0.985626283368,48,19.12999397394635,-18.66143537624226,2.4267403876020213,0.1452201008248728
2910,-1,direct_help,N/A,N/A,plan an international trip,travel_planning,medium,personal_lifestyle,medium,logistical,medium,individual,N/A,N/A,30,days,original,numeric,30,30,days,plain_long,0.985626283368,48,17.686708207892295,-14.372185040725828,-5.942489869162249,0.1325428024034051
3086,-1,direct_help,N/A,N/A,preserve a small folder of important documents,knowledge_archive,low,knowledge_preservation,low,procedural,medium,individual,N/A,N/A,30,days,original,numeric,30,30,days,plain_long,0.985626283368,48,9.564902719328547,-12.608271020782201,-11.091180574983637,0.14952426063209404
3240,-1,direct_help,N/A,N/A,renovate an apartment,home_renovation,medium,personal_lifestyle,medium,logistical,medium,multi_agent,N/A,N/A,30,days,original,numeric,30,30,days,plain_long,0.985626283368,48,20.15171016798772,-23.028452903284162,2.0321944792264,0.14637939318981785
3548,-1,direct_help,N/A,N/A,train for a marathon,physical_training,medium,personal_lifestyle,medium,training,medium,individual,N/A,N/A,30,days,original,numeric,30,30,days,plain_long,0.985626283368,48,25.538789114241485,-12.846601669330553,-2.941696826580562,0.15955583857666908
3812,-1,direct_help,N/A,N/A,write a one-sentence email reply,communication_plan,low,communication,low,procedural,low,individual,N/A,N/A,30,days,original,numeric,30,30,days,plain_long,0.985626283368,48,-40.33184179001834,17.652562301181817,-7.9821427122932125,0.23011500540585708
3944,-1,direct_help,N/A,N/A,write a sensitive email addressing a team conflict,communication_plan,medium,communication,medium,coordination,medium,individual,N/A,N/A,30,days,original,numeric,30,30,days,plain_long,0.985626283368,48,6.777728405141166,-11.271408756679037,-5.034622299349165,0.1793293674386891
4076,-1,direct_help,N/A,N/A,write a short story,creative_writing,medium,creative,medium,creative,low,individual,N/A,N/A,30,days,original,numeric,30,30,days,plain_long,0.985626283368,48,8.499371474293165,-13.354873274943122,-0.4656992483161071,0.1821062865003567
252,-1,task_available_time,<averaged>,N/A,coordinate a disaster relief effort,emergency_response,high,safety,high,coordination,high,multi_agent,N/A,N/A,50,days,original,numeric,50,50,days,nof_conv,1.642710472279,36,11.693883314363534,-3.5906533849483004,16.438089871409396,0.3307824596812901
450,-1,task_available_time,<averaged>,N/A,create a scalable marketplace platform,software_project,high,software,high,project,high,organization,N/A,N/A,50,days,original,numeric,50,50,days,nof_conv,1.642710472279,36,25.59825253983765,-19.25882884173227,20.275055946153103,0.3191721838169823
582,-1,task_available_time,<averaged>,N/A,create a single-page personal website,software_project,low,software,low,project,low,individual,N/A,N/A,50,days,original,numeric,50,50,days,nof_conv,1.642710472279,36,5.869013149260436,-23.474708705067368,8.159588826006654,0.3102097061347794
714,-1,task_available_time,<averaged>,N/A,create an e-commerce website,software_project,medium,software,medium,project,medium,individual,N/A,N/A,50,days,original,numeric,50,50,days,nof_conv,1.642710472279,36,19.308322275515042,-26.679316812663988,10.08721624831552,0.2984296539774392
846,-1,task_available_time,<averaged>,N/A,design a communication plan for a company restructuring,communication_plan,high,communication,high,strategic,high,organization,N/A,N/A,50,days,original,numeric,50,50,days,nof_conv,1.642710472279,36,8.565267896605668,-16.393100491609793,22.25103705380804,0.3743585060293039
2210,-1,task_available_time,<averaged>,N/A,organize a company-wide knowledge management system,organization_project,high,knowledge_preservation,high,systems,high,organization,N/A,N/A,50,days,original,numeric,50,50,days,nof_conv,1.642710472279,36,14.11470608112901,-26.24466954207769,19.066580075360868,0.3181157572943966
2342,-1,task_available_time,<averaged>,N/A,organize a shared drive for a small team,organization_project,medium,administrative,medium,logistical,medium,multi_agent,N/A,N/A,50,days,original,numeric,50,50,days,nof_conv,1.642710472279,36,3.5230675108640725,-25.906586119300083,3.01165934570235,0.2867598726290631
2606,-1,task_available_time,<averaged>,N/A,organize files on a desk,organization_project,low,administrative,low,procedural,low,individual,N/A,N/A,50,days,original,numeric,50,50,days,nof_conv,1.642710472279,36,-8.483818306075753,-2.185491057516181,-17.174497510440865,0.2786821877541821
2782,-1,task_available_time,<averaged>,N/A,plan a move to a new city,relocation,medium,personal_lifestyle,medium,logistical,medium,individual,N/A,N/A,50,days,original,numeric,50,50,days,nof_conv,1.642710472279,36,7.362094981948963,-20.183726289670496,17.54615606585123,0.2921356880778646
2914,-1,task_available_time,<averaged>,N/A,plan an international trip,travel_planning,medium,personal_lifestyle,medium,logistical,medium,individual,N/A,N/A,50,days,original,numeric,50,50,days,nof_conv,1.642710472279,36,6.4870197663426685,-3.625250398249629,-14.151968799584568,0.2859895273093491
3090,-1,task_available_time,<averaged>,N/A,preserve a small folder of important documents,knowledge_archive,low,knowledge_preservation,low,procedural,medium,individual,N/A,N/A,50,days,original,numeric,50,50,days,nof_conv,1.642710472279,36,-5.21625855992038,-10.682779197533852,-8.336340297132956,0.2894547004541383
3244,-1,task_available_time,<averaged>,N/A,renovate an apartment,home_renovation,medium,personal_lifestyle,medium,logistical,medium,multi_agent,N/A,N/A,50,days,original,numeric,50,50,days,nof_conv,1.642710472279,36,9.043423658061563,-20.690003134489867,13.93086596063008,0.28819031171009524
3552,-1,task_available_time,<averaged>,N/A,train for a marathon,physical_training,medium,personal_lifestyle,medium,training,medium,individual,N/A,N/A,50,days,original,numeric,50,50,days,nof_conv,1.642710472279,36,22.770910520453977,-19.407954962245704,-4.338256040500583,0.28153396400162223
3816,-1,task_available_time,<averaged>,N/A,write a one-sentence email reply,communication_plan,low,communication,low,procedural,low,individual,N/A,N/A,50,days,original,numeric,50,50,days,nof_conv,1.642710472279,36,-84.94759190568264,34.39244447134811,-26.78801638861409,0.7037249962016487
3948,-1,task_available_time,<averaged>,N/A,write a sensitive email addressing a team conflict,communication_plan,medium,communication,medium,coordination,medium,individual,N/A,N/A,50,days,original,numeric,50,50,days,nof_conv,1.642710472279,36,-12.517015769607607,-1.4241256819224832,-11.175251866822519,0.35849698175305633
4080,-1,task_available_time,<averaged>,N/A,write a short story,creative_writing,medium,creative,medium,creative,low,individual,N/A,N/A,50,days,original,numeric,50,50,days,nof_conv,1.642710472279,36,-33.733098523780555,11.47736625020253,-1.936222359994374,0.38764591009985544
252,-1,direct_help,N/A,N/A,coordinate a disaster relief effort,emergency_response,high,safety,high,coordination,high,multi_agent,N/A,N/A,50,days,original,numeric,50,50,days,plain,1.642710472279,48,25.628555548296397,-15.34946172062887,-16.03895771405357,0.20021251082547928
450,-1,direct_help,N/A,N/A,create a scalable marketplace platform,software_project,high,software,high,project,high,organization,N/A,N/A,50,days,original,numeric,50,50,days,plain,1.642710472279,48,29.0642627832503,-23.672223526169553,-2.6804450240073634,0.16931303995107747
582,-1,direct_help,N/A,N/A,create a single-page personal website,software_project,low,software,low,project,low,individual,N/A,N/A,50,days,original,numeric,50,50,days,plain,1.642710472279,48,17.349671128865367,-30.988956299075966,-12.698901914525148,0.16703083114551998
714,-1,direct_help,N/A,N/A,create an e-commerce website,software_project,medium,software,medium,project,medium,individual,N/A,N/A,50,days,original,numeric,50,50,days,plain,1.642710472279,48,25.256175646443708,-35.771484764382464,-10.546177744575518,0.1648130718445635
846,-1,direct_help,N/A,N/A,design a communication plan for a company restructuring,communication_plan,high,communication,high,strategic,high,organization,N/A,N/A,50,days,original,numeric,50,50,days,plain,1.642710472279,48,21.944936463004854,-26.844996439265124,-9.254005159680807,0.1522347247331647
2210,-1,direct_help,N/A,N/A,organize a company-wide knowledge management system,organization_project,high,knowledge_preservation,high,systems,high,organization,N/A,N/A,50,days,original,numeric,50,50,days,plain,1.642710472279,48,25.15434176643794,-31.225297178688756,-8.03084149298286,0.1488634246670112
2342,-1,direct_help,N/A,N/A,organize a shared drive for a small team,organization_project,medium,administrative,medium,logistical,medium,multi_agent,N/A,N/A,50,days,original,numeric,50,50,days,plain,1.642710472279,48,12.957614728389867,-28.729710880953736,-27.042048049400883,0.15918210977712466
2606,-1,direct_help,N/A,N/A,organize files on a desk,organization_project,low,administrative,low,procedural,low,individual,N/A,N/A,50,days,original,numeric,50,50,days,plain,1.642710472279,48,6.260337781799491,-15.477448969973942,-34.45729691768646,0.19362169315212668
2782,-1,direct_help,N/A,N/A,plan a move to a new city,relocation,medium,personal_lifestyle,medium,logistical,medium,individual,N/A,N/A,50,days,original,numeric,50,50,days,plain,1.642710472279,48,19.3686708922952,-25.207328026405207,-16.75731828207494,0.18633712933433808
2914,-1,direct_help,N/A,N/A,plan an international trip,travel_planning,medium,personal_lifestyle,medium,logistical,medium,individual,N/A,N/A,50,days,original,numeric,50,50,days,plain,1.642710472279,48,18.04749581329204,-18.361378761616677,-30.20195326984423,0.18834929366937925
3090,-1,direct_help,N/A,N/A,preserve a small folder of important documents,knowledge_archive,low,knowledge_preservation,low,procedural,medium,individual,N/A,N/A,50,days,original,numeric,50,50,days,plain,1.642710472279,48,5.939427234710272,-12.95934768599931,-43.084827340842736,0.20801505778362447
3244,-1,direct_help,N/A,N/A,renovate an apartment,home_renovation,medium,personal_lifestyle,medium,logistical,medium,multi_agent,N/A,N/A,50,days,original,numeric,50,50,days,plain,1.642710472279,48,20.615690608701605,-31.07358004857014,-17.698645012599847,0.19691398712958702
3552,-1,direct_help,N/A,N/A,train for a marathon,physical_training,medium,personal_lifestyle,medium,training,medium,individual,N/A,N/A,50,days,original,numeric,50,50,days,plain,1.642710472279,48,29.25758742629807,-25.12496052454978,-25.11301359017449,0.21541623292174025
3816,-1,direct_help,N/A,N/A,write a one-sentence email reply,communication_plan,low,communication,low,procedural,low,individual,N/A,N/A,50,days,original,numeric,50,50,days,plain,1.642710472279,48,-58.278668485582536,33.96828813741833,-33.362411871105934,0.3201498705062298
3948,-1,direct_help,N/A,N/A,write a sensitive email addressing a team conflict,communication_plan,medium,communication,medium,coordination,medium,individual,N/A,N/A,50,days,original,numeric,50,50,days,plain,1.642710472279,48,5.094656395485979,-2.3950154033689683,-28.463419623822837,0.20374164223224486
4080,-1,direct_help,N/A,N/A,write a short story,creative_writing,medium,creative,medium,creative,low,individual,N/A,N/A,50,days,original,numeric,50,50,days,plain,1.642710472279,48,5.40895254872598,-10.012035016303049,-18.66942935363799,0.2314285387154932
252,-1,direct_help,N/A,N/A,coordinate a disaster relief effort,emergency_response,high,safety,high,coordination,high,multi_agent,N/A,N/A,50,days,original,numeric,50,50,days,plain_long,1.642710472279,48,24.683034900528266,-11.389298342459625,1.3398002961452637,0.14317081233200282
450,-1,direct_help,N/A,N/A,create a scalable marketplace platform,software_project,high,software,high,project,high,organization,N/A,N/A,50,days,original,numeric,50,50,days,plain_long,1.642710472279,48,27.005728257224696,-17.550699560722943,7.890810708711514,0.172136167387572
582,-1,direct_help,N/A,N/A,create a single-page personal website,software_project,low,software,low,project,low,individual,N/A,N/A,50,days,original,numeric,50,50,days,plain_long,1.642710472279,48,18.76200141906435,-23.1525113214699,3.133666764646675,0.16104075814077942
714,-1,direct_help,N/A,N/A,create an e-commerce website,software_project,medium,software,medium,project,medium,individual,N/A,N/A,50,days,original,numeric,50,50,days,plain_long,1.642710472279,48,25.274716375504532,-24.8589821571458,3.9422309532669906,0.15309423184692972
846,-1,direct_help,N/A,N/A,design a communication plan for a company restructuring,communication_plan,high,communication,high,strategic,high,organization,N/A,N/A,50,days,original,numeric,50,50,days,plain_long,1.642710472279,48,19.749780916128497,-19.0625950321315,4.34587667252196,0.1490925244572913
2210,-1,direct_help,N/A,N/A,organize a company-wide knowledge management system,organization_project,high,knowledge_preservation,high,systems,high,organization,N/A,N/A,50,days,original,numeric,50,50,days,plain_long,1.642710472279,48,22.864971522684332,-21.726025933076045,4.846195596198268,0.14752111003819887
2342,-1,direct_help,N/A,N/A,organize a shared drive for a small team,organization_project,medium,administrative,medium,logistical,medium,multi_agent,N/A,N/A,50,days,original,numeric,50,50,days,plain_long,1.642710472279,48,14.991103688358429,-21.870150754677287,-4.907397257416992,0.13935544347554438
2606,-1,direct_help,N/A,N/A,organize files on a desk,organization_project,low,administrative,low,procedural,low,individual,N/A,N/A,50,days,original,numeric,50,50,days,plain_long,1.642710472279,48,13.597615550476219,-13.33214372353685,-9.923202646955968,0.1474036206280145
2782,-1,direct_help,N/A,N/A,plan a move to a new city,relocation,medium,personal_lifestyle,medium,logistical,medium,individual,N/A,N/A,50,days,original,numeric,50,50,days,plain_long,1.642710472279,48,21.40566065525003,-18.357413630209233,1.2555982296314072,0.143348428176326
2914,-1,direct_help,N/A,N/A,plan an international trip,travel_planning,medium,personal_lifestyle,medium,logistical,medium,individual,N/A,N/A,50,days,original,numeric,50,50,days,plain_long,1.642710472279,48,19.689474337981093,-13.881494496937792,-6.377158789771901,0.13194910872574983
3090,-1,direct_help,N/A,N/A,preserve a small folder of important documents,knowledge_archive,low,knowledge_preservation,low,procedural,medium,individual,N/A,N/A,50,days,original,numeric,50,50,days,plain_long,1.642710472279,48,11.74864794350974,-12.962557866024186,-11.832971015165636,0.1495634993238269
3244,-1,direct_help,N/A,N/A,renovate an apartment,home_renovation,medium,personal_lifestyle,medium,logistical,medium,multi_agent,N/A,N/A,50,days,original,numeric,50,50,days,plain_long,1.642710472279,48,21.933290787842786,-22.224428604830017,0.20192214042396905,0.14639422141455616
3552,-1,direct_help,N/A,N/A,train for a marathon,physical_training,medium,personal_lifestyle,medium,training,medium,individual,N/A,N/A,50,days,original,numeric,50,50,days,plain_long,1.642710472279,48,27.416687352245834,-14.422822298482536,-4.600616665527145,0.15935903889225006
3816,-1,direct_help,N/A,N/A,write a one-sentence email reply,communication_plan,low,communication,low,procedural,low,individual,N/A,N/A,50,days,original,numeric,50,50,days,plain_long,1.642710472279,48,-38.71394407738093,20.516061853196444,-9.136455701196764,0.23173396524360748
3948,-1,direct_help,N/A,N/A,write a sensitive email addressing a team conflict,communication_plan,medium,communication,medium,coordination,medium,individual,N/A,N/A,50,days,original,numeric,50,50,days,plain_long,1.642710472279,48,8.228976419171754,-8.709966926623705,-6.056208433433799,0.1782742312869927
4080,-1,direct_help,N/A,N/A,write a short story,creative_writing,medium,creative,medium,creative,low,individual,N/A,N/A,50,days,original,numeric,50,50,days,plain_long,1.642710472279,48,10.758827772370234,-10.844837338636982,-2.150000749004951,0.18033750915610905
260,-1,task_available_time,<averaged>,N/A,coordinate a disaster relief effort,emergency_response,high,safety,high,coordination,high,multi_agent,N/A,N/A,100,days,original,numeric,100,100,days,nof_conv,3.285420944559,36,14.935371571207954,4.256011828774524,10.735271681172838,0.32325179162207845
458,-1,task_available_time,<averaged>,N/A,create a scalable marketplace platform,software_project,high,software,high,project,high,organization,N/A,N/A,100,days,original,numeric,100,100,days,nof_conv,3.285420944559,36,28.376790340903423,-13.14903248298682,14.963628892446168,0.3146616956121086
590,-1,task_available_time,<averaged>,N/A,create a single-page personal website,software_project,low,software,low,project,low,individual,N/A,N/A,100,days,original,numeric,100,100,days,nof_conv,3.285420944559,36,7.539040124189067,-17.4402790356324,2.442106670112009,0.3048150289451886
722,-1,task_available_time,<averaged>,N/A,create an e-commerce website,software_project,medium,software,medium,project,medium,individual,N/A,N/A,100,days,original,numeric,100,100,days,nof_conv,3.285420944559,36,21.91608784371511,-19.507579596423152,3.702953829510504,0.29239540211378057
854,-1,task_available_time,<averaged>,N/A,design a communication plan for a company restructuring,communication_plan,high,communication,high,strategic,high,organization,N/A,N/A,100,days,original,numeric,100,100,days,nof_conv,3.285420944559,36,11.765120503834783,-9.552584658451567,12.953245204584915,0.3634635006950152
2218,-1,task_available_time,<averaged>,N/A,organize a company-wide knowledge management system,organization_project,high,knowledge_preservation,high,systems,high,organization,N/A,N/A,100,days,original,numeric,100,100,days,nof_conv,3.285420944559,36,17.427696890932562,-19.292189581116244,11.211158473309274,0.3118490399720476
2350,-1,task_available_time,<averaged>,N/A,organize a shared drive for a small team,organization_project,medium,administrative,medium,logistical,medium,multi_agent,N/A,N/A,100,days,original,numeric,100,100,days,nof_conv,3.285420944559,36,7.34843208920517,-17.006263423007617,-4.986982393891225,0.2796329033790137
2614,-1,task_available_time,<averaged>,N/A,organize files on a desk,organization_project,low,administrative,low,procedural,low,individual,N/A,N/A,100,days,original,numeric,100,100,days,nof_conv,3.285420944559,36,-3.9237148509873765,9.549431931779853,-22.830415979561543,0.2723916404772878
2790,-1,task_available_time,<averaged>,N/A,plan a move to a new city,relocation,medium,personal_lifestyle,medium,logistical,medium,individual,N/A,N/A,100,days,original,numeric,100,100,days,nof_conv,3.285420944559,36,12.059956040704286,-11.68386463403005,9.299394129242419,0.28678058894955905
2922,-1,task_available_time,<averaged>,N/A,plan an international trip,travel_planning,medium,personal_lifestyle,medium,logistical,medium,individual,N/A,N/A,100,days,original,numeric,100,100,days,nof_conv,3.285420944559,36,11.415701933904954,4.3393268821451665,-20.155111876085975,0.27905787869560156
3098,-1,task_available_time,<averaged>,N/A,preserve a small folder of important documents,knowledge_archive,low,knowledge_preservation,low,procedural,medium,individual,N/A,N/A,100,days,original,numeric,100,100,days,nof_conv,3.285420944559,36,-0.9232348099885884,-1.625455419843514,-15.374081216215567,0.28192856101362573
3252,-1,task_available_time,<averaged>,N/A,renovate an apartment,home_renovation,medium,personal_lifestyle,medium,logistical,medium,multi_agent,N/A,N/A,100,days,original,numeric,100,100,days,nof_conv,3.285420944559,36,12.99556321412408,-15.895644431398457,7.92412787850736,0.2833836917803532
3560,-1,task_available_time,<averaged>,N/A,train for a marathon,physical_training,medium,personal_lifestyle,medium,training,medium,individual,N/A,N/A,100,days,original,numeric,100,100,days,nof_conv,3.285420944559,36,26.614375786158767,-14.788289028659664,-9.1641218013993,0.2759668642866025
3824,-1,task_available_time,<averaged>,N/A,write a one-sentence email reply,communication_plan,low,communication,low,procedural,low,individual,N/A,N/A,100,days,original,numeric,100,100,days,nof_conv,3.285420944559,36,-84.08207588426274,36.985363834412205,-27.341748313870394,0.7086945233515403
3956,-1,task_available_time,<averaged>,N/A,write a sensitive email addressing a team conflict,communication_plan,medium,communication,medium,coordination,medium,individual,N/A,N/A,100,days,original,numeric,100,100,days,nof_conv,3.285420944559,36,-10.714672181459578,7.774974548067971,-17.536074265495923,0.35546272389712047
4088,-1,task_available_time,<averaged>,N/A,write a short story,creative_writing,medium,creative,medium,creative,low,individual,N/A,N/A,100,days,original,numeric,100,100,days,nof_conv,3.285420944559,36,-31.295873281563203,15.066848866065145,-4.1608073472257185,0.3849016264671856
260,-1,direct_help,N/A,N/A,coordinate a disaster relief effort,emergency_response,high,safety,high,coordination,high,multi_agent,N/A,N/A,100,days,original,numeric,100,100,days,plain,3.285420944559,48,27.020973636393915,-9.831034654273623,-18.587574808558497,0.19360052441862913
458,-1,direct_help,N/A,N/A,create a scalable marketplace platform,software_project,high,software,high,project,high,organization,N/A,N/A,100,days,original,numeric,100,100,days,plain,3.285420944559,48,31.08830780234183,-20.58452840717677,-5.5245124565264545,0.16719754357689184
590,-1,direct_help,N/A,N/A,create a single-page personal website,software_project,low,software,low,project,low,individual,N/A,N/A,100,days,original,numeric,100,100,days,plain,3.285420944559,48,18.43501995722482,-26.777253637499562,-16.226276140910564,0.16943455536553167
722,-1,direct_help,N/A,N/A,create an e-commerce website,software_project,medium,software,medium,project,medium,individual,N/A,N/A,100,days,original,numeric,100,100,days,plain,3.285420944559,48,27.050928730462036,-30.75660346674141,-14.51576765183319,0.1631467488365814
854,-1,direct_help,N/A,N/A,design a communication plan for a company restructuring,communication_plan,high,communication,high,strategic,high,organization,N/A,N/A,100,days,original,numeric,100,100,days,plain,3.285420944559,48,23.52824687211286,-21.603348348459203,-13.41422179748842,0.14896067333216087
2218,-1,direct_help,N/A,N/A,organize a company-wide knowledge management system,organization_project,high,knowledge_preservation,high,systems,high,organization,N/A,N/A,100,days,original,numeric,100,100,days,plain,3.285420944559,48,27.449076310845147,-25.45445405522822,-12.046063096357999,0.1461005176630457
2350,-1,direct_help,N/A,N/A,organize a shared drive for a small team,organization_project,medium,administrative,medium,logistical,medium,multi_agent,N/A,N/A,100,days,original,numeric,100,100,days,plain,3.285420944559,48,15.194766527726866,-23.371080605578204,-29.863488038717772,0.15553842486710795
2614,-1,direct_help,N/A,N/A,organize files on a desk,organization_project,low,administrative,low,procedural,low,individual,N/A,N/A,100,days,original,numeric,100,100,days,plain,3.285420944559,48,8.800490182022024,-10.232380435646085,-36.32967557048952,0.18985202489763212
2790,-1,direct_help,N/A,N/A,plan a move to a new city,relocation,medium,personal_lifestyle,medium,logistical,medium,individual,N/A,N/A,100,days,original,numeric,100,100,days,plain,3.285420944559,48,21.531902707319862,-20.243884833590407,-19.569406861479763,0.18283213807380494
2922,-1,direct_help,N/A,N/A,plan an international trip,travel_planning,medium,personal_lifestyle,medium,logistical,medium,individual,N/A,N/A,100,days,original,numeric,100,100,days,plain,3.285420944559,48,19.861125636644644,-10.697637665440812,-32.72870113692234,0.18473981303928635
3098,-1,direct_help,N/A,N/A,preserve a small folder of important documents,knowledge_archive,low,knowledge_preservation,low,procedural,medium,individual,N/A,N/A,100,days,original,numeric,100,100,days,plain,3.285420944559,48,7.623269368538767,-9.463678526637256,-43.87978389637649,0.20187449000016858
3252,-1,direct_help,N/A,N/A,renovate an apartment,home_renovation,medium,personal_lifestyle,medium,logistical,medium,multi_agent,N/A,N/A,100,days,original,numeric,100,100,days,plain,3.285420944559,48,22.472134740410766,-27.219199467172068,-21.172171468728227,0.1907626679878499
3560,-1,direct_help,N/A,N/A,train for a marathon,physical_training,medium,personal_lifestyle,medium,training,medium,individual,N/A,N/A,100,days,original,numeric,100,100,days,plain,3.285420944559,48,31.03378584193341,-19.741846571541828,-27.28008593471946,0.2137637284503232
3824,-1,direct_help,N/A,N/A,write a one-sentence email reply,communication_plan,low,communication,low,procedural,low,individual,N/A,N/A,100,days,original,numeric,100,100,days,plain,3.285420944559,48,-58.04040681406284,35.891057781370705,-33.25291667406772,0.32490138862781903
3956,-1,direct_help,N/A,N/A,write a sensitive email addressing a team conflict,communication_plan,medium,communication,medium,coordination,medium,individual,N/A,N/A,100,days,original,numeric,100,100,days,plain,3.285420944559,48,5.909848878619661,1.3845906446940357,-30.768615579898203,0.20096902333599684
4088,-1,direct_help,N/A,N/A,write a short story,creative_writing,medium,creative,medium,creative,low,individual,N/A,N/A,100,days,original,numeric,100,100,days,plain,3.285420944559,48,7.089004474634821,-8.155272081250066,-20.74198298464241,0.23085183492591613
260,-1,direct_help,N/A,N/A,coordinate a disaster relief effort,emergency_response,high,safety,high,coordination,high,multi_agent,N/A,N/A,100,days,original,numeric,100,100,days,plain_long,3.285420944559,48,26.47193405177749,-8.248355739591512,-0.8199742264437467,0.14097951735450528
458,-1,direct_help,N/A,N/A,create a scalable marketplace platform,software_project,high,software,high,project,high,organization,N/A,N/A,100,days,original,numeric,100,100,days,plain_long,3.285420944559,48,28.85755928764601,-15.498971640443461,5.8151282175623615,0.17225853291412774
590,-1,direct_help,N/A,N/A,create a single-page personal website,software_project,low,software,low,project,low,individual,N/A,N/A,100,days,original,numeric,100,100,days,plain_long,3.285420944559,48,20.08628474806688,-20.592261594598217,0.7340673962011383,0.16284832692277473
722,-1,direct_help,N/A,N/A,create an e-commerce website,software_project,medium,software,medium,project,medium,individual,N/A,N/A,100,days,original,numeric,100,100,days,plain_long,3.285420944559,48,27.1279633751841,-22.069124209432367,1.3623672419860682,0.15404696019637026
854,-1,direct_help,N/A,N/A,design a communication plan for a company restructuring,communication_plan,high,communication,high,strategic,high,organization,N/A,N/A,100,days,original,numeric,100,100,days,plain_long,3.285420944559,48,21.377193487621355,-15.8905034137818,1.6347792999544737,0.14825925363785505
2218,-1,direct_help,N/A,N/A,organize a company-wide knowledge management system,organization_project,high,knowledge_preservation,high,systems,high,organization,N/A,N/A,100,days,original,numeric,100,100,days,plain_long,3.285420944559,48,25.04227992689759,-18.192317341016864,2.0934105951437845,0.14806531056671385
2350,-1,direct_help,N/A,N/A,organize a shared drive for a small team,organization_project,medium,administrative,medium,logistical,medium,multi_agent,N/A,N/A,100,days,original,numeric,100,100,days,plain_long,3.285420944559,48,17.192691540539986,-18.59283193738337,-7.229995775781576,0.13885960272975534
2614,-1,direct_help,N/A,N/A,organize files on a desk,organization_project,low,administrative,low,procedural,low,individual,N/A,N/A,100,days,original,numeric,100,100,days,plain_long,3.285420944559,48,15.962204969736186,-10.044310745562242,-11.578136646459955,0.14799551745621084
2790,-1,direct_help,N/A,N/A,plan a move to a new city,relocation,medium,personal_lifestyle,medium,logistical,medium,individual,N/A,N/A,100,days,original,numeric,100,100,days,plain_long,3.285420944559,48,23.346717878257365,-15.020103459570135,-1.3098144717401898,0.14439028154219466
2922,-1,direct_help,N/A,N/A,plan an international trip,travel_planning,medium,personal_lifestyle,medium,logistical,medium,individual,N/A,N/A,100,days,original,numeric,100,100,days,plain_long,3.285420944559,48,21.92639016925871,-8.874526757472214,-8.951619096986548,0.13148941795550126
3098,-1,direct_help,N/A,N/A,preserve a small folder of important documents,knowledge_archive,low,knowledge_preservation,low,procedural,medium,individual,N/A,N/A,100,days,original,numeric,100,100,days,plain_long,3.285420944559,48,13.551680045192178,-10.51810980648008,-13.216973522740096,0.14870099937614153
3252,-1,direct_help,N/A,N/A,renovate an apartment,home_renovation,medium,personal_lifestyle,medium,logistical,medium,multi_agent,N/A,N/A,100,days,original,numeric,100,100,days,plain_long,3.285420944559,48,23.727033291325913,-20.177103016422354,-2.090323795887024,0.1461420459363082
3560,-1,direct_help,N/A,N/A,train for a marathon,physical_training,medium,personal_lifestyle,medium,training,medium,individual,N/A,N/A,100,days,original,numeric,100,100,days,plain_long,3.285420944559,48,29.389811738008213,-11.404351084227725,-6.553082993801246,0.15935593507138357
3824,-1,direct_help,N/A,N/A,write a one-sentence email reply,communication_plan,low,communication,low,procedural,low,individual,N/A,N/A,100,days,original,numeric,100,100,days,plain_long,3.285420944559,48,-38.26811097924682,22.055783297752274,-9.351170086846276,0.2346962941563993
3956,-1,direct_help,N/A,N/A,write a sensitive email addressing a team conflict,communication_plan,medium,communication,medium,coordination,medium,individual,N/A,N/A,100,days,original,numeric,100,100,days,plain_long,3.285420944559,48,9.314624731045283,-6.38340013689433,-7.4608826553247845,0.1766526914654288
4088,-1,direct_help,N/A,N/A,write a short story,creative_writing,medium,creative,medium,creative,low,individual,N/A,N/A,100,days,original,numeric,100,100,days,plain_long,3.285420944559,48,12.510074435796538,-9.536453814695166,-3.968359232455655,0.18116146011910322
594,-1,task_available_time,<averaged>,N/A,create a single-page personal website,software_project,low,software,low,project,low,individual,N/A,N/A,1,hours,original,numeric,1,1,hour,nof_conv,0.001368925394,36,-36.947230543622936,-25.965085308753306,56.070343379953584,0.33503251919020555
858,-1,task_available_time,<averaged>,N/A,design a communication plan for a company restructuring,communication_plan,high,communication,high,strategic,high,organization,N/A,N/A,1,hours,original,numeric,1,1,hour,nof_conv,0.001368925394,36,-49.648919493811526,-0.8966164667022378,78.99842718279857,0.4172690399724583
2354,-1,task_available_time,<averaged>,N/A,organize a shared drive for a small team,organization_project,medium,administrative,medium,logistical,medium,multi_agent,N/A,N/A,1,hours,original,numeric,1,1,hour,nof_conv,0.001368925394,36,-44.70179575711954,-24.434075285290827,61.15058769857389,0.3138822789019023
2618,-1,task_available_time,<averaged>,N/A,organize files on a desk,organization_project,low,administrative,low,procedural,low,individual,N/A,N/A,1,hours,original,numeric,1,1,hour,nof_conv,0.001368925394,36,-41.715820534478226,-22.326578722148447,33.9260954370252,0.2994514516174914
2926,-1,task_available_time,<averaged>,N/A,plan an international trip,travel_planning,medium,personal_lifestyle,medium,logistical,medium,individual,N/A,N/A,1,hours,original,numeric,1,1,hour,nof_conv,0.001368925394,36,-53.722564032302536,20.07083243982121,40.42496099011224,0.32068968160705075
3828,-1,task_available_time,<averaged>,N/A,write a one-sentence email reply,communication_plan,low,communication,low,procedural,low,individual,N/A,N/A,1,hours,original,numeric,1,1,hour,nof_conv,0.001368925394,36,-95.92260797104116,26.783063093003697,-18.112229629872825,0.6782075710987823
3960,-1,task_available_time,<averaged>,N/A,write a sensitive email addressing a team conflict,communication_plan,medium,communication,medium,coordination,medium,individual,N/A,N/A,1,hours,original,numeric,1,1,hour,nof_conv,0.001368925394,36,-41.5311995100171,-14.344480720255305,32.855216702404036,0.37962315106961775
4092,-1,task_available_time,<averaged>,N/A,write a short story,creative_writing,medium,creative,medium,creative,low,individual,N/A,N/A,1,hours,original,numeric,1,1,hour,nof_conv,0.001368925394,36,-60.03847046314259,3.936156260332975,37.94671369511569,0.41689512922211674
594,-1,direct_help,N/A,N/A,create a single-page personal website,software_project,low,software,low,project,low,individual,N/A,N/A,1,hours,original,numeric,1,1,hour,plain,0.001368925394,48,-21.72041046540168,-34.78611865859065,26.715698143341267,0.18179607635124856
858,-1,direct_help,N/A,N/A,design a communication plan for a company restructuring,communication_plan,high,communication,high,strategic,high,organization,N/A,N/A,1,hours,original,numeric,1,1,hour,plain,0.001368925394,48,-20.925619132830015,-15.611219861522883,31.139381966913326,0.18071156438988897
2354,-1,direct_help,N/A,N/A,organize a shared drive for a small team,organization_project,medium,administrative,medium,logistical,medium,multi_agent,N/A,N/A,1,hours,original,numeric,1,1,hour,plain,0.001368925394,48,-24.48906278702758,-33.220251089356374,11.18093748384338,0.17419606804873303
2618,-1,direct_help,N/A,N/A,organize files on a desk,organization_project,low,administrative,low,procedural,low,individual,N/A,N/A,1,hours,original,numeric,1,1,hour,plain,0.001368925394,48,-24.24248272698464,-30.445251697972413,0.06725328889473481,0.20426856668292523
2926,-1,direct_help,N/A,N/A,plan an international trip,travel_planning,medium,personal_lifestyle,medium,logistical,medium,individual,N/A,N/A,1,hours,original,numeric,1,1,hour,plain,0.001368925394,48,-28.445461086215083,8.414449583579374,4.396188739168682,0.22818852555762373
3828,-1,direct_help,N/A,N/A,write a one-sentence email reply,communication_plan,low,communication,low,procedural,low,individual,N/A,N/A,1,hours,original,numeric,1,1,hour,plain,0.001368925394,48,-79.47336602338585,10.971470558763546,-14.509080747236672,0.324965150287655
3960,-1,direct_help,N/A,N/A,write a sensitive email addressing a team conflict,communication_plan,medium,communication,medium,coordination,medium,individual,N/A,N/A,1,hours,original,numeric,1,1,hour,plain,0.001368925394,48,-20.45984737854185,-18.407041493895303,3.0524577745144406,0.19833708961780205
4092,-1,direct_help,N/A,N/A,write a short story,creative_writing,medium,creative,medium,creative,low,individual,N/A,N/A,1,hours,original,numeric,1,1,hour,plain,0.001368925394,48,-28.284488016145517,-19.713779177709593,15.593960296435935,0.23893421979174956
594,-1,direct_help,N/A,N/A,create a single-page personal website,software_project,low,software,low,project,low,individual,N/A,N/A,1,hours,original,numeric,1,1,hour,plain_long,0.001368925394,48,-9.30974066360265,-25.25561817722564,27.103532162655675,0.1749122356142077
858,-1,direct_help,N/A,N/A,design a communication plan for a company restructuring,communication_plan,high,communication,high,strategic,high,organization,N/A,N/A,1,hours,original,numeric,1,1,hour,plain_long,0.001368925394,48,-9.717479840813276,-13.038637472485725,28.946163689229863,0.16686390608312077
2354,-1,direct_help,N/A,N/A,organize a shared drive for a small team,organization_project,medium,administrative,medium,logistical,medium,multi_agent,N/A,N/A,1,hours,original,numeric,1,1,hour,plain_long,0.001368925394,48,-10.03780698677335,-24.07598840159002,16.290325581885487,0.14648330452561661
2618,-1,direct_help,N/A,N/A,organize files on a desk,organization_project,low,administrative,low,procedural,low,individual,N/A,N/A,1,hours,original,numeric,1,1,hour,plain_long,0.001368925394,48,-8.51270066433545,-20.70675830274792,9.215952382377576,0.1582624194509752
2926,-1,direct_help,N/A,N/A,plan an international trip,travel_planning,medium,personal_lifestyle,medium,logistical,medium,individual,N/A,N/A,1,hours,original,numeric,1,1,hour,plain_long,0.001368925394,48,-13.170740215674904,4.778953013006747,14.771257513698353,0.15381295598838696
3828,-1,direct_help,N/A,N/A,write a one-sentence email reply,communication_plan,low,communication,low,procedural,low,individual,N/A,N/A,1,hours,original,numeric,1,1,hour,plain_long,0.001368925394,48,-56.5042155718286,4.7541351646752075,5.640084369747037,0.24393618411546786
3960,-1,direct_help,N/A,N/A,write a sensitive email addressing a team conflict,communication_plan,medium,communication,medium,coordination,medium,individual,N/A,N/A,1,hours,original,numeric,1,1,hour,plain_long,0.001368925394,48,-11.38921335515414,-18.31856017314374,13.519172033705575,0.18623915916120543
4092,-1,direct_help,N/A,N/A,write a short story,creative_writing,medium,creative,medium,creative,low,individual,N/A,N/A,1,hours,original,numeric,1,1,hour,plain_long,0.001368925394,48,-16.456825154324353,-17.028244581400628,19.968981475334182,0.19957860445259423
598,-1,task_available_time,<averaged>,N/A,create a single-page personal website,software_project,low,software,low,project,low,individual,N/A,N/A,2,hours,original,numeric,2,2,hours,nof_conv,0.002737850787,36,-26.183979160809216,-29.931093033096545,46.1404339551635,0.3325132351417332
862,-1,task_available_time,<averaged>,N/A,design a communication plan for a company restructuring,communication_plan,high,communication,high,strategic,high,organization,N/A,N/A,2,hours,original,numeric,2,2,hours,nof_conv,0.002737850787,36,-35.30067732013848,-7.506564214974897,66.24365042630586,0.41068739498398044
2358,-1,task_available_time,<averaged>,N/A,organize a shared drive for a small team,organization_project,medium,administrative,medium,logistical,medium,multi_agent,N/A,N/A,2,hours,original,numeric,2,2,hours,nof_conv,0.002737850787,36,-34.23366570414301,-27.52714094790409,49.23897026073512,0.3097072822678676
2622,-1,task_available_time,<averaged>,N/A,organize files on a desk,organization_project,low,administrative,low,procedural,low,individual,N/A,N/A,2,hours,original,numeric,2,2,hours,nof_conv,0.002737850787,36,-31.2942888245238,-22.815261953031587,18.82601017138013,0.2952261192922998
2930,-1,task_available_time,<averaged>,N/A,plan an international trip,travel_planning,medium,personal_lifestyle,medium,logistical,medium,individual,N/A,N/A,2,hours,original,numeric,2,2,hours,nof_conv,0.002737850787,36,-38.834284951234046,16.16671906716298,24.536881044880495,0.313787811112093
3832,-1,task_available_time,<averaged>,N/A,write a one-sentence email reply,communication_plan,low,communication,low,procedural,low,individual,N/A,N/A,2,hours,original,numeric,2,2,hours,nof_conv,0.002737850787,36,-92.96488941836269,27.84478941368695,-21.94334785660168,0.6768975899664275
3964,-1,task_available_time,<averaged>,N/A,write a sensitive email addressing a team conflict,communication_plan,medium,communication,medium,coordination,medium,individual,N/A,N/A,2,hours,original,numeric,2,2,hours,nof_conv,0.002737850787,36,-34.42429432230603,-15.050317622137065,22.27070416826064,0.37697376338234984
4096,-1,task_available_time,<averaged>,N/A,write a short story,creative_writing,medium,creative,medium,creative,low,individual,N/A,N/A,2,hours,original,numeric,2,2,hours,nof_conv,0.002737850787,36,-50.33062897838619,2.5133261146103427,25.537025055042324,0.41057395228545457
598,-1,direct_help,N/A,N/A,create a single-page personal website,software_project,low,software,low,project,low,individual,N/A,N/A,2,hours,original,numeric,2,2,hours,plain,0.002737850787,48,-12.496601159968632,-38.149623608419894,16.447413451248803,0.1753071590207534
862,-1,direct_help,N/A,N/A,design a communication plan for a company restructuring,communication_plan,high,communication,high,strategic,high,organization,N/A,N/A,2,hours,original,numeric,2,2,hours,plain,0.002737850787,48,-11.731423113403148,-19.174649629822227,19.350409378685743,0.1729927579769513
2358,-1,direct_help,N/A,N/A,organize a shared drive for a small team,organization_project,medium,administrative,medium,logistical,medium,multi_agent,N/A,N/A,2,hours,original,numeric,2,2,hours,plain,0.002737850787,48,-17.312507176091774,-34.12776081278988,0.6550124010433811,0.16938669465426903
2622,-1,direct_help,N/A,N/A,organize files on a desk,organization_project,low,administrative,low,procedural,low,individual,N/A,N/A,2,hours,original,numeric,2,2,hours,plain,0.002737850787,48,-16.9316198822158,-29.369516902520626,-12.411113645066319,0.19977602072848977
2930,-1,direct_help,N/A,N/A,plan an international trip,travel_planning,medium,personal_lifestyle,medium,logistical,medium,individual,N/A,N/A,2,hours,original,numeric,2,2,hours,plain,0.002737850787,48,-18.836469540636067,4.179783190940082,-9.66506502225294,0.22315729520517127
3832,-1,direct_help,N/A,N/A,write a one-sentence email reply,communication_plan,low,communication,low,procedural,low,individual,N/A,N/A,2,hours,original,numeric,2,2,hours,plain,0.002737850787,48,-75.15747649841529,16.018577754154705,-21.88629442078117,0.32500476791030847
3964,-1,direct_help,N/A,N/A,write a sensitive email addressing a team conflict,communication_plan,medium,communication,medium,coordination,medium,individual,N/A,N/A,2,hours,original,numeric,2,2,hours,plain,0.002737850787,48,-15.447131429800395,-17.837719227516672,-5.574808935806628,0.19644427103341214
4096,-1,direct_help,N/A,N/A,write a short story,creative_writing,medium,creative,medium,creative,low,individual,N/A,N/A,2,hours,original,numeric,2,2,hours,plain,0.002737850787,48,-19.488779290089074,-19.6889282608794,3.0218950553255817,0.23065221025610436
598,-1,direct_help,N/A,N/A,create a single-page personal website,software_project,low,software,low,project,low,individual,N/A,N/A,2,hours,original,numeric,2,2,hours,plain_long,0.002737850787,48,-2.9406369678120643,-27.205656028364054,20.920812561880936,0.17113480824690588
862,-1,direct_help,N/A,N/A,design a communication plan for a company restructuring,communication_plan,high,communication,high,strategic,high,organization,N/A,N/A,2,hours,original,numeric,2,2,hours,plain_long,0.002737850787,48,-3.53165002632683,-15.27826003021252,22.01061749630761,0.1631567020310718
2358,-1,direct_help,N/A,N/A,organize a shared drive for a small team,organization_project,medium,administrative,medium,logistical,medium,multi_agent,N/A,N/A,2,hours,original,numeric,2,2,hours,plain_long,0.002737850787,48,-5.1620290965069415,-24.521953494591664,10.520107605775998,0.14431282582774174
2622,-1,direct_help,N/A,N/A,organize files on a desk,organization_project,low,administrative,low,procedural,low,individual,N/A,N/A,2,hours,original,numeric,2,2,hours,plain_long,0.002737850787,48,-3.3144709044037834,-20.608745736842472,2.469153270239903,0.1551939836564102
2930,-1,direct_help,N/A,N/A,plan an international trip,travel_planning,medium,personal_lifestyle,medium,logistical,medium,individual,N/A,N/A,2,hours,original,numeric,2,2,hours,plain_long,0.002737850787,48,-6.169662735328035,1.9976707378710252,5.92085469893971,0.1487201889582842
3832,-1,direct_help,N/A,N/A,write a one-sentence email reply,communication_plan,low,communication,low,procedural,low,individual,N/A,N/A,2,hours,original,numeric,2,2,hours,plain_long,0.002737850787,48,-53.472912138947976,8.496488492926797,0.3208665667706988,0.24058706815213882
3964,-1,direct_help,N/A,N/A,write a sensitive email addressing a team conflict,communication_plan,medium,communication,medium,coordination,medium,individual,N/A,N/A,2,hours,original,numeric,2,2,hours,plain_long,0.002737850787,48,-7.774846365361429,-18.141803694553293,8.56087347167027,0.183169907556115
4096,-1,direct_help,N/A,N/A,write a short story,creative_writing,medium,creative,medium,creative,low,individual,N/A,N/A,2,hours,original,numeric,2,2,hours,plain_long,0.002737850787,48,-9.130113000769738,-17.517851331048753,12.230546950449598,0.19113988928727108
602,-1,task_available_time,<averaged>,N/A,create a single-page personal website,software_project,low,software,low,project,low,individual,N/A,N/A,3,hours,original,numeric,3,3,hours,nof_conv,0.004106776181,36,-20.14581247926652,-31.80822434732801,39.54757459037031,0.3287603113320622
866,-1,task_available_time,<averaged>,N/A,design a communication plan for a company restructuring,communication_plan,high,communication,high,strategic,high,organization,N/A,N/A,3,hours,original,numeric,3,3,hours,nof_conv,0.004106776181,36,-29.791876938772596,-10.198754834377917,59.43102350989024,0.40280747336299283
2362,-1,task_available_time,<averaged>,N/A,organize a shared drive for a small team,organization_project,medium,administrative,medium,logistical,medium,multi_agent,N/A,N/A,3,hours,original,numeric,3,3,hours,nof_conv,0.004106776181,36,-28.241679285491248,-29.539090991664548,41.73134845041963,0.30579869018341715
2626,-1,task_available_time,<averaged>,N/A,organize files on a desk,organization_project,low,administrative,low,procedural,low,individual,N/A,N/A,3,hours,original,numeric,3,3,hours,nof_conv,0.004106776181,36,-26.279257377098126,-22.4848583311011,9.843565309256123,0.29272427670661755
2934,-1,task_available_time,<averaged>,N/A,plan an international trip,travel_planning,medium,personal_lifestyle,medium,logistical,medium,individual,N/A,N/A,3,hours,original,numeric,3,3,hours,nof_conv,0.004106776181,36,-33.11693407993495,11.503136410197664,18.477243710452054,0.3095699996865813
3836,-1,task_available_time,<averaged>,N/A,write a one-sentence email reply,communication_plan,low,communication,low,procedural,low,individual,N/A,N/A,3,hours,original,numeric,3,3,hours,nof_conv,0.004106776181,36,-92.38270348211594,28.185332190774297,-23.416127143686243,0.6762341692879201
3968,-1,task_available_time,<averaged>,N/A,write a sensitive email addressing a team conflict,communication_plan,medium,communication,medium,coordination,medium,individual,N/A,N/A,3,hours,original,numeric,3,3,hours,nof_conv,0.004106776181,36,-31.74071402178393,-14.02728166374175,16.51824766357685,0.3742042003595986
4100,-1,task_available_time,<averaged>,N/A,write a short story,creative_writing,medium,creative,medium,creative,low,individual,N/A,N/A,3,hours,original,numeric,3,3,hours,nof_conv,0.004106776181,36,-47.06529084920017,2.7938489814555627,19.36428602128987,0.4053702288118456
602,-1,direct_help,N/A,N/A,create a single-page personal website,software_project,low,software,low,project,low,individual,N/A,N/A,3,hours,original,numeric,3,3,hours,plain,0.004106776181,48,-8.249578298198909,-39.07878217095953,12.2743757400709,0.17410298890742892
866,-1,direct_help,N/A,N/A,design a communication plan for a company restructuring,communication_plan,high,communication,high,strategic,high,organization,N/A,N/A,3,hours,original,numeric,3,3,hours,plain,0.004106776181,48,-7.608431027098013,-20.152847193165588,15.12073863229162,0.17024115797654202
2362,-1,direct_help,N/A,N/A,organize a shared drive for a small team,organization_project,medium,administrative,medium,logistical,medium,multi_agent,N/A,N/A,3,hours,original,numeric,3,3,hours,plain,0.004106776181,48,-13.95086647223813,-34.13334654409497,-3.483440461423591,0.1681633735512189
2626,-1,direct_help,N/A,N/A,organize files on a desk,organization_project,low,administrative,low,procedural,low,individual,N/A,N/A,3,hours,original,numeric,3,3,hours,plain,0.004106776181,48,-12.99080924749555,-28.02876727355754,-18.171331489628898,0.19751659135077243
2934,-1,direct_help,N/A,N/A,plan an international trip,travel_planning,medium,personal_lifestyle,medium,logistical,medium,individual,N/A,N/A,3,hours,original,numeric,3,3,hours,plain,0.004106776181,48,-14.239165211921756,2.8148349078676618,-14.78445821559268,0.22215790999174767
3836,-1,direct_help,N/A,N/A,write a one-sentence email reply,communication_plan,low,communication,low,procedural,low,individual,N/A,N/A,3,hours,original,numeric,3,3,hours,plain,0.004106776181,48,-73.62888613630808,17.349773041487808,-23.668198438698933,0.32450044943681966
3968,-1,direct_help,N/A,N/A,write a sensitive email addressing a team conflict,communication_plan,medium,communication,medium,coordination,medium,individual,N/A,N/A,3,hours,original,numeric,3,3,hours,plain,0.004106776181,48,-13.272593122360126,-17.271765128737215,-8.458862350982658,0.19557071656386396
4100,-1,direct_help,N/A,N/A,write a short story,creative_writing,medium,creative,medium,creative,low,individual,N/A,N/A,3,hours,original,numeric,3,3,hours,plain,0.004106776181,48,-16.802638911575663,-19.647606632602162,-0.5973088369766921,0.22944656933128607
602,-1,direct_help,N/A,N/A,create a single-page personal website,software_project,low,software,low,project,low,individual,N/A,N/A,3,hours,original,numeric,3,3,hours,plain_long,0.004106776181,48,-0.024774584385836518,-27.546116947745293,18.39053911787186,0.1699463124839906
866,-1,direct_help,N/A,N/A,design a communication plan for a company restructuring,communication_plan,high,communication,high,strategic,high,organization,N/A,N/A,3,hours,original,numeric,3,3,hours,plain_long,0.004106776181,48,-0.7277145116612244,-15.881574660552236,19.462919062512892,0.16076576465432257
2362,-1,direct_help,N/A,N/A,organize a shared drive for a small team,organization_project,medium,administrative,medium,logistical,medium,multi_agent,N/A,N/A,3,hours,original,numeric,3,3,hours,plain_long,0.004106776181,48,-3.0214675658635146,-24.25192541676113,8.127762336674905,0.14340463487283825
2626,-1,direct_help,N/A,N/A,organize files on a desk,organization_project,low,administrative,low,procedural,low,individual,N/A,N/A,3,hours,original,numeric,3,3,hours,plain_long,0.004106776181,48,-0.5923366955524075,-19.938983069521303,-0.792200010864365,0.15339246121156402
2934,-1,direct_help,N/A,N/A,plan an international trip,travel_planning,medium,personal_lifestyle,medium,logistical,medium,individual,N/A,N/A,3,hours,original,numeric,3,3,hours,plain_long,0.004106776181,48,-3.0090878265666268,0.7429557517441884,2.763389809816182,0.14693351376406052
3836,-1,direct_help,N/A,N/A,write a one-sentence email reply,communication_plan,low,communication,low,procedural,low,individual,N/A,N/A,3,hours,original,numeric,3,3,hours,plain_long,0.004106776181,48,-52.12695251447584,9.376580762214237,-1.11565247117348,0.23891001423645403
3968,-1,direct_help,N/A,N/A,write a sensitive email addressing a team conflict,communication_plan,medium,communication,medium,coordination,medium,individual,N/A,N/A,3,hours,original,numeric,3,3,hours,plain_long,0.004106776181,48,-6.099051662533496,-17.666059188603754,6.859413825693769,0.18173372390948322
4100,-1,direct_help,N/A,N/A,write a short story,creative_writing,medium,creative,medium,creative,low,individual,N/A,N/A,3,hours,original,numeric,3,3,hours,plain_long,0.004106776181,48,-6.937359140777598,-17.279948323539077,9.804742147480605,0.18879864288462628
606,-1,task_available_time,<averaged>,N/A,create a single-page personal website,software_project,low,software,low,project,low,individual,N/A,N/A,4,hours,original,numeric,4,4,hours,nof_conv,0.005475701574,36,-18.234816144227043,-31.279842757008133,34.9553031948977,0.32742321997673673
870,-1,task_available_time,<averaged>,N/A,design a communication plan for a company restructuring,communication_plan,high,communication,high,strategic,high,organization,N/A,N/A,4,hours,original,numeric,4,4,hours,nof_conv,0.005475701574,36,-27.62294877133195,-10.2425383474265,53.64130012071203,0.39935059666326767
2366,-1,task_available_time,<averaged>,N/A,organize a shared drive for a small team,organization_project,medium,administrative,medium,logistical,medium,multi_agent,N/A,N/A,4,hours,original,numeric,4,4,hours,nof_conv,0.005475701574,36,-25.6285161177256,-28.396065996751737,34.21502981428604,0.30126882636605823
2630,-1,task_available_time,<averaged>,N/A,organize files on a desk,organization_project,low,administrative,low,procedural,low,individual,N/A,N/A,4,hours,original,numeric,4,4,hours,nof_conv,0.005475701574,36,-24.14140473123658,-20.32750170615253,3.3030319370666303,0.28967180714631824
2938,-1,task_available_time,<averaged>,N/A,plan an international trip,travel_planning,medium,personal_lifestyle,medium,logistical,medium,individual,N/A,N/A,4,hours,original,numeric,4,4,hours,nof_conv,0.005475701574,36,-29.72235804412423,12.57063601084413,10.543157452945602,0.3094601100892243
3840,-1,task_available_time,<averaged>,N/A,write a one-sentence email reply,communication_plan,low,communication,low,procedural,low,individual,N/A,N/A,4,hours,original,numeric,4,4,hours,nof_conv,0.005475701574,36,-91.85564130911413,28.61003963967182,-24.751901528840587,0.6755025865998173
3972,-1,task_available_time,<averaged>,N/A,write a sensitive email addressing a team conflict,communication_plan,medium,communication,medium,coordination,medium,individual,N/A,N/A,4,hours,original,numeric,4,4,hours,nof_conv,0.005475701574,36,-31.515244258063966,-12.317816512395282,12.701582902017782,0.3728898471449045
4104,-1,task_available_time,<averaged>,N/A,write a short story,creative_writing,medium,creative,medium,creative,low,individual,N/A,N/A,4,hours,original,numeric,4,4,hours,nof_conv,0.005475701574,36,-46.18610238996834,4.058110345804148,15.47174444398271,0.40329457210586606
606,-1,direct_help,N/A,N/A,create a single-page personal website,software_project,low,software,low,project,low,individual,N/A,N/A,4,hours,original,numeric,4,4,hours,plain,0.005475701574,48,-6.588098298488507,-37.32591224472181,6.283113579876877,0.1732792995644887
870,-1,direct_help,N/A,N/A,design a communication plan for a company restructuring,communication_plan,high,communication,high,strategic,high,organization,N/A,N/A,4,hours,original,numeric,4,4,hours,plain,0.005475701574,48,-5.291557127030382,-16.541903059134626,7.245537155934795,0.17011430875160194
2366,-1,direct_help,N/A,N/A,organize a shared drive for a small team,organization_project,medium,administrative,medium,logistical,medium,multi_agent,N/A,N/A,4,hours,original,numeric,4,4,hours,plain,0.005475701574,48,-11.491711544188407,-29.9448588248154,-12.490955524168182,0.16806694231639754
2630,-1,direct_help,N/A,N/A,organize files on a desk,organization_project,low,administrative,low,procedural,low,individual,N/A,N/A,4,hours,original,numeric,4,4,hours,plain,0.005475701574,48,-11.482960188319135,-24.24648960772684,-25.362765705029517,0.19507765554723897
2938,-1,direct_help,N/A,N/A,plan an international trip,travel_planning,medium,personal_lifestyle,medium,logistical,medium,individual,N/A,N/A,4,hours,original,numeric,4,4,hours,plain,0.005475701574,48,-11.235117724944956,4.749736431278835,-23.433146615132998,0.223737055569162
3840,-1,direct_help,N/A,N/A,write a one-sentence email reply,communication_plan,low,communication,low,procedural,low,individual,N/A,N/A,4,hours,original,numeric,4,4,hours,plain,0.005475701574,48,-71.91015263902185,21.609114583168065,-27.33560822721238,0.31911902538848375
3972,-1,direct_help,N/A,N/A,write a sensitive email addressing a team conflict,communication_plan,medium,communication,medium,coordination,medium,individual,N/A,N/A,4,hours,original,numeric,4,4,hours,plain,0.005475701574,48,-11.96958551174524,-12.863910307778376,-15.178030485465912,0.19199895091909994
4104,-1,direct_help,N/A,N/A,write a short story,creative_writing,medium,creative,medium,creative,low,individual,N/A,N/A,4,hours,original,numeric,4,4,hours,plain,0.005475701574,48,-16.12847584026479,-13.293751618484503,-6.7530580236193565,0.22524169013247933
606,-1,direct_help,N/A,N/A,create a single-page personal website,software_project,low,software,low,project,low,individual,N/A,N/A,4,hours,original,numeric,4,4,hours,plain_long,0.005475701574,48,1.2138081667671285,-26.79534499016535,15.035488106497326,0.168279340707933
870,-1,direct_help,N/A,N/A,design a communication plan for a company restructuring,communication_plan,high,communication,high,strategic,high,organization,N/A,N/A,4,hours,original,numeric,4,4,hours,plain_long,0.005475701574,48,1.0215842018425427,-13.750967206936995,14.9639758634108,0.15897400056459904
2366,-1,direct_help,N/A,N/A,organize a shared drive for a small team,organization_project,medium,administrative,medium,logistical,medium,multi_agent,N/A,N/A,4,hours,original,numeric,4,4,hours,plain_long,0.005475701574,48,-1.150439121218401,-22.142855801098754,3.2892216409622588,0.14286087181275367
2630,-1,direct_help,N/A,N/A,organize files on a desk,organization_project,low,administrative,low,procedural,low,individual,N/A,N/A,4,hours,original,numeric,4,4,hours,plain_long,0.005475701574,48,0.7441863096568827,-17.938297966182542,-4.5974216205911675,0.15195006413290282
2938,-1,direct_help,N/A,N/A,plan an international trip,travel_planning,medium,personal_lifestyle,medium,logistical,medium,individual,N/A,N/A,4,hours,original,numeric,4,4,hours,plain_long,0.005475701574,48,-0.7849864363210206,2.287299009906946,-2.634719827159013,0.14827501504716606
3840,-1,direct_help,N/A,N/A,write a one-sentence email reply,communication_plan,low,communication,low,procedural,low,individual,N/A,N/A,4,hours,original,numeric,4,4,hours,plain_long,0.005475701574,48,-50.82737319168028,12.4419340487911,-3.999448708940008,0.23518053463537802
3972,-1,direct_help,N/A,N/A,write a sensitive email addressing a team conflict,communication_plan,medium,communication,medium,coordination,medium,individual,N/A,N/A,4,hours,original,numeric,4,4,hours,plain_long,0.005475701574,48,-5.1678134576495935,-15.210053636020222,2.958945464001336,0.17874153871109594
4104,-1,direct_help,N/A,N/A,write a short story,creative_writing,medium,creative,medium,creative,low,individual,N/A,N/A,4,hours,original,numeric,4,4,hours,plain_long,0.005475701574,48,-6.0567075523136165,-12.854159673316614,5.537611859780719,0.18414433084833534
610,-1,task_available_time,<averaged>,N/A,create a single-page personal website,software_project,low,software,low,project,low,individual,N/A,N/A,5,hours,original,numeric,5,5,hours,nof_conv,0.006844626968,36,-16.08727046877575,-31.716805632948823,33.492305697085385,0.3277799947015836
874,-1,task_available_time,<averaged>,N/A,design a communication plan for a company restructuring,communication_plan,high,communication,high,strategic,high,organization,N/A,N/A,5,hours,original,numeric,5,5,hours,nof_conv,0.006844626968,36,-25.394653635130783,-10.569915747929391,50.629620520784584,0.3981205227722574
2370,-1,task_available_time,<averaged>,N/A,organize a shared drive for a small team,organization_project,medium,administrative,medium,logistical,medium,multi_agent,N/A,N/A,5,hours,original,numeric,5,5,hours,nof_conv,0.006844626968,36,-23.558716005109194,-28.645560188114153,32.33350637062592,0.30173962208890664
2634,-1,task_available_time,<averaged>,N/A,organize files on a desk,organization_project,low,administrative,low,procedural,low,individual,N/A,N/A,5,hours,original,numeric,5,5,hours,nof_conv,0.006844626968,36,-22.521168207617986,-19.809100481170002,2.4847513522919726,0.28918818240889105
2942,-1,task_available_time,<averaged>,N/A,plan an international trip,travel_planning,medium,personal_lifestyle,medium,logistical,medium,individual,N/A,N/A,5,hours,original,numeric,5,5,hours,nof_conv,0.006844626968,36,-27.783657391370188,11.702893329839416,8.488279848632962,0.309515564076758
3844,-1,task_available_time,<averaged>,N/A,write a one-sentence email reply,communication_plan,low,communication,low,procedural,low,individual,N/A,N/A,5,hours,original,numeric,5,5,hours,nof_conv,0.006844626968,36,-91.3479544804067,29.19399510505118,-25.35598472062283,0.6694447953349847
3976,-1,task_available_time,<averaged>,N/A,write a sensitive email addressing a team conflict,communication_plan,medium,communication,medium,coordination,medium,individual,N/A,N/A,5,hours,original,numeric,5,5,hours,nof_conv,0.006844626968,36,-30.821737646849463,-11.117208658782097,11.40052277178337,0.3748190206493805
4108,-1,task_available_time,<averaged>,N/A,write a short story,creative_writing,medium,creative,medium,creative,low,individual,N/A,N/A,5,hours,original,numeric,5,5,hours,nof_conv,0.006844626968,36,-44.60022415783617,4.078240064551643,13.446561023010462,0.3982981403121134
610,-1,direct_help,N/A,N/A,create a single-page personal website,software_project,low,software,low,project,low,individual,N/A,N/A,5,hours,original,numeric,5,5,hours,plain,0.006844626968,48,-4.200323912088438,-38.919452202891755,5.692802462617944,0.17248527666241517
874,-1,direct_help,N/A,N/A,design a communication plan for a company restructuring,communication_plan,high,communication,high,strategic,high,organization,N/A,N/A,5,hours,original,numeric,5,5,hours,plain,0.006844626968,48,-3.454941858902192,-18.088386012918644,7.562829053757565,0.16945025324388924
2370,-1,direct_help,N/A,N/A,organize a shared drive for a small team,organization_project,medium,administrative,medium,logistical,medium,multi_agent,N/A,N/A,5,hours,original,numeric,5,5,hours,plain,0.006844626968,48,-9.13418143800234,-31.90671857797976,-11.309210774081073,0.1678512008077561
2634,-1,direct_help,N/A,N/A,organize files on a desk,organization_project,low,administrative,low,procedural,low,individual,N/A,N/A,5,hours,original,numeric,5,5,hours,plain,0.006844626968,48,-9.453471722667572,-25.68926473487835,-22.56252149900955,0.1976315568489867
2942,-1,direct_help,N/A,N/A,plan an international trip,travel_planning,medium,personal_lifestyle,medium,logistical,medium,individual,N/A,N/A,5,hours,original,numeric,5,5,hours,plain,0.006844626968,48,-8.673367409073071,1.9091976409093248,-22.050872925344578,0.22137494485274326
3844,-1,direct_help,N/A,N/A,write a one-sentence email reply,communication_plan,low,communication,low,procedural,low,individual,N/A,N/A,5,hours,original,numeric,5,5,hours,plain,0.006844626968,48,-70.04233786161652,22.228309935931865,-27.555520798807123,0.31662670174495633
3976,-1,direct_help,N/A,N/A,write a sensitive email addressing a team conflict,communication_plan,medium,communication,medium,coordination,medium,individual,N/A,N/A,5,hours,original,numeric,5,5,hours,plain,0.006844626968,48,-9.83240530625046,-12.398613920005582,-15.868888102089231,0.19545064202827864
4108,-1,direct_help,N/A,N/A,write a short story,creative_writing,medium,creative,medium,creative,low,individual,N/A,N/A,5,hours,original,numeric,5,5,hours,plain,0.006844626968,48,-13.541522120447372,-13.696995647330947,-7.668679397912786,0.22767259114640934
610,-1,direct_help,N/A,N/A,create a single-page personal website,software_project,low,software,low,project,low,individual,N/A,N/A,5,hours,original,numeric,5,5,hours,plain_long,0.006844626968,48,2.7512141779869252,-27.91055533948779,14.643639334204645,0.16882338190724486
874,-1,direct_help,N/A,N/A,design a communication plan for a company restructuring,communication_plan,high,communication,high,strategic,high,organization,N/A,N/A,5,hours,original,numeric,5,5,hours,plain_long,0.006844626968,48,2.3690487353912366,-14.963054349814227,15.104444220492713,0.15839051869435422
2370,-1,direct_help,N/A,N/A,organize a shared drive for a small team,organization_project,medium,administrative,medium,logistical,medium,multi_agent,N/A,N/A,5,hours,original,numeric,5,5,hours,plain_long,0.006844626968,48,0.07367794980010789,-23.37397095581565,3.837087722937599,0.14257499959764464
2634,-1,direct_help,N/A,N/A,organize files on a desk,organization_project,low,administrative,low,procedural,low,individual,N/A,N/A,5,hours,original,numeric,5,5,hours,plain_long,0.006844626968,48,1.8324547552677708,-18.987794995790175,-2.881460644553408,0.15187701143120574
2942,-1,direct_help,N/A,N/A,plan an international trip,travel_planning,medium,personal_lifestyle,medium,logistical,medium,individual,N/A,N/A,5,hours,original,numeric,5,5,hours,plain_long,0.006844626968,48,0.9151992660546474,0.04178095187101931,-1.7490498893723792,0.14603511217524837
3844,-1,direct_help,N/A,N/A,write a one-sentence email reply,communication_plan,low,communication,low,procedural,low,individual,N/A,N/A,5,hours,original,numeric,5,5,hours,plain_long,0.006844626968,48,-49.02444623702329,12.842536194276901,-3.893053009241849,0.23338507415894302
3976,-1,direct_help,N/A,N/A,write a sensitive email addressing a team conflict,communication_plan,medium,communication,medium,coordination,medium,individual,N/A,N/A,5,hours,original,numeric,5,5,hours,plain_long,0.006844626968,48,-3.6586882884338476,-15.44169797861651,2.622652573160951,0.1792468981322203
4108,-1,direct_help,N/A,N/A,write a short story,creative_writing,medium,creative,medium,creative,low,individual,N/A,N/A,5,hours,original,numeric,5,5,hours,plain_long,0.006844626968,48,-4.226763316055373,-12.97308377335318,4.94417239674709,0.18393910284157575
614,-1,task_available_time,<averaged>,N/A,create a single-page personal website,software_project,low,software,low,project,low,individual,N/A,N/A,10,hours,original,numeric,10,10,hours,nof_conv,0.013689253936,36,-9.023327754885116,-31.33212672800427,24.093431420652617,0.3217818382447597
878,-1,task_available_time,<averaged>,N/A,design a communication plan for a company restructuring,communication_plan,high,communication,high,strategic,high,organization,N/A,N/A,10,hours,original,numeric,10,10,hours,nof_conv,0.013689253936,36,-18.020055247951394,-10.806298732735751,37.10923670424301,0.3832732170304489
2374,-1,task_available_time,<averaged>,N/A,organize a shared drive for a small team,organization_project,medium,administrative,medium,logistical,medium,multi_agent,N/A,N/A,10,hours,original,numeric,10,10,hours,nof_conv,0.013689253936,36,-15.815173397310492,-27.131398942828103,19.00786084963691,0.2926896837291468
2638,-1,task_available_time,<averaged>,N/A,organize files on a desk,organization_project,low,administrative,low,procedural,low,individual,N/A,N/A,10,hours,original,numeric,10,10,hours,nof_conv,0.013689253936,36,-17.024405669008782,-15.451517708805245,-7.253660548076581,0.2849131044003287
2946,-1,task_available_time,<averaged>,N/A,plan an international trip,travel_planning,medium,personal_lifestyle,medium,logistical,medium,individual,N/A,N/A,10,hours,original,numeric,10,10,hours,nof_conv,0.013689253936,36,-19.53147535147738,8.87365574506992,-3.7668517747874795,0.30308251898171173
3848,-1,task_available_time,<averaged>,N/A,write a one-sentence email reply,communication_plan,low,communication,low,procedural,low,individual,N/A,N/A,10,hours,original,numeric,10,10,hours,nof_conv,0.013689253936,36,-88.91158375219896,30.742618347091838,-27.410296403792834,0.6780144204034174
3980,-1,task_available_time,<averaged>,N/A,write a sensitive email addressing a team conflict,communication_plan,medium,communication,medium,coordination,medium,individual,N/A,N/A,10,hours,original,numeric,10,10,hours,nof_conv,0.013689253936,36,-25.962268182361623,-8.077946523903547,1.7401927770700183,0.3687733540725784
4112,-1,task_available_time,<averaged>,N/A,write a short story,creative_writing,medium,creative,medium,creative,low,individual,N/A,N/A,10,hours,original,numeric,10,10,hours,nof_conv,0.013689253936,36,-40.508338929543555,5.975061949101886,6.269815304917136,0.3918181207487905
614,-1,direct_help,N/A,N/A,create a single-page personal website,software_project,low,software,low,project,low,individual,N/A,N/A,10,hours,original,numeric,10,10,hours,plain,0.013689253936,48,1.983038801481005,-36.41658649556959,-2.1732358956335043,0.17039646879110493
878,-1,direct_help,N/A,N/A,design a communication plan for a company restructuring,communication_plan,high,communication,high,strategic,high,organization,N/A,N/A,10,hours,original,numeric,10,10,hours,plain,0.013689253936,48,3.506919591040363,-17.678709915721807,-0.9097633109500421,0.16427272568321005
2374,-1,direct_help,N/A,N/A,organize a shared drive for a small team,organization_project,medium,administrative,medium,logistical,medium,multi_agent,N/A,N/A,10,hours,original,numeric,10,10,hours,plain,0.013689253936,48,-3.325326967298581,-29.421421436343113,-19.85545339733512,0.16457287356822836
2638,-1,direct_help,N/A,N/A,organize files on a desk,organization_project,low,administrative,low,procedural,low,individual,N/A,N/A,10,hours,original,numeric,10,10,hours,plain,0.013689253936,48,-4.834755200646121,-21.13613970521343,-29.634129814150693,0.1928163942478394
2946,-1,direct_help,N/A,N/A,plan an international trip,travel_planning,medium,personal_lifestyle,medium,logistical,medium,individual,N/A,N/A,10,hours,original,numeric,10,10,hours,plain,0.013689253936,48,-2.2368590035887714,0.01111500843413138,-29.0683604471853,0.21329173317273645
3848,-1,direct_help,N/A,N/A,write a one-sentence email reply,communication_plan,low,communication,low,procedural,low,individual,N/A,N/A,10,hours,original,numeric,10,10,hours,plain,0.013689253936,48,-66.64933277875426,26.60787998234722,-31.078129523640946,0.31410661897733394
3980,-1,direct_help,N/A,N/A,write a sensitive email addressing a team conflict,communication_plan,medium,communication,medium,coordination,medium,individual,N/A,N/A,10,hours,original,numeric,10,10,hours,plain,0.013689253936,48,-5.935573348651082,-6.505983230019376,-22.227326348314904,0.19493970824778556
4112,-1,direct_help,N/A,N/A,write a short story,creative_writing,medium,creative,medium,creative,low,individual,N/A,N/A,10,hours,original,numeric,10,10,hours,plain,0.013689253936,48,-8.544944757086597,-9.577994114570645,-13.892081865965814,0.22810835772974036
614,-1,direct_help,N/A,N/A,create a single-page personal website,software_project,low,software,low,project,low,individual,N/A,N/A,10,hours,original,numeric,10,10,hours,plain_long,0.013689253936,48,7.3726381984653795,-26.598458021182235,9.902403245974044,0.16637642476779257
878,-1,direct_help,N/A,N/A,design a communication plan for a company restructuring,communication_plan,high,communication,high,strategic,high,organization,N/A,N/A,10,hours,original,numeric,10,10,hours,plain_long,0.013689253936,48,7.295327120658514,-14.622046126835574,9.93769778419095,0.1557667130016336
2374,-1,direct_help,N/A,N/A,organize a shared drive for a small team,organization_project,medium,administrative,medium,logistical,medium,multi_agent,N/A,N/A,10,hours,original,numeric,10,10,hours,plain_long,0.013689253936,48,4.277074310520998,-21.75698947964674,-1.203616586927071,0.14160792753272597
2638,-1,direct_help,N/A,N/A,organize files on a desk,organization_project,low,administrative,low,procedural,low,individual,N/A,N/A,10,hours,original,numeric,10,10,hours,plain_long,0.013689253936,48,5.457810689610328,-16.365861804538273,-7.178207838941516,0.14999263486660563
2946,-1,direct_help,N/A,N/A,plan an international trip,travel_planning,medium,personal_lifestyle,medium,logistical,medium,individual,N/A,N/A,10,hours,original,numeric,10,10,hours,plain_long,0.013689253936,48,5.992898749012747,-2.4138073881709845,-6.622270576900202,0.14223865500874677
3848,-1,direct_help,N/A,N/A,write a one-sentence email reply,communication_plan,low,communication,low,procedural,low,individual,N/A,N/A,10,hours,original,numeric,10,10,hours,plain_long,0.013689253936,48,-45.854157270993795,16.236332454629704,-7.019523081347346,0.22999839103012767
3980,-1,direct_help,N/A,N/A,write a sensitive email addressing a team conflict,communication_plan,medium,communication,medium,coordination,medium,individual,N/A,N/A,10,hours,original,numeric,10,10,hours,plain_long,0.013689253936,48,-0.37240100196198367,-11.68498659268463,-1.8553218057908043,0.17812177350437472
4112,-1,direct_help,N/A,N/A,write a short story,creative_writing,medium,creative,medium,creative,low,individual,N/A,N/A,10,hours,original,numeric,10,10,hours,plain_long,0.013689253936,48,-0.013978775447978944,-9.844446290174673,0.46652922662068563,0.18295571307773678
618,-1,task_available_time,<averaged>,N/A,create a single-page personal website,software_project,low,software,low,project,low,individual,N/A,N/A,20,hours,original,numeric,20,20,hours,nof_conv,0.027378507871,36,-3.438885414082505,-29.985358230100587,16.85503979545351,0.31982179694753515
882,-1,task_available_time,<averaged>,N/A,design a communication plan for a company restructuring,communication_plan,high,communication,high,strategic,high,organization,N/A,N/A,20,hours,original,numeric,20,20,hours,nof_conv,0.027378507871,36,-11.422452892091185,-10.757597104326818,27.96934983761853,0.37530140316953686
2378,-1,task_available_time,<averaged>,N/A,organize a shared drive for a small team,organization_project,medium,administrative,medium,logistical,medium,multi_agent,N/A,N/A,20,hours,original,numeric,20,20,hours,nof_conv,0.027378507871,36,-10.73753184021059,-25.36667052320669,10.192877180569695,0.28668285836303486
2642,-1,task_available_time,<averaged>,N/A,organize files on a desk,organization_project,low,administrative,low,procedural,low,individual,N/A,N/A,20,hours,original,numeric,20,20,hours,nof_conv,0.027378507871,36,-13.60433558394006,-10.179613602825563,-16.16928838460125,0.2762815810276654
2950,-1,task_available_time,<averaged>,N/A,plan an international trip,travel_planning,medium,personal_lifestyle,medium,logistical,medium,individual,N/A,N/A,20,hours,original,numeric,20,20,hours,nof_conv,0.027378507871,36,-11.940068136663344,5.824410072300287,-10.909856943743767,0.2991664682308402
3852,-1,task_available_time,<averaged>,N/A,write a one-sentence email reply,communication_plan,low,communication,low,procedural,low,individual,N/A,N/A,20,hours,original,numeric,20,20,hours,nof_conv,0.027378507871,36,-88.05923777978698,31.961954401048214,-28.393892949227194,0.679322998559851
3984,-1,task_available_time,<averaged>,N/A,write a sensitive email addressing a team conflict,communication_plan,medium,communication,medium,coordination,medium,individual,N/A,N/A,20,hours,original,numeric,20,20,hours,nof_conv,0.027378507871,36,-22.414785822608017,-6.252977477288932,-4.308903628636173,0.36388502335568224
4116,-1,task_available_time,<averaged>,N/A,write a short story,creative_writing,medium,creative,medium,creative,low,individual,N/A,N/A,20,hours,original,numeric,20,20,hours,nof_conv,0.027378507871,36,-35.83361753001834,7.91286778503031,1.4545341289826363,0.3904394543076341
618,-1,direct_help,N/A,N/A,create a single-page personal website,software_project,low,software,low,project,low,individual,N/A,N/A,20,hours,original,numeric,20,20,hours,plain,0.027378507871,48,5.810178206385835,-33.450823122551455,-6.860519640112574,0.16747147985564131
882,-1,direct_help,N/A,N/A,design a communication plan for a company restructuring,communication_plan,high,communication,high,strategic,high,organization,N/A,N/A,20,hours,original,numeric,20,20,hours,plain,0.027378507871,48,7.180001789304647,-17.59109980222762,-5.969621639568724,0.15686890173918291
2378,-1,direct_help,N/A,N/A,organize a shared drive for a small team,organization_project,medium,administrative,medium,logistical,medium,multi_agent,N/A,N/A,20,hours,original,numeric,20,20,hours,plain,0.027378507871,48,-0.49603134324422127,-25.878893859776678,-24.03943930246167,0.15798330412145034
2642,-1,direct_help,N/A,N/A,organize files on a desk,organization_project,low,administrative,low,procedural,low,individual,N/A,N/A,20,hours,original,numeric,20,20,hours,plain,0.027378507871,48,-2.48034436592619,-16.0920678462688,-34.57837943705316,0.18533487734602658
2950,-1,direct_help,N/A,N/A,plan an international trip,travel_planning,medium,personal_lifestyle,medium,logistical,medium,individual,N/A,N/A,20,hours,original,numeric,20,20,hours,plain,0.027378507871,48,1.935035384537108,-2.9527727840595253,-32.52946918871374,0.20137108932092282
3852,-1,direct_help,N/A,N/A,write a one-sentence email reply,communication_plan,low,communication,low,procedural,low,individual,N/A,N/A,20,hours,original,numeric,20,20,hours,plain,0.027378507871,48,-63.696936370043545,30.74158603723751,-33.49302974039555,0.30543967252613985
3984,-1,direct_help,N/A,N/A,write a sensitive email addressing a team conflict,communication_plan,medium,communication,medium,coordination,medium,individual,N/A,N/A,20,hours,original,numeric,20,20,hours,plain,0.027378507871,48,-4.25459022525672,-1.759842668258527,-26.16022731819104,0.1926826291965075
4116,-1,direct_help,N/A,N/A,write a short story,creative_writing,medium,creative,medium,creative,low,individual,N/A,N/A,20,hours,original,numeric,20,20,hours,plain,0.027378507871,48,-5.205155286451508,-5.373558544233935,-17.34196372962922,0.22454728925304165
618,-1,direct_help,N/A,N/A,create a single-page personal website,software_project,low,software,low,project,low,individual,N/A,N/A,20,hours,original,numeric,20,20,hours,plain_long,0.027378507871,48,10.547091763028945,-24.69086966310444,6.859457858765089,0.1663317419010611
882,-1,direct_help,N/A,N/A,design a communication plan for a company restructuring,communication_plan,high,communication,high,strategic,high,organization,N/A,N/A,20,hours,original,numeric,20,20,hours,plain_long,0.027378507871,48,10.110944061018685,-14.007192764881855,6.717064235594409,0.15515521141083355
2378,-1,direct_help,N/A,N/A,organize a shared drive for a small team,organization_project,medium,administrative,medium,logistical,medium,multi_agent,N/A,N/A,20,hours,original,numeric,20,20,hours,plain_long,0.027378507871,48,6.75726932034946,-19.52028233271299,-3.694825247786505,0.14012227256587234
2642,-1,direct_help,N/A,N/A,organize files on a desk,organization_project,low,administrative,low,procedural,low,individual,N/A,N/A,20,hours,original,numeric,20,20,hours,plain_long,0.027378507871,48,7.684918096619793,-13.41346923974137,-10.264702650954558,0.1468431071272885
2950,-1,direct_help,N/A,N/A,plan an international trip,travel_planning,medium,personal_lifestyle,medium,logistical,medium,individual,N/A,N/A,20,hours,original,numeric,20,20,hours,plain_long,0.027378507871,48,9.493005084102297,-4.067778490146572,-9.128060425469608,0.1386478002729835
3852,-1,direct_help,N/A,N/A,write a one-sentence email reply,communication_plan,low,communication,low,procedural,low,individual,N/A,N/A,20,hours,original,numeric,20,20,hours,plain_long,0.027378507871,48,-43.34872827513877,20.389104691423675,-9.120315577715832,0.22598099866879473
3984,-1,direct_help,N/A,N/A,write a sensitive email addressing a team conflict,communication_plan,medium,communication,medium,coordination,medium,individual,N/A,N/A,20,hours,original,numeric,20,20,hours,plain_long,0.027378507871,48,1.5451161401902014,-7.977920285509129,-4.8091787533025245,0.17691947261383642
4116,-1,direct_help,N/A,N/A,write a short story,creative_writing,medium,creative,medium,creative,low,individual,N/A,N/A,20,hours,original,numeric,20,20,hours,plain_long,0.027378507871,48,3.1248828874145373,-5.795018856791769,-2.250287214086282,0.18290134524641322
622,-1,task_available_time,<averaged>,N/A,create a single-page personal website,software_project,low,software,low,project,low,individual,N/A,N/A,30,hours,original,numeric,30,30,hours,nof_conv,0.041067761807,36,-1.0068952023970044,-26.563650355416343,10.805788521412648,0.3183859920104152
886,-1,task_available_time,<averaged>,N/A,design a communication plan for a company restructuring,communication_plan,high,communication,high,strategic,high,organization,N/A,N/A,30,hours,original,numeric,30,30,hours,nof_conv,0.041067761807,36,-8.503610970107855,-7.357327430533214,21.050459151044464,0.37291557707251244
2382,-1,task_available_time,<averaged>,N/A,organize a shared drive for a small team,organization_project,medium,administrative,medium,logistical,medium,multi_agent,N/A,N/A,30,hours,original,numeric,30,30,hours,nof_conv,0.041067761807,36,-7.603739773918972,-21.274406672166826,3.656815635456017,0.28664259617957916
2646,-1,task_available_time,<averaged>,N/A,organize files on a desk,organization_project,low,administrative,low,procedural,low,individual,N/A,N/A,30,hours,original,numeric,30,30,hours,nof_conv,0.041067761807,36,-11.403254420239788,-2.7592245874887187,-21.668349158091175,0.2736835806906593
2954,-1,task_available_time,<averaged>,N/A,plan an international trip,travel_planning,medium,personal_lifestyle,medium,logistical,medium,individual,N/A,N/A,30,hours,original,numeric,30,30,hours,nof_conv,0.041067761807,36,-8.205777002049466,8.040190667193455,-15.965220770765528,0.2975915503652451
3856,-1,task_available_time,<averaged>,N/A,write a one-sentence email reply,communication_plan,low,communication,low,procedural,low,individual,N/A,N/A,30,hours,original,numeric,30,30,hours,nof_conv,0.041067761807,36,-87.03840986997585,33.65174044785577,-29.94771791272839,0.6831809885574849
3988,-1,task_available_time,<averaged>,N/A,write a sensitive email addressing a team conflict,communication_plan,medium,communication,medium,coordination,medium,individual,N/A,N/A,30,hours,original,numeric,30,30,hours,nof_conv,0.041067761807,36,-20.048369762988386,-1.4958628396878422,-10.534341448179358,0.3628716332160323
4120,-1,task_available_time,<averaged>,N/A,write a short story,creative_writing,medium,creative,medium,creative,low,individual,N/A,N/A,30,hours,original,numeric,30,30,hours,nof_conv,0.041067761807,36,-34.715041138725304,10.596369155748558,-2.7185340362922155,0.3874059277479299
622,-1,direct_help,N/A,N/A,create a single-page personal website,software_project,low,software,low,project,low,individual,N/A,N/A,30,hours,original,numeric,30,30,hours,plain,0.041067761807,48,7.040887651412622,-30.651361584665306,-9.890156089073823,0.16806284859384837
886,-1,direct_help,N/A,N/A,design a communication plan for a company restructuring,communication_plan,high,communication,high,strategic,high,organization,N/A,N/A,30,hours,original,numeric,30,30,hours,plain,0.041067761807,48,9.14888029472668,-15.873353407057932,-9.121228054478358,0.15671975622170434
2382,-1,direct_help,N/A,N/A,organize a shared drive for a small team,organization_project,medium,administrative,medium,logistical,medium,multi_agent,N/A,N/A,30,hours,original,numeric,30,30,hours,plain,0.041067761807,48,0.8168934622003103,-22.6753989177937,-26.666990649590787,0.15710549959371087
2646,-1,direct_help,N/A,N/A,organize files on a desk,organization_project,low,administrative,low,procedural,low,individual,N/A,N/A,30,hours,original,numeric,30,30,hours,plain,0.041067761807,48,-1.323387310406878,-13.445214547963394,-36.0848620680808,0.18378994912473612
2954,-1,direct_help,N/A,N/A,plan an international trip,travel_planning,medium,personal_lifestyle,medium,logistical,medium,individual,N/A,N/A,30,hours,original,numeric,30,30,hours,plain,0.041067761807,48,3.7247573369508893,-2.429285825039508,-33.862485938505465,0.20049584934911086
3856,-1,direct_help,N/A,N/A,write a one-sentence email reply,communication_plan,low,communication,low,procedural,low,individual,N/A,N/A,30,hours,original,numeric,30,30,hours,plain,0.041067761807,48,-62.79871746847243,32.35518181938383,-35.01733911132895,0.3054040027483278
3988,-1,direct_help,N/A,N/A,write a sensitive email addressing a team conflict,communication_plan,medium,communication,medium,coordination,medium,individual,N/A,N/A,30,hours,original,numeric,30,30,hours,plain,0.041067761807,48,-3.141416631207659,-1.1630090525660957,-27.88077401982249,0.19118626157718593
4120,-1,direct_help,N/A,N/A,write a short story,creative_writing,medium,creative,medium,creative,low,individual,N/A,N/A,30,hours,original,numeric,30,30,hours,plain,0.041067761807,48,-3.4764005549726367,-5.431145995516953,-19.84229448077339,0.2245890817459695
622,-1,direct_help,N/A,N/A,create a single-page personal website,software_project,low,software,low,project,low,individual,N/A,N/A,30,hours,original,numeric,30,30,hours,plain_long,0.041067761807,48,11.857454978173,-23.02630965601385,4.916047016898206,0.1666258301332442
886,-1,direct_help,N/A,N/A,design a communication plan for a company restructuring,communication_plan,high,communication,high,strategic,high,organization,N/A,N/A,30,hours,original,numeric,30,30,hours,plain_long,0.041067761807,48,11.754058845423108,-12.761181870339025,4.77484072530376,0.15613218501479179
2382,-1,direct_help,N/A,N/A,organize a shared drive for a small team,organization_project,medium,administrative,medium,logistical,medium,multi_agent,N/A,N/A,30,hours,original,numeric,30,30,hours,plain_long,0.041067761807,48,8.052766657624206,-17.583286155652672,-5.396547804713309,0.14101661560191933
2646,-1,direct_help,N/A,N/A,organize files on a desk,organization_project,low,administrative,low,procedural,low,individual,N/A,N/A,30,hours,original,numeric,30,30,hours,plain_long,0.041067761807,48,8.811511464654785,-11.57661304080133,-11.452547254041509,0.14644882460528955
2954,-1,direct_help,N/A,N/A,plan an international trip,travel_planning,medium,personal_lifestyle,medium,logistical,medium,individual,N/A,N/A,30,hours,original,numeric,30,30,hours,plain_long,0.041067761807,48,11.150780482522345,-3.7010556632084772,-10.485874852894577,0.14001714878541646
3856,-1,direct_help,N/A,N/A,write a one-sentence email reply,communication_plan,low,communication,low,procedural,low,individual,N/A,N/A,30,hours,original,numeric,30,30,hours,plain_long,0.041067761807,48,-42.16478674240878,21.460586223368743,-10.22818024988863,0.22510754140338501
3988,-1,direct_help,N/A,N/A,write a sensitive email addressing a team conflict,communication_plan,medium,communication,medium,coordination,medium,individual,N/A,N/A,30,hours,original,numeric,30,30,hours,plain_long,0.041067761807,48,2.4082968236707396,-7.46201733831397,-5.653714971009674,0.17679715795550588
4120,-1,direct_help,N/A,N/A,write a short story,creative_writing,medium,creative,medium,creative,low,individual,N/A,N/A,30,hours,original,numeric,30,30,hours,plain_long,0.041067761807,48,4.646952278280024,-6.494834526707372,-4.166158997417924,0.18196371118420504
626,-1,task_available_time,<averaged>,N/A,create a single-page personal website,software_project,low,software,low,project,low,individual,N/A,N/A,50,hours,original,numeric,50,50,hours,nof_conv,0.068446269678,36,2.2603963050162186,-23.51107306115799,4.506815277652736,0.3156738573500867
890,-1,task_available_time,<averaged>,N/A,design a communication plan for a company restructuring,communication_plan,high,communication,high,strategic,high,organization,N/A,N/A,50,hours,original,numeric,50,50,hours,nof_conv,0.068446269678,36,-1.8913933498525937,-5.768827290513525,12.861374342292228,0.3638094602532661
2386,-1,task_available_time,<averaged>,N/A,organize a shared drive for a small team,organization_project,medium,administrative,medium,logistical,medium,multi_agent,N/A,N/A,50,hours,original,numeric,50,50,hours,nof_conv,0.068446269678,36,-2.4395158694454513,-20.954421780298176,-1.2238323214796725,0.28245573494218795
2650,-1,task_available_time,<averaged>,N/A,organize files on a desk,organization_project,low,administrative,low,procedural,low,individual,N/A,N/A,50,hours,original,numeric,50,50,hours,nof_conv,0.068446269678,36,-8.055456993982455,0.46894879034528175,-23.738786928745345,0.2713549789754728
2958,-1,task_available_time,<averaged>,N/A,plan an international trip,travel_planning,medium,personal_lifestyle,medium,logistical,medium,individual,N/A,N/A,50,hours,original,numeric,50,50,hours,nof_conv,0.068446269678,36,-1.2093566879049822,5.051925441668773,-20.05126794622201,0.2903730541575686
3860,-1,task_available_time,<averaged>,N/A,write a one-sentence email reply,communication_plan,low,communication,low,procedural,low,individual,N/A,N/A,50,hours,original,numeric,50,50,hours,nof_conv,0.068446269678,36,-85.81338874572457,36.188233188209345,-31.468609928936484,0.6833342312743995
3992,-1,task_available_time,<averaged>,N/A,write a sensitive email addressing a team conflict,communication_plan,medium,communication,medium,coordination,medium,individual,N/A,N/A,50,hours,original,numeric,50,50,hours,nof_conv,0.068446269678,36,-16.337588417792446,4.833596015633874,-17.943929396000854,0.3641499869868372
4124,-1,task_available_time,<averaged>,N/A,write a short story,creative_writing,medium,creative,medium,creative,low,individual,N/A,N/A,50,hours,original,numeric,50,50,hours,nof_conv,0.068446269678,36,-30.962980373070813,12.92638649259143,-6.908585310469418,0.3897068205766252
626,-1,direct_help,N/A,N/A,create a single-page personal website,software_project,low,software,low,project,low,individual,N/A,N/A,50,hours,original,numeric,50,50,hours,plain,0.068446269678,48,10.74637052146712,-28.985685610548174,-13.335237274449447,0.17212410446974225
890,-1,direct_help,N/A,N/A,design a communication plan for a company restructuring,communication_plan,high,communication,high,strategic,high,organization,N/A,N/A,50,hours,original,numeric,50,50,hours,plain,0.068446269678,48,13.268142888411136,-14.361109880470154,-12.267672149140258,0.15707697792535513
2386,-1,direct_help,N/A,N/A,organize a shared drive for a small team,organization_project,medium,administrative,medium,logistical,medium,multi_agent,N/A,N/A,50,hours,original,numeric,50,50,hours,plain,0.068446269678,48,6.22612290825294,-23.11012382541238,-27.899604330858608,0.15961240361505694
2650,-1,direct_help,N/A,N/A,organize files on a desk,organization_project,low,administrative,low,procedural,low,individual,N/A,N/A,50,hours,original,numeric,50,50,hours,plain,0.068446269678,48,2.8225814978415817,-11.153966543839166,-35.7072478592222,0.18898491106852677
2958,-1,direct_help,N/A,N/A,plan an international trip,travel_planning,medium,personal_lifestyle,medium,logistical,medium,individual,N/A,N/A,50,hours,original,numeric,50,50,hours,plain,0.068446269678,48,9.715043726998141,-4.702551075678579,-33.385731639767044,0.19312070474166435
3860,-1,direct_help,N/A,N/A,write a one-sentence email reply,communication_plan,low,communication,low,procedural,low,individual,N/A,N/A,50,hours,original,numeric,50,50,hours,plain,0.068446269678,48,-59.56669846353225,37.107097069737875,-36.47362922432126,0.3078885143209544
3992,-1,direct_help,N/A,N/A,write a sensitive email addressing a team conflict,communication_plan,medium,communication,medium,coordination,medium,individual,N/A,N/A,50,hours,original,numeric,50,50,hours,plain,0.068446269678,48,-0.3110389997200278,3.8744126125874243,-29.701339761845034,0.20095934884282718
4124,-1,direct_help,N/A,N/A,write a short story,creative_writing,medium,creative,medium,creative,low,individual,N/A,N/A,50,hours,original,numeric,50,50,hours,plain,0.068446269678,48,0.8749752648527487,-1.5289994274303913,-21.97609545538476,0.23152641932018286
626,-1,direct_help,N/A,N/A,create a single-page personal website,software_project,low,software,low,project,low,individual,N/A,N/A,50,hours,original,numeric,50,50,hours,plain_long,0.068446269678,48,14.525464515203897,-22.607846799693473,2.662282043441172,0.16812102940168144
890,-1,direct_help,N/A,N/A,design a communication plan for a company restructuring,communication_plan,high,communication,high,strategic,high,organization,N/A,N/A,50,hours,original,numeric,50,50,hours,plain_long,0.068446269678,48,14.683824811598885,-12.26194544658386,2.780430104148634,0.1559616567907807
2386,-1,direct_help,N/A,N/A,organize a shared drive for a small team,organization_project,medium,administrative,medium,logistical,medium,multi_agent,N/A,N/A,50,hours,original,numeric,50,50,hours,plain_long,0.068446269678,48,11.3137728002669,-18.236289000287034,-5.957578903971031,0.14297295599924245
2650,-1,direct_help,N/A,N/A,organize files on a desk,organization_project,low,administrative,low,procedural,low,individual,N/A,N/A,50,hours,original,numeric,50,50,hours,plain_long,0.068446269678,48,11.615550464329525,-11.111022346853993,-10.924672568433541,0.148665434831021
2958,-1,direct_help,N/A,N/A,plan an international trip,travel_planning,medium,personal_lifestyle,medium,logistical,medium,individual,N/A,N/A,50,hours,original,numeric,50,50,hours,plain_long,0.068446269678,48,15.07001001269662,-5.284542563335656,-9.925085150635589,0.13871490522406313
3860,-1,direct_help,N/A,N/A,write a one-sentence email reply,communication_plan,low,communication,low,procedural,low,individual,N/A,N/A,50,hours,original,numeric,50,50,hours,plain_long,0.068446269678,48,-39.57736212743203,24.160679273929347,-11.004015729503408,0.22606077814278128
3992,-1,direct_help,N/A,N/A,write a sensitive email addressing a team conflict,communication_plan,medium,communication,medium,coordination,medium,individual,N/A,N/A,50,hours,original,numeric,50,50,hours,plain_long,0.068446269678,48,4.80910476676749,-4.546858945299932,-7.198891714313909,0.1797242841601203
4124,-1,direct_help,N/A,N/A,write a short story,creative_writing,medium,creative,medium,creative,low,individual,N/A,N/A,50,hours,original,numeric,50,50,hours,plain_long,0.068446269678,48,8.129901873002357,-3.36910725220723,-5.755463880901074,0.18565776519101773
630,-1,task_available_time,<averaged>,N/A,create a single-page personal website,software_project,low,software,low,project,low,individual,N/A,N/A,70,hours,original,numeric,70,70,hours,nof_conv,0.09582477755,36,2.8968995880237376,-18.77840244622235,-1.8399301706612041,0.31330920645564697
894,-1,task_available_time,<averaged>,N/A,design a communication plan for a company restructuring,communication_plan,high,communication,high,strategic,high,organization,N/A,N/A,70,hours,original,numeric,70,70,hours,nof_conv,0.09582477755,36,-0.446699533211287,-2.6878748183257053,5.502914579949475,0.3610070624214052
2390,-1,task_available_time,<averaged>,N/A,organize a shared drive for a small team,organization_project,medium,administrative,medium,logistical,medium,multi_agent,N/A,N/A,70,hours,original,numeric,70,70,hours,nof_conv,0.09582477755,36,-0.537497395027013,-13.87948908144024,-11.322372313939908,0.2784385188904196
2654,-1,task_available_time,<averaged>,N/A,organize files on a desk,organization_project,low,administrative,low,procedural,low,individual,N/A,N/A,70,hours,original,numeric,70,70,hours,nof_conv,0.09582477755,36,-6.8603030318599165,7.264552825896478,-31.51008181007762,0.2693141700777205
2962,-1,task_available_time,<averaged>,N/A,plan an international trip,travel_planning,medium,personal_lifestyle,medium,logistical,medium,individual,N/A,N/A,70,hours,original,numeric,70,70,hours,nof_conv,0.09582477755,36,0.825323059828313,7.234929303821965,-27.344204471725988,0.29473143990395173
3864,-1,task_available_time,<averaged>,N/A,write a one-sentence email reply,communication_plan,low,communication,low,procedural,low,individual,N/A,N/A,70,hours,original,numeric,70,70,hours,nof_conv,0.09582477755,36,-84.64020495814782,36.84602095054683,-32.22776146179062,0.6934889792343707
3996,-1,task_available_time,<averaged>,N/A,write a sensitive email addressing a team conflict,communication_plan,medium,communication,medium,coordination,medium,individual,N/A,N/A,70,hours,original,numeric,70,70,hours,nof_conv,0.09582477755,36,-14.323296573662924,7.994016750373191,-22.968255575810737,0.3612689972363469
4128,-1,task_available_time,<averaged>,N/A,write a short story,creative_writing,medium,creative,medium,creative,low,individual,N/A,N/A,70,hours,original,numeric,70,70,hours,nof_conv,0.09582477755,36,-31.07115738442134,16.33951444008525,-10.28368479638513,0.38698979941439016
630,-1,direct_help,N/A,N/A,create a single-page personal website,software_project,low,software,low,project,low,individual,N/A,N/A,70,hours,original,numeric,70,70,hours,plain,0.09582477755,48,11.97132507642271,-19.943972500080033,-20.05461919527923,0.17043294684497473
894,-1,direct_help,N/A,N/A,design a communication plan for a company restructuring,communication_plan,high,communication,high,strategic,high,organization,N/A,N/A,70,hours,original,numeric,70,70,hours,plain,0.09582477755,48,14.260212774410075,-8.661993110706634,-19.646807715844858,0.15486895150425192
2390,-1,direct_help,N/A,N/A,organize a shared drive for a small team,organization_project,medium,administrative,medium,logistical,medium,multi_agent,N/A,N/A,70,hours,original,numeric,70,70,hours,plain,0.09582477755,48,6.779735994028125,-14.955734726267153,-35.462649805122794,0.1578076018894494
2654,-1,direct_help,N/A,N/A,organize files on a desk,organization_project,low,administrative,low,procedural,low,individual,N/A,N/A,70,hours,original,numeric,70,70,hours,plain,0.09582477755,48,3.329218640179689,-2.3767595477568184,-43.5244654377189,0.18697978913252247
2962,-1,direct_help,N/A,N/A,plan an international trip,travel_planning,medium,personal_lifestyle,medium,logistical,medium,individual,N/A,N/A,70,hours,original,numeric,70,70,hours,plain,0.09582477755,48,10.513522337851375,-1.491717079679316,-40.45721516974052,0.19399013257799497
3864,-1,direct_help,N/A,N/A,write a one-sentence email reply,communication_plan,low,communication,low,procedural,low,individual,N/A,N/A,70,hours,original,numeric,70,70,hours,plain,0.09582477755,48,-58.707126679386114,41.71860350657896,-39.02921529227699,0.30949406916961236
3996,-1,direct_help,N/A,N/A,write a sensitive email addressing a team conflict,communication_plan,medium,communication,medium,coordination,medium,individual,N/A,N/A,70,hours,original,numeric,70,70,hours,plain,0.09582477755,48,-0.526226949689468,11.264180629816746,-34.71559635266304,0.19684350654131744
4128,-1,direct_help,N/A,N/A,write a short story,creative_writing,medium,creative,medium,creative,low,individual,N/A,N/A,70,hours,original,numeric,70,70,hours,plain,0.09582477755,48,1.4315288385002423,3.7667877289730147,-26.707186294925734,0.223621173292812
630,-1,direct_help,N/A,N/A,create a single-page personal website,software_project,low,software,low,project,low,individual,N/A,N/A,70,hours,original,numeric,70,70,hours,plain_long,0.09582477755,48,16.185623428087958,-16.810205549153434,-2.0044863461182,0.16574102548122538
894,-1,direct_help,N/A,N/A,design a communication plan for a company restructuring,communication_plan,high,communication,high,strategic,high,organization,N/A,N/A,70,hours,original,numeric,70,70,hours,plain_long,0.09582477755,48,16.203705921385446,-8.186920818081914,-2.1928728429901323,0.15595633151130073
2390,-1,direct_help,N/A,N/A,organize a shared drive for a small team,organization_project,medium,administrative,medium,logistical,medium,multi_agent,N/A,N/A,70,hours,original,numeric,70,70,hours,plain_long,0.09582477755,48,13.050366147121267,-13.097833645437406,-11.204602577806677,0.14188145866772753
2654,-1,direct_help,N/A,N/A,organize files on a desk,organization_project,low,administrative,low,procedural,low,individual,N/A,N/A,70,hours,original,numeric,70,70,hours,plain_long,0.09582477755,48,13.12953397444507,-5.2751460637760035,-16.479364261044907,0.1479375857228946
2962,-1,direct_help,N/A,N/A,plan an international trip,travel_planning,medium,personal_lifestyle,medium,logistical,medium,individual,N/A,N/A,70,hours,original,numeric,70,70,hours,plain_long,0.09582477755,48,16.421742373365962,-2.8342264176591208,-14.911743697089088,0.14014437344117048
3864,-1,direct_help,N/A,N/A,write a one-sentence email reply,communication_plan,low,communication,low,procedural,low,individual,N/A,N/A,70,hours,original,numeric,70,70,hours,plain_long,0.09582477755,48,-38.51712219305636,29.355604295396642,-14.09318748499607,0.2256341163833413
3996,-1,direct_help,N/A,N/A,write a sensitive email addressing a team conflict,communication_plan,medium,communication,medium,coordination,medium,individual,N/A,N/A,70,hours,original,numeric,70,70,hours,plain_long,0.09582477755,48,5.686581029481027,2.0947307337440115,-11.374396661048797,0.17846305622987568
4128,-1,direct_help,N/A,N/A,write a short story,creative_writing,medium,creative,medium,creative,low,individual,N/A,N/A,70,hours,original,numeric,70,70,hours,plain_long,0.09582477755,48,9.510701788954073,0.33646894022238993,-9.243365054358609,0.18049075965241257
634,-1,task_available_time,<averaged>,N/A,create a single-page personal website,software_project,low,software,low,project,low,individual,N/A,N/A,100,hours,original,numeric,100,100,hours,nof_conv,0.136892539357,36,6.482425550465879,-14.838327438080876,-3.2308452090640776,0.3135473646982909
898,-1,task_available_time,<averaged>,N/A,design a communication plan for a company restructuring,communication_plan,high,communication,high,strategic,high,organization,N/A,N/A,100,hours,original,numeric,100,100,hours,nof_conv,0.136892539357,36,3.2129485423057034,0.7679826271844656,3.889363789578603,0.35225438851318963
2394,-1,task_available_time,<averaged>,N/A,organize a shared drive for a small team,organization_project,medium,administrative,medium,logistical,medium,multi_agent,N/A,N/A,100,hours,original,numeric,100,100,hours,nof_conv,0.136892539357,36,2.017551006570485,-13.267409124303594,-9.494970297040162,0.27717653427787275
2658,-1,task_available_time,<averaged>,N/A,organize files on a desk,organization_project,low,administrative,low,procedural,low,individual,N/A,N/A,100,hours,original,numeric,100,100,hours,nof_conv,0.136892539357,36,-5.223292491844905,11.755888542762088,-28.320796105135702,0.27117633923167694
2966,-1,task_available_time,<averaged>,N/A,plan an international trip,travel_planning,medium,personal_lifestyle,medium,logistical,medium,individual,N/A,N/A,100,hours,original,numeric,100,100,hours,nof_conv,0.136892539357,36,2.8085969551887944,10.286001055779874,-25.541925717551845,0.2867174838886829
3868,-1,task_available_time,<averaged>,N/A,write a one-sentence email reply,communication_plan,low,communication,low,procedural,low,individual,N/A,N/A,100,hours,original,numeric,100,100,hours,nof_conv,0.136892539357,36,-84.1436927969451,39.59331916060758,-32.691824886836585,0.6869891680479719
4000,-1,task_available_time,<averaged>,N/A,write a sensitive email addressing a team conflict,communication_plan,medium,communication,medium,coordination,medium,individual,N/A,N/A,100,hours,original,numeric,100,100,hours,nof_conv,0.136892539357,36,-13.239853440279756,14.810014426080425,-25.262936617242353,0.36328909266313875
4132,-1,task_available_time,<averaged>,N/A,write a short story,creative_writing,medium,creative,medium,creative,low,individual,N/A,N/A,100,hours,original,numeric,100,100,hours,nof_conv,0.136892539357,36,-28.585930647925746,18.937348339568814,-10.939837507262471,0.38926164716184736
634,-1,direct_help,N/A,N/A,create a single-page personal website,software_project,low,software,low,project,low,individual,N/A,N/A,100,hours,original,numeric,100,100,hours,plain,0.136892539357,48,14.822015613432955,-21.282510330566428,-18.94477848393618,0.17366087112238876
898,-1,direct_help,N/A,N/A,design a communication plan for a company restructuring,communication_plan,high,communication,high,strategic,high,organization,N/A,N/A,100,hours,original,numeric,100,100,hours,plain,0.136892539357,48,17.332641200809398,-9.960440432664607,-16.57445570797934,0.15658072445099921
2394,-1,direct_help,N/A,N/A,organize a shared drive for a small team,organization_project,medium,administrative,medium,logistical,medium,multi_agent,N/A,N/A,100,hours,original,numeric,100,100,hours,plain,0.136892539357,48,9.887511908963134,-17.626943884297592,-32.08166347583688,0.15840897105577664
2658,-1,direct_help,N/A,N/A,organize files on a desk,organization_project,low,administrative,low,procedural,low,individual,N/A,N/A,100,hours,original,numeric,100,100,hours,plain,0.136892539357,48,6.110187356623103,-5.48286687555712,-38.59985651844333,0.1862982420518427
2966,-1,direct_help,N/A,N/A,plan an international trip,travel_planning,medium,personal_lifestyle,medium,logistical,medium,individual,N/A,N/A,100,hours,original,numeric,100,100,hours,plain,0.136892539357,48,13.049114029289603,-0.6947510423597067,-36.67338011523186,0.1898056149115279
3868,-1,direct_help,N/A,N/A,write a one-sentence email reply,communication_plan,low,communication,low,procedural,low,individual,N/A,N/A,100,hours,original,numeric,100,100,hours,plain,0.136892539357,48,-57.111127661926155,42.48425024619327,-38.0254159405212,0.31263454695302473
4000,-1,direct_help,N/A,N/A,write a sensitive email addressing a team conflict,communication_plan,medium,communication,medium,coordination,medium,individual,N/A,N/A,100,hours,original,numeric,100,100,hours,plain,0.136892539357,48,1.69198686527162,11.156162978855797,-32.978105653875815,0.20147733440951782
4132,-1,direct_help,N/A,N/A,write a short story,creative_writing,medium,creative,medium,creative,low,individual,N/A,N/A,100,hours,original,numeric,100,100,hours,plain,0.136892539357,48,4.746789253484048,0.686226913763208,-24.50811367438875,0.2277078008619349
634,-1,direct_help,N/A,N/A,create a single-page personal website,software_project,low,software,low,project,low,individual,N/A,N/A,100,hours,original,numeric,100,100,hours,plain_long,0.136892539357,48,18.137274487051123,-17.698676066139353,-1.4623301845413716,0.16671402740331506
898,-1,direct_help,N/A,N/A,design a communication plan for a company restructuring,communication_plan,high,communication,high,strategic,high,organization,N/A,N/A,100,hours,original,numeric,100,100,hours,plain_long,0.136892539357,48,18.029366780800856,-9.179414396968834,-0.5258120109099785,0.15547581777603642
2394,-1,direct_help,N/A,N/A,organize a shared drive for a small team,organization_project,medium,administrative,medium,logistical,medium,multi_agent,N/A,N/A,100,hours,original,numeric,100,100,hours,plain_long,0.136892539357,48,14.33546852772383,-14.589945702282195,-9.180860111414525,0.14168872171095545
2658,-1,direct_help,N/A,N/A,organize files on a desk,organization_project,low,administrative,low,procedural,low,individual,N/A,N/A,100,hours,original,numeric,100,100,hours,plain_long,0.136892539357,48,14.479012461237666,-7.1142687530737465,-13.45210623214075,0.14807804624963
2966,-1,direct_help,N/A,N/A,plan an international trip,travel_planning,medium,personal_lifestyle,medium,logistical,medium,individual,N/A,N/A,100,hours,original,numeric,100,100,hours,plain_long,0.136892539357,48,18.184249681884985,-2.9540662083090874,-12.717762396795486,0.13873184301369884
3868,-1,direct_help,N/A,N/A,write a one-sentence email reply,communication_plan,low,communication,low,procedural,low,individual,N/A,N/A,100,hours,original,numeric,100,100,hours,plain_long,0.136892539357,48,-37.29201458827854,28.925613421810084,-12.883204150949359,0.22723606337337124
4000,-1,direct_help,N/A,N/A,write a sensitive email addressing a team conflict,communication_plan,medium,communication,medium,coordination,medium,individual,N/A,N/A,100,hours,original,numeric,100,100,hours,plain_long,0.136892539357,48,7.230346498998619,1.2609379862555978,-10.150810205168032,0.1790519256155433
4132,-1,direct_help,N/A,N/A,write a short story,creative_writing,medium,creative,medium,creative,low,individual,N/A,N/A,100,hours,original,numeric,100,100,hours,plain_long,0.136892539357,48,11.666893138097263,-2.295167441983765,-7.900653194063494,0.18174163302187862
958,-1,task_available_time,<averaged>,N/A,design an institution for long-term stability and effectiveness,institution_design,high,civilization,high,strategic,high,organization,N/A,N/A,4,decades,original,numeric,4,4,decades,nof_conv,480.0,36,37.32603817519454,39.497986431979484,20.832952811638343,0.30738158397542564
1134,-1,task_available_time,<averaged>,N/A,design and build a city resilient to natural disasters,resilient_infrastructure,very_high,infrastructure,very_high,systems,high,organization,N/A,N/A,4,decades,original,numeric,4,4,decades,nof_conv,480.0,36,43.24992228858057,24.369075056088924,31.198606777649772,0.30049697905899553
1222,-1,task_available_time,<averaged>,N/A,design and preserve a knowledge archive for future civilizations,knowledge_archive,high,knowledge_preservation,high,strategic,high,civilization,N/A,N/A,4,decades,original,numeric,4,4,decades,nof_conv,480.0,36,37.225612527113626,30.317120404795258,38.30478574557645,0.30164128812938573
1354,-1,task_available_time,<averaged>,N/A,design infrastructure resilient to climate change,resilient_infrastructure,very_high,infrastructure,very_high,systems,high,organization,N/A,N/A,4,decades,original,numeric,4,4,decades,nof_conv,480.0,36,35.42538941090159,25.071289530808336,27.927181457380527,0.30411542053212853
1398,-1,task_available_time,<averaged>,N/A,develop a long-term personal investment strategy,investment_strategy,high,business,high,strategic,high,individual,N/A,N/A,4,decades,original,numeric,4,4,decades,nof_conv,480.0,36,53.92027878928167,16.20395334469406,5.08071386782853,0.29611373396556856
1530,-1,task_available_time,<averaged>,N/A,develop a long-term plan for safely containing hazardous materials,hazard_containment,high,safety,high,risk_management,high,organization,N/A,N/A,4,decades,original,numeric,4,4,decades,nof_conv,480.0,36,53.28780744833764,35.19944160855225,22.613623105180267,0.3491665687390198
1750,-1,task_available_time,<averaged>,N/A,develop a process to preserve an organization's records for future teams,knowledge_archive,medium,knowledge_preservation,medium,systems,high,organization,N/A,N/A,4,decades,original,numeric,4,4,decades,nof_conv,480.0,36,33.485225002401236,41.451246392046585,5.518810557611376,0.2833087209912868
1926,-1,task_available_time,<averaged>,N/A,establish a self-sustaining human settlement on another planet,civilization_survival,very_high,civilization,very_high,strategic,existential,civilization,N/A,N/A,4,decades,original,numeric,4,4,decades,nof_conv,480.0,36,38.943768831184926,13.979266172070693,43.081552622883436,0.31956492844474566
2014,-1,task_available_time,<averaged>,N/A,expand a local business to new markets,business_expansion,high,business,high,strategic,high,organization,N/A,N/A,4,decades,original,numeric,4,4,decades,nof_conv,480.0,36,31.209130392712282,33.382953326457724,8.726487435894219,0.2872514381268752
3400,-1,task_available_time,<averaged>,N/A,restore a degraded ecosystem to long-term stability,ecosystem_restoration,very_high,safety,very_high,systems,high,multi_agent,N/A,N/A,4,decades,original,numeric,4,4,decades,nof_conv,480.0,36,31.30612238397264,14.050351910032335,23.61238020280156,0.31946946036750135
958,-1,direct_help,N/A,N/A,design an institution for long-term stability and effectiveness,institution_design,high,civilization,high,strategic,high,organization,N/A,N/A,4,decades,original,numeric,4,4,decades,plain,480.0,48,44.395237864012,22.55893729369142,-7.255507349973088,0.21388548309063607
1134,-1,direct_help,N/A,N/A,design and build a city resilient to natural disasters,resilient_infrastructure,very_high,infrastructure,very_high,systems,high,organization,N/A,N/A,4,decades,original,numeric,4,4,decades,plain,480.0,48,46.18123410275733,1.5991272901061218,4.592550291809638,0.1874739114307416
1222,-1,direct_help,N/A,N/A,design and preserve a knowledge archive for future civilizations,knowledge_archive,high,knowledge_preservation,high,strategic,high,civilization,N/A,N/A,4,decades,original,numeric,4,4,decades,plain,480.0,48,48.93002709716877,20.06318644989205,10.230843126292706,0.20401728120877718
1354,-1,direct_help,N/A,N/A,design infrastructure resilient to climate change,resilient_infrastructure,very_high,infrastructure,very_high,systems,high,organization,N/A,N/A,4,decades,original,numeric,4,4,decades,plain,480.0,48,40.850726519434446,3.7881529541458177,-0.8037111363641052,0.2048107595989466
1398,-1,direct_help,N/A,N/A,develop a long-term personal investment strategy,investment_strategy,high,business,high,strategic,high,individual,N/A,N/A,4,decades,original,numeric,4,4,decades,plain,480.0,48,43.3762396697315,-6.586543574238527,-15.982697321393992,0.21504176422555057
1530,-1,direct_help,N/A,N/A,develop a long-term plan for safely containing hazardous materials,hazard_containment,high,safety,high,risk_management,high,organization,N/A,N/A,4,decades,original,numeric,4,4,decades,plain,480.0,48,46.09281715221357,16.04051891115276,-15.837881988430986,0.18919514733603832
1750,-1,direct_help,N/A,N/A,develop a process to preserve an organization's records for future teams,knowledge_archive,medium,knowledge_preservation,medium,systems,high,organization,N/A,N/A,4,decades,original,numeric,4,4,decades,plain,480.0,48,38.437418592126704,5.181207721595801,-17.42820950277522,0.20173297343868699
1926,-1,direct_help,N/A,N/A,establish a self-sustaining human settlement on another planet,civilization_survival,very_high,civilization,very_high,strategic,existential,civilization,N/A,N/A,4,decades,original,numeric,4,4,decades,plain,480.0,48,49.97875470432175,14.797629700471724,8.267265539678535,0.2001009375196743
2014,-1,direct_help,N/A,N/A,expand a local business to new markets,business_expansion,high,business,high,strategic,high,organization,N/A,N/A,4,decades,original,numeric,4,4,decades,plain,480.0,48,34.36316500841561,5.3883546521192125,-16.23600162690578,0.2048388948641439
3400,-1,direct_help,N/A,N/A,restore a degraded ecosystem to long-term stability,ecosystem_restoration,very_high,safety,very_high,systems,high,multi_agent,N/A,N/A,4,decades,original,numeric,4,4,decades,plain,480.0,48,42.95873373532486,3.576074765781837,-5.260776168612168,0.2259033568579811
958,-1,direct_help,N/A,N/A,design an institution for long-term stability and effectiveness,institution_design,high,civilization,high,strategic,high,organization,N/A,N/A,4,decades,original,numeric,4,4,decades,plain_long,480.0,48,40.18180210994186,13.104817611839737,2.7538746140378154,0.19363302997537082
1134,-1,direct_help,N/A,N/A,design and build a city resilient to natural disasters,resilient_infrastructure,very_high,infrastructure,very_high,systems,high,organization,N/A,N/A,4,decades,original,numeric,4,4,decades,plain_long,480.0,48,40.468410554680865,0.9552272482045856,10.169239225598474,0.15004810159052673
1222,-1,direct_help,N/A,N/A,design and preserve a knowledge archive for future civilizations,knowledge_archive,high,knowledge_preservation,high,strategic,high,civilization,N/A,N/A,4,decades,original,numeric,4,4,decades,plain_long,480.0,48,42.64491495469733,11.379020708558762,14.613136855491978,0.1687328064029226
1354,-1,direct_help,N/A,N/A,design infrastructure resilient to climate change,resilient_infrastructure,very_high,infrastructure,very_high,systems,high,organization,N/A,N/A,4,decades,original,numeric,4,4,decades,plain_long,480.0,48,38.018729344385434,3.4920479901611263,7.619448047340736,0.16580589684890593
1398,-1,direct_help,N/A,N/A,develop a long-term personal investment strategy,investment_strategy,high,business,high,strategic,high,individual,N/A,N/A,4,decades,original,numeric,4,4,decades,plain_long,480.0,48,38.23641117640115,-2.486679728379175,-2.168368859520262,0.18639351922468372
1530,-1,direct_help,N/A,N/A,develop a long-term plan for safely containing hazardous materials,hazard_containment,high,safety,high,risk_management,high,organization,N/A,N/A,4,decades,original,numeric,4,4,decades,plain_long,480.0,48,41.5169738606176,10.362406505078654,-1.6593096099742137,0.15559754626041897
1750,-1,direct_help,N/A,N/A,develop a process to preserve an organization's records for future teams,knowledge_archive,medium,knowledge_preservation,medium,systems,high,organization,N/A,N/A,4,decades,original,numeric,4,4,decades,plain_long,480.0,48,32.97346727273769,-1.229718411707303,-1.3437227811164445,0.1684294151538594
1926,-1,direct_help,N/A,N/A,establish a self-sustaining human settlement on another planet,civilization_survival,very_high,civilization,very_high,strategic,existential,civilization,N/A,N/A,4,decades,original,numeric,4,4,decades,plain_long,480.0,48,43.93826168633621,9.389615156642002,13.139497395276445,0.1605489168229582
2014,-1,direct_help,N/A,N/A,expand a local business to new markets,business_expansion,high,business,high,strategic,high,organization,N/A,N/A,4,decades,original,numeric,4,4,decades,plain_long,480.0,48,33.2828731650577,0.7008802150522458,-1.1956487264312974,0.16041017327686202
3400,-1,direct_help,N/A,N/A,restore a degraded ecosystem to long-term stability,ecosystem_restoration,very_high,safety,very_high,systems,high,multi_agent,N/A,N/A,4,decades,original,numeric,4,4,decades,plain_long,480.0,48,40.49776906583863,4.956769894241085,5.785953690443604,0.17260509284529144
970,-1,task_available_time,<averaged>,N/A,design an institution for long-term stability and effectiveness,institution_design,high,civilization,high,strategic,high,organization,N/A,N/A,20,decades,original,numeric,20,20,decades,nof_conv,2400.0,36,41.075360761718976,52.57000702134396,22.777015129340125,0.3058895887780411
1082,-1,task_available_time,<averaged>,N/A,design and build a city resilient to natural disasters,resilient_infrastructure,very_high,infrastructure,very_high,systems,high,organization,N/A,N/A,<averaged>,<averaged>,original,numeric,2,2,centuries,nof_conv,2400.0,72,45.47496683699488,40.349003030501834,26.67746751928592,0.2933957654916719
1170,-1,task_available_time,<averaged>,N/A,design and preserve a knowledge archive for future civilizations,knowledge_archive,high,knowledge_preservation,high,strategic,high,civilization,N/A,N/A,<averaged>,<averaged>,original,numeric,2,2,centuries,nof_conv,2400.0,72,40.91937706528723,34.51108764359669,36.09447309907839,0.30730321178442244
1302,-1,task_available_time,<averaged>,N/A,design infrastructure resilient to climate change,resilient_infrastructure,very_high,infrastructure,very_high,systems,high,organization,N/A,N/A,<averaged>,<averaged>,original,numeric,2,2,centuries,nof_conv,2400.0,72,39.591177565460164,43.86898221621689,23.120016605898627,0.2925523231677598
1410,-1,task_available_time,<averaged>,N/A,develop a long-term personal investment strategy,investment_strategy,high,business,high,strategic,high,individual,N/A,N/A,20,decades,original,numeric,20,20,decades,nof_conv,2400.0,36,52.20467982367744,54.08259964028946,8.107404611243231,0.2788859538530357
1542,-1,task_available_time,<averaged>,N/A,develop a long-term plan for safely containing hazardous materials,hazard_containment,high,safety,high,risk_management,high,organization,N/A,N/A,20,decades,original,numeric,20,20,decades,nof_conv,2400.0,36,53.849973066671986,54.46065157092119,23.215228032999555,0.3426262904229084
1654,-1,task_available_time,<averaged>,N/A,develop a long-term strategy for humanity's survival,civilization_survival,very_high,civilization,very_high,strategic,existential,civilization,N/A,N/A,2,centuries,original,numeric,2,2,centuries,nof_conv,2400.0,36,58.105714921418055,38.84013016396257,40.536410207774296,0.35164599616206793
1762,-1,task_available_time,<averaged>,N/A,develop a process to preserve an organization's records for future teams,knowledge_archive,medium,knowledge_preservation,medium,systems,high,organization,N/A,N/A,20,decades,original,numeric,20,20,decades,nof_conv,2400.0,36,32.14818266957718,70.04760188229919,6.637485244047837,0.2871537236028756
1874,-1,task_available_time,<averaged>,N/A,establish a self-sustaining human settlement on another planet,civilization_survival,very_high,civilization,very_high,strategic,existential,civilization,N/A,N/A,<averaged>,<averaged>,original,numeric,2,2,centuries,nof_conv,2400.0,72,40.88417268554964,19.223539076596907,38.30362336440696,0.31886315928703374
2026,-1,task_available_time,<averaged>,N/A,expand a local business to new markets,business_expansion,high,business,high,strategic,high,organization,N/A,N/A,20,decades,original,numeric,20,20,decades,nof_conv,2400.0,36,27.22043195057812,74.1040985424104,5.542702329365645,0.30891323363608597
3348,-1,task_available_time,<averaged>,N/A,restore a degraded ecosystem to long-term stability,ecosystem_restoration,very_high,safety,very_high,systems,high,multi_agent,N/A,N/A,<averaged>,<averaged>,original,numeric,2,2,centuries,nof_conv,2400.0,72,35.49279125591662,26.79984952642576,20.660817951632197,0.312934536812404
970,-1,direct_help,N/A,N/A,design an institution for long-term stability and effectiveness,institution_design,high,civilization,high,strategic,high,organization,N/A,N/A,20,decades,original,numeric,20,20,decades,plain,2400.0,48,46.945624950803605,34.475282712286635,-2.6957052989818844,0.1939612542660464
1082,-1,direct_help,N/A,N/A,design and build a city resilient to natural disasters,resilient_infrastructure,very_high,infrastructure,very_high,systems,high,organization,N/A,N/A,<averaged>,<averaged>,original,numeric,2,2,centuries,plain,2400.0,96,48.59504800412051,12.601005154031922,3.5710677509720563,0.17190700372008333
1170,-1,direct_help,N/A,N/A,design and preserve a knowledge archive for future civilizations,knowledge_archive,high,knowledge_preservation,high,strategic,high,civilization,N/A,N/A,<averaged>,<averaged>,original,numeric,2,2,centuries,plain,2400.0,96,50.45044805953113,22.264808044784843,10.191750037609115,0.1992332288537101
1302,-1,direct_help,N/A,N/A,design infrastructure resilient to climate change,resilient_infrastructure,very_high,infrastructure,very_high,systems,high,organization,N/A,N/A,<averaged>,<averaged>,original,numeric,2,2,centuries,plain,2400.0,96,44.197597779589,18.581585033040113,-1.529235987331513,0.18604626225918383
1410,-1,direct_help,N/A,N/A,develop a long-term personal investment strategy,investment_strategy,high,business,high,strategic,high,individual,N/A,N/A,20,decades,original,numeric,20,20,decades,plain,2400.0,48,44.150546408447404,28.761556439221255,-13.351075721335366,0.18842829052052798
1542,-1,direct_help,N/A,N/A,develop a long-term plan for safely containing hazardous materials,hazard_containment,high,safety,high,risk_management,high,organization,N/A,N/A,20,decades,original,numeric,20,20,decades,plain,2400.0,48,47.98221337520196,32.09669996615463,-11.290863939813873,0.16638926774270174
1654,-1,direct_help,N/A,N/A,develop a long-term strategy for humanity's survival,civilization_survival,very_high,civilization,very_high,strategic,existential,civilization,N/A,N/A,2,centuries,original,numeric,2,2,centuries,plain,2400.0,48,53.33451409041211,25.32969203989265,10.308236638715226,0.19551941644464957
1762,-1,direct_help,N/A,N/A,develop a process to preserve an organization's records for future teams,knowledge_archive,medium,knowledge_preservation,medium,systems,high,organization,N/A,N/A,20,decades,original,numeric,20,20,decades,plain,2400.0,48,39.9203814724642,28.802399150082145,-13.136678617613484,0.18346524552825677
1874,-1,direct_help,N/A,N/A,establish a self-sustaining human settlement on another planet,civilization_survival,very_high,civilization,very_high,strategic,existential,civilization,N/A,N/A,<averaged>,<averaged>,original,numeric,2,2,centuries,plain,2400.0,96,50.70224379292995,17.279698201181027,6.8090691319400785,0.19231599854372802
2026,-1,direct_help,N/A,N/A,expand a local business to new markets,business_expansion,high,business,high,strategic,high,organization,N/A,N/A,20,decades,original,numeric,20,20,decades,plain,2400.0,48,30.67603140508227,41.44728065549173,-16.805986067592162,0.22051404595013613
3348,-1,direct_help,N/A,N/A,restore a degraded ecosystem to long-term stability,ecosystem_restoration,very_high,safety,very_high,systems,high,multi_agent,N/A,N/A,<averaged>,<averaged>,original,numeric,2,2,centuries,plain,2400.0,96,45.63823043609859,13.089377585531102,-4.51607236269921,0.2141548645200519
970,-1,direct_help,N/A,N/A,design an institution for long-term stability and effectiveness,institution_design,high,civilization,high,strategic,high,organization,N/A,N/A,20,decades,original,numeric,20,20,decades,plain_long,2400.0,48,43.144933590293405,21.97350058855117,5.581112624666419,0.18083668666667013
1082,-1,direct_help,N/A,N/A,design and build a city resilient to natural disasters,resilient_infrastructure,very_high,infrastructure,very_high,systems,high,organization,N/A,N/A,<averaged>,<averaged>,original,numeric,2,2,centuries,plain_long,2400.0,96,42.412108610456706,7.730394274671323,9.482004820143102,0.14072113092663185
1170,-1,direct_help,N/A,N/A,design and preserve a knowledge archive for future civilizations,knowledge_archive,high,knowledge_preservation,high,strategic,high,civilization,N/A,N/A,<averaged>,<averaged>,original,numeric,2,2,centuries,plain_long,2400.0,96,43.696619085415165,13.096464838113734,14.544121014186908,0.1656266104461602
1302,-1,direct_help,N/A,N/A,design infrastructure resilient to climate change,resilient_infrastructure,very_high,infrastructure,very_high,systems,high,organization,N/A,N/A,<averaged>,<averaged>,original,numeric,2,2,centuries,plain_long,2400.0,96,40.746788141025796,12.386540967925793,7.297483540395777,0.15493391142388735
1410,-1,direct_help,N/A,N/A,develop a long-term personal investment strategy,investment_strategy,high,business,high,strategic,high,individual,N/A,N/A,20,decades,original,numeric,20,20,decades,plain_long,2400.0,48,41.524608898106955,21.77579703153582,-1.0262638450876724,0.16751520908310263
1542,-1,direct_help,N/A,N/A,develop a long-term plan for safely containing hazardous materials,hazard_containment,high,safety,high,risk_management,high,organization,N/A,N/A,20,decades,original,numeric,20,20,decades,plain_long,2400.0,48,44.08473505564172,21.10359762876394,1.184626322121085,0.1432773218735678
1654,-1,direct_help,N/A,N/A,develop a long-term strategy for humanity's survival,civilization_survival,very_high,civilization,very_high,strategic,existential,civilization,N/A,N/A,2,centuries,original,numeric,2,2,centuries,plain_long,2400.0,48,48.18351169532671,19.815295248923434,13.20544764380366,0.17188979618609967
1762,-1,direct_help,N/A,N/A,develop a process to preserve an organization's records for future teams,knowledge_archive,medium,knowledge_preservation,medium,systems,high,organization,N/A,N/A,20,decades,original,numeric,20,20,decades,plain_long,2400.0,48,35.11136913905166,13.90024846469772,-0.12037890306444954,0.15572687349772496
1874,-1,direct_help,N/A,N/A,establish a self-sustaining human settlement on another planet,civilization_survival,very_high,civilization,very_high,strategic,existential,civilization,N/A,N/A,<averaged>,<averaged>,original,numeric,2,2,centuries,plain_long,2400.0,96,44.80150851166614,11.279614269089576,12.221420131884377,0.15590942298024005
2026,-1,direct_help,N/A,N/A,expand a local business to new markets,business_expansion,high,business,high,strategic,high,organization,N/A,N/A,20,decades,original,numeric,20,20,decades,plain_long,2400.0,48,33.00704529691948,26.632479810576452,-3.0093698842399434,0.16093262598925814
3348,-1,direct_help,N/A,N/A,restore a degraded ecosystem to long-term stability,ecosystem_restoration,very_high,safety,very_high,systems,high,multi_agent,N/A,N/A,<averaged>,<averaged>,original,numeric,2,2,centuries,plain_long,2400.0,96,42.91036668478043,11.264791266276298,6.127240427825474,0.16419947296580667
974,-1,task_available_time,<averaged>,N/A,design an institution for long-term stability and effectiveness,institution_design,high,civilization,high,strategic,high,organization,N/A,N/A,30,decades,original,numeric,30,30,decades,nof_conv,3600.0,36,41.715916133701086,57.24468984316801,22.256916519895466,0.2978492492113544
1086,-1,task_available_time,<averaged>,N/A,design and build a city resilient to natural disasters,resilient_infrastructure,very_high,infrastructure,very_high,systems,high,organization,N/A,N/A,<averaged>,<averaged>,original,numeric,3,3,centuries,nof_conv,3600.0,72,45.291093931179056,50.24319585554765,24.507778976526,0.28327304284480526
1174,-1,task_available_time,<averaged>,N/A,design and preserve a knowledge archive for future civilizations,knowledge_archive,high,knowledge_preservation,high,strategic,high,civilization,N/A,N/A,<averaged>,<averaged>,original,numeric,3,3,centuries,nof_conv,3600.0,72,42.08386148185695,37.25347211333136,36.47271399154998,0.30790025816897143
1306,-1,task_available_time,<averaged>,N/A,design infrastructure resilient to climate change,resilient_infrastructure,very_high,infrastructure,very_high,systems,high,organization,N/A,N/A,<averaged>,<averaged>,original,numeric,3,3,centuries,nof_conv,3600.0,72,40.01072836806333,56.054532590495796,20.855767354495416,0.27958389156137525
1414,-1,task_available_time,<averaged>,N/A,develop a long-term personal investment strategy,investment_strategy,high,business,high,strategic,high,individual,N/A,N/A,30,decades,original,numeric,30,30,decades,nof_conv,3600.0,36,50.60311789757493,66.40084300860455,7.676358559454939,0.27656017641816594
1546,-1,task_available_time,<averaged>,N/A,develop a long-term plan for safely containing hazardous materials,hazard_containment,high,safety,high,risk_management,high,organization,N/A,N/A,30,decades,original,numeric,30,30,decades,nof_conv,3600.0,36,52.88798717091562,63.344171407463605,22.72198372361974,0.3331380794819503
1658,-1,task_available_time,<averaged>,N/A,develop a long-term strategy for humanity's survival,civilization_survival,very_high,civilization,very_high,strategic,existential,civilization,N/A,N/A,3,centuries,original,numeric,3,3,centuries,nof_conv,3600.0,36,58.718749483941316,42.40395358573132,41.08194549562221,0.348702421467312
1766,-1,task_available_time,<averaged>,N/A,develop a process to preserve an organization's records for future teams,knowledge_archive,medium,knowledge_preservation,medium,systems,high,organization,N/A,N/A,30,decades,original,numeric,30,30,decades,nof_conv,3600.0,36,31.002805836079048,83.6219347700997,6.367146893327049,0.296864096721435
1878,-1,task_available_time,<averaged>,N/A,establish a self-sustaining human settlement on another planet,civilization_survival,very_high,civilization,very_high,strategic,existential,civilization,N/A,N/A,<averaged>,<averaged>,original,numeric,3,3,centuries,nof_conv,3600.0,72,41.67724636396898,21.839695600273537,37.2174129850292,0.3160081684652356
2030,-1,task_available_time,<averaged>,N/A,expand a local business to new markets,business_expansion,high,business,high,strategic,high,organization,N/A,N/A,30,decades,original,numeric,30,30,decades,nof_conv,3600.0,36,23.239127582773683,90.12628671029655,3.396827382502847,0.34694025411977514
3352,-1,task_available_time,<averaged>,N/A,restore a degraded ecosystem to long-term stability,ecosystem_restoration,very_high,safety,very_high,systems,high,multi_agent,N/A,N/A,<averaged>,<averaged>,original,numeric,3,3,centuries,nof_conv,3600.0,72,36.24286359458563,33.59083604300379,19.589632908207356,0.3042684591563306
974,-1,direct_help,N/A,N/A,design an institution for long-term stability and effectiveness,institution_design,high,civilization,high,strategic,high,organization,N/A,N/A,30,decades,original,numeric,30,30,decades,plain,3600.0,48,47.24277358086555,41.00231797499992,-3.488143027125117,0.18271495221203754
1086,-1,direct_help,N/A,N/A,design and build a city resilient to natural disasters,resilient_infrastructure,very_high,infrastructure,very_high,systems,high,organization,N/A,N/A,<averaged>,<averaged>,original,numeric,3,3,centuries,plain,3600.0,96,48.871005627006376,21.929275098408333,1.3570028245003178,0.15810289921556278
1174,-1,direct_help,N/A,N/A,design and preserve a knowledge archive for future civilizations,knowledge_archive,high,knowledge_preservation,high,strategic,high,civilization,N/A,N/A,<averaged>,<averaged>,original,numeric,3,3,centuries,plain,3600.0,96,51.082559501287015,25.384942466623002,9.627010705157115,0.19331683360029375
1306,-1,direct_help,N/A,N/A,design infrastructure resilient to climate change,resilient_infrastructure,very_high,infrastructure,very_high,systems,high,organization,N/A,N/A,<averaged>,<averaged>,original,numeric,3,3,centuries,plain,3600.0,96,45.04844927581602,30.471383364856784,-3.208499088103187,0.17109062848109885
1414,-1,direct_help,N/A,N/A,develop a long-term personal investment strategy,investment_strategy,high,business,high,strategic,high,individual,N/A,N/A,30,decades,original,numeric,30,30,decades,plain,3600.0,48,42.59851865322786,44.36594684800997,-14.573628781288328,0.19315128395091846
1546,-1,direct_help,N/A,N/A,develop a long-term plan for safely containing hazardous materials,hazard_containment,high,safety,high,risk_management,high,organization,N/A,N/A,30,decades,original,numeric,30,30,decades,plain,3600.0,48,47.580256450023136,42.244411007656865,-11.477878643735094,0.15780897578475686
1658,-1,direct_help,N/A,N/A,develop a long-term strategy for humanity's survival,civilization_survival,very_high,civilization,very_high,strategic,existential,civilization,N/A,N/A,3,centuries,original,numeric,3,3,centuries,plain,3600.0,48,54.07313161564162,29.965213901129225,9.803561505273095,0.18517636325902234
1766,-1,direct_help,N/A,N/A,develop a process to preserve an organization's records for future teams,knowledge_archive,medium,knowledge_preservation,medium,systems,high,organization,N/A,N/A,30,decades,original,numeric,30,30,decades,plain,3600.0,48,39.73772601613303,43.5580795555589,-13.074653857089059,0.1854606150159074
1878,-1,direct_help,N/A,N/A,establish a self-sustaining human settlement on another planet,civilization_survival,very_high,civilization,very_high,strategic,existential,civilization,N/A,N/A,<averaged>,<averaged>,original,numeric,3,3,centuries,plain,3600.0,96,51.1434563287504,21.549304054050403,5.3616893317977805,0.18391042276908778
2030,-1,direct_help,N/A,N/A,expand a local business to new markets,business_expansion,high,business,high,strategic,high,organization,N/A,N/A,30,decades,original,numeric,30,30,decades,plain,3600.0,48,26.471285926549676,57.85784274711042,-18.650221793525578,0.2661817537193289
3352,-1,direct_help,N/A,N/A,restore a degraded ecosystem to long-term stability,ecosystem_restoration,very_high,safety,very_high,systems,high,multi_agent,N/A,N/A,<averaged>,<averaged>,original,numeric,3,3,centuries,plain,3600.0,96,46.375680095183895,19.841165871384494,-5.538623201659322,0.20090676297982074
974,-1,direct_help,N/A,N/A,design an institution for long-term stability and effectiveness,institution_design,high,civilization,high,strategic,high,organization,N/A,N/A,30,decades,original,numeric,30,30,decades,plain_long,3600.0,48,43.947838636557094,26.787294083871398,5.262912368447305,0.17358504750183967
1086,-1,direct_help,N/A,N/A,design and build a city resilient to natural disasters,resilient_infrastructure,very_high,infrastructure,very_high,systems,high,organization,N/A,N/A,<averaged>,<averaged>,original,numeric,3,3,centuries,plain_long,3600.0,96,43.25463451831703,13.833335428938101,8.056023202690476,0.13305007395334045
1174,-1,direct_help,N/A,N/A,design and preserve a knowledge archive for future civilizations,knowledge_archive,high,knowledge_preservation,high,strategic,high,civilization,N/A,N/A,<averaged>,<averaged>,original,numeric,3,3,centuries,plain_long,3600.0,96,44.241616291018055,15.392176476864753,13.966407659353894,0.16113121801836305
1306,-1,direct_help,N/A,N/A,design infrastructure resilient to climate change,resilient_infrastructure,very_high,infrastructure,very_high,systems,high,organization,N/A,N/A,<averaged>,<averaged>,original,numeric,3,3,centuries,plain_long,3600.0,96,42.06646306928669,19.919131339144492,6.148091244585074,0.14611185872398855
1414,-1,direct_help,N/A,N/A,develop a long-term personal investment strategy,investment_strategy,high,business,high,strategic,high,individual,N/A,N/A,30,decades,original,numeric,30,30,decades,plain_long,3600.0,48,41.87388267273299,33.186795907876196,-2.110808604028759,0.1672346961087611
1546,-1,direct_help,N/A,N/A,develop a long-term plan for safely containing hazardous materials,hazard_containment,high,safety,high,risk_management,high,organization,N/A,N/A,30,decades,original,numeric,30,30,decades,plain_long,3600.0,48,44.54733870105028,28.316709976463496,0.9025315988513153,0.13722285371600215
1658,-1,direct_help,N/A,N/A,develop a long-term strategy for humanity's survival,civilization_survival,very_high,civilization,very_high,strategic,existential,civilization,N/A,N/A,3,centuries,original,numeric,3,3,centuries,plain_long,3600.0,48,48.98149229299678,23.208537225760104,12.808556327804428,0.16489822898768355
1766,-1,direct_help,N/A,N/A,develop a process to preserve an organization's records for future teams,knowledge_archive,medium,knowledge_preservation,medium,systems,high,organization,N/A,N/A,30,decades,original,numeric,30,30,decades,plain_long,3600.0,48,35.97711607094549,24.647866929724998,-0.8479480889642861,0.15381423624092314
1878,-1,direct_help,N/A,N/A,establish a self-sustaining human settlement on another planet,civilization_survival,very_high,civilization,very_high,strategic,existential,civilization,N/A,N/A,<averaged>,<averaged>,original,numeric,3,3,centuries,plain_long,3600.0,96,45.43488276073297,14.378725032645539,11.196748919903147,0.1507156742233376
2030,-1,direct_help,N/A,N/A,expand a local business to new markets,business_expansion,high,business,high,strategic,high,organization,N/A,N/A,30,decades,original,numeric,30,30,decades,plain_long,3600.0,48,31.569940238836576,41.611914910914905,-4.41617422738776,0.19237349021757838
3352,-1,direct_help,N/A,N/A,restore a degraded ecosystem to long-term stability,ecosystem_restoration,very_high,safety,very_high,systems,high,multi_agent,N/A,N/A,<averaged>,<averaged>,original,numeric,3,3,centuries,plain_long,3600.0,96,43.85666400801544,15.799957278735667,5.302397161685741,0.1559460190309103
978,-1,task_available_time,<averaged>,N/A,design an institution for long-term stability and effectiveness,institution_design,high,civilization,high,strategic,high,organization,N/A,N/A,50,decades,original,numeric,50,50,decades,nof_conv,6000.0,36,42.39502012976404,60.74157381976412,23.567634809105286,0.30042195041722486
1094,-1,task_available_time,<averaged>,N/A,design and build a city resilient to natural disasters,resilient_infrastructure,very_high,infrastructure,very_high,systems,high,organization,N/A,N/A,<averaged>,<averaged>,original,numeric,5,5,centuries,nof_conv,6000.0,72,45.140555657457675,56.63942147889152,23.66281322228989,0.2823768380454564
1182,-1,task_available_time,<averaged>,N/A,design and preserve a knowledge archive for future civilizations,knowledge_archive,high,knowledge_preservation,high,strategic,high,civilization,N/A,N/A,<averaged>,<averaged>,original,numeric,5,5,centuries,nof_conv,6000.0,72,43.55468014211018,39.26744149791532,36.622115416804306,0.3084914800161993
1314,-1,task_available_time,<averaged>,N/A,design infrastructure resilient to climate change,resilient_infrastructure,very_high,infrastructure,very_high,systems,high,organization,N/A,N/A,<averaged>,<averaged>,original,numeric,5,5,centuries,nof_conv,6000.0,72,39.91425620873742,65.3808700965569,19.015041320538007,0.27563242767480767
1418,-1,task_available_time,<averaged>,N/A,develop a long-term personal investment strategy,investment_strategy,high,business,high,strategic,high,individual,N/A,N/A,50,decades,original,numeric,50,50,decades,nof_conv,6000.0,36,48.78010141359611,73.40195735077096,7.715608412283502,0.2815624420878759
1550,-1,task_available_time,<averaged>,N/A,develop a long-term plan for safely containing hazardous materials,hazard_containment,high,safety,high,risk_management,high,organization,N/A,N/A,50,decades,original,numeric,50,50,decades,nof_conv,6000.0,36,53.573134649421945,64.68015306383008,23.710521518563436,0.33634251434191487
1666,-1,task_available_time,<averaged>,N/A,develop a long-term strategy for humanity's survival,civilization_survival,very_high,civilization,very_high,strategic,existential,civilization,N/A,N/A,5,centuries,original,numeric,5,5,centuries,nof_conv,6000.0,36,59.633033027051816,45.42625824969402,41.09861597861363,0.3485593754261593
1770,-1,task_available_time,<averaged>,N/A,develop a process to preserve an organization's records for future teams,knowledge_archive,medium,knowledge_preservation,medium,systems,high,organization,N/A,N/A,50,decades,original,numeric,50,50,decades,nof_conv,6000.0,36,31.114857458408245,82.55790222601284,6.449443390520751,0.2950930616467584
1886,-1,task_available_time,<averaged>,N/A,establish a self-sustaining human settlement on another planet,civilization_survival,very_high,civilization,very_high,strategic,existential,civilization,N/A,N/A,<averaged>,<averaged>,original,numeric,5,5,centuries,nof_conv,6000.0,72,42.043722050915235,24.292492770276965,36.57774386656616,0.3153712520835361
2034,-1,task_available_time,<averaged>,N/A,expand a local business to new markets,business_expansion,high,business,high,strategic,high,organization,N/A,N/A,50,decades,original,numeric,50,50,decades,nof_conv,6000.0,36,23.539535169436117,89.9177587513893,2.760039986533007,0.3375439186928285
3360,-1,task_available_time,<averaged>,N/A,restore a degraded ecosystem to long-term stability,ecosystem_restoration,very_high,safety,very_high,systems,high,multi_agent,N/A,N/A,<averaged>,<averaged>,original,numeric,5,5,centuries,nof_conv,6000.0,72,37.00511144255618,38.08854488278579,19.44428570248223,0.30125715061751185
978,-1,direct_help,N/A,N/A,design an institution for long-term stability and effectiveness,institution_design,high,civilization,high,strategic,high,organization,N/A,N/A,50,decades,original,numeric,50,50,decades,plain,6000.0,48,47.97264201208703,47.28199077411687,-1.5848544440473549,0.1759602104495319
1094,-1,direct_help,N/A,N/A,design and build a city resilient to natural disasters,resilient_infrastructure,very_high,infrastructure,very_high,systems,high,organization,N/A,N/A,<averaged>,<averaged>,original,numeric,5,5,centuries,plain,6000.0,96,48.64112552092677,31.718651920336967,0.7240997400829297,0.14952787034667347
1182,-1,direct_help,N/A,N/A,design and preserve a knowledge archive for future civilizations,knowledge_archive,high,knowledge_preservation,high,strategic,high,civilization,N/A,N/A,<averaged>,<averaged>,original,numeric,5,5,centuries,plain,6000.0,96,51.94091180467355,27.673877757482433,10.228342323743517,0.19221033289445347
1314,-1,direct_help,N/A,N/A,design infrastructure resilient to climate change,resilient_infrastructure,very_high,infrastructure,very_high,systems,high,organization,N/A,N/A,<averaged>,<averaged>,original,numeric,5,5,centuries,plain,6000.0,96,45.0186833237768,41.94094380026037,-3.2544990685584896,0.16329812670934052
1418,-1,direct_help,N/A,N/A,develop a long-term personal investment strategy,investment_strategy,high,business,high,strategic,high,individual,N/A,N/A,50,decades,original,numeric,50,50,decades,plain,6000.0,48,39.99573001126814,56.265989551544706,-13.90397407228573,0.2087379262036782
1550,-1,direct_help,N/A,N/A,develop a long-term plan for safely containing hazardous materials,hazard_containment,high,safety,high,risk_management,high,organization,N/A,N/A,50,decades,original,numeric,50,50,decades,plain,6000.0,48,47.446518345119046,48.670602754528176,-9.841980522705096,0.1566558479159407
1666,-1,direct_help,N/A,N/A,develop a long-term strategy for humanity's survival,civilization_survival,very_high,civilization,very_high,strategic,existential,civilization,N/A,N/A,5,centuries,original,numeric,5,5,centuries,plain,6000.0,48,54.97726594286145,34.15793810392267,10.253636468993353,0.1801411648201975
1770,-1,direct_help,N/A,N/A,develop a process to preserve an organization's records for future teams,knowledge_archive,medium,knowledge_preservation,medium,systems,high,organization,N/A,N/A,50,decades,original,numeric,50,50,decades,plain,6000.0,48,39.408561295727274,49.09792170879884,-11.792001975818152,0.1884326685097086
1886,-1,direct_help,N/A,N/A,establish a self-sustaining human settlement on another planet,civilization_survival,very_high,civilization,very_high,strategic,existential,civilization,N/A,N/A,<averaged>,<averaged>,original,numeric,5,5,centuries,plain,6000.0,96,51.19039651917026,24.603595006429714,4.881442635879866,0.18069819244661106
2034,-1,direct_help,N/A,N/A,expand a local business to new markets,business_expansion,high,business,high,strategic,high,organization,N/A,N/A,50,decades,original,numeric,50,50,decades,plain,6000.0,48,25.67642467273642,62.598663068335306,-18.595502419229053,0.2741584166809109
3360,-1,direct_help,N/A,N/A,restore a degraded ecosystem to long-term stability,ecosystem_restoration,very_high,safety,very_high,systems,high,multi_agent,N/A,N/A,<averaged>,<averaged>,original,numeric,5,5,centuries,plain,6000.0,96,46.85295403592832,25.56043611466378,-5.083409122847597,0.1941258909397608
978,-1,direct_help,N/A,N/A,design an institution for long-term stability and effectiveness,institution_design,high,civilization,high,strategic,high,organization,N/A,N/A,50,decades,original,numeric,50,50,decades,plain_long,6000.0,48,44.80126901980093,31.779736201628115,6.316825048930623,0.1687933922842832
1094,-1,direct_help,N/A,N/A,design and build a city resilient to natural disasters,resilient_infrastructure,very_high,infrastructure,very_high,systems,high,organization,N/A,N/A,<averaged>,<averaged>,original,numeric,5,5,centuries,plain_long,6000.0,96,43.57374406242522,20.17992988298114,7.439888141418826,0.1272512230389006
1182,-1,direct_help,N/A,N/A,design and preserve a knowledge archive for future civilizations,knowledge_archive,high,knowledge_preservation,high,strategic,high,civilization,N/A,N/A,<averaged>,<averaged>,original,numeric,5,5,centuries,plain_long,6000.0,96,44.92228718815515,16.962088113094705,14.372915234803056,0.15911363134066306
1314,-1,direct_help,N/A,N/A,design infrastructure resilient to climate change,resilient_infrastructure,very_high,infrastructure,very_high,systems,high,organization,N/A,N/A,<averaged>,<averaged>,original,numeric,5,5,centuries,plain_long,6000.0,96,42.69112565471223,27.68050297522728,5.909426608002602,0.1400086876024247
1418,-1,direct_help,N/A,N/A,develop a long-term personal investment strategy,investment_strategy,high,business,high,strategic,high,individual,N/A,N/A,50,decades,original,numeric,50,50,decades,plain_long,6000.0,48,40.91786892998936,43.421952501816676,-1.6222043971627407,0.1758695077527969
1550,-1,direct_help,N/A,N/A,develop a long-term plan for safely containing hazardous materials,hazard_containment,high,safety,high,risk_management,high,organization,N/A,N/A,50,decades,original,numeric,50,50,decades,plain_long,6000.0,48,45.03645924325305,33.21238240671311,1.7954261216799279,0.13557025737015926
1666,-1,direct_help,N/A,N/A,develop a long-term strategy for humanity's survival,civilization_survival,very_high,civilization,very_high,strategic,existential,civilization,N/A,N/A,5,centuries,original,numeric,5,5,centuries,plain_long,6000.0,48,49.9808798294795,26.34222642905105,13.242275461795959,0.15994118462001558
1770,-1,direct_help,N/A,N/A,develop a process to preserve an organization's records for future teams,knowledge_archive,medium,knowledge_preservation,medium,systems,high,organization,N/A,N/A,50,decades,original,numeric,50,50,decades,plain_long,6000.0,48,36.10003291749287,29.15605184947469,-0.03244796721248977,0.1544020795598301
1886,-1,direct_help,N/A,N/A,establish a self-sustaining human settlement on another planet,civilization_survival,very_high,civilization,very_high,strategic,existential,civilization,N/A,N/A,<averaged>,<averaged>,original,numeric,5,5,centuries,plain_long,6000.0,96,45.66202756415626,16.3863903039531,10.982654276220249,0.14733379422621187
2034,-1,direct_help,N/A,N/A,expand a local business to new markets,business_expansion,high,business,high,strategic,high,organization,N/A,N/A,50,decades,original,numeric,50,50,decades,plain_long,6000.0,48,31.032509704226815,45.978733162282694,-4.306910117855713,0.19925883540787032
3360,-1,direct_help,N/A,N/A,restore a degraded ecosystem to long-term stability,ecosystem_restoration,very_high,safety,very_high,systems,high,multi_agent,N/A,N/A,<averaged>,<averaged>,original,numeric,5,5,centuries,plain_long,6000.0,96,44.487400806858076,19.616859852549343,5.701271825964451,0.151118631463434
982,-1,task_available_time,<averaged>,N/A,design an institution for long-term stability and effectiveness,institution_design,high,civilization,high,strategic,high,organization,N/A,N/A,70,decades,original,numeric,70,70,decades,nof_conv,8400.0,36,42.71424772014207,65.82766021691342,20.08065164323162,0.29148313717074587
1158,-1,task_available_time,<averaged>,N/A,design and build a city resilient to natural disasters,resilient_infrastructure,very_high,infrastructure,very_high,systems,high,organization,N/A,N/A,70,decades,original,numeric,70,70,decades,nof_conv,8400.0,36,44.38056746727115,61.36070041291775,21.56572595853513,0.2804478674935677
1246,-1,task_available_time,<averaged>,N/A,design and preserve a knowledge archive for future civilizations,knowledge_archive,high,knowledge_preservation,high,strategic,high,civilization,N/A,N/A,70,decades,original,numeric,70,70,decades,nof_conv,8400.0,36,44.30229148142126,41.452273428545254,36.41129301750698,0.31140429146103304
1378,-1,task_available_time,<averaged>,N/A,design infrastructure resilient to climate change,resilient_infrastructure,very_high,infrastructure,very_high,systems,high,organization,N/A,N/A,70,decades,original,numeric,70,70,decades,nof_conv,8400.0,36,39.21880427028099,71.3156201308226,16.1478595665844,0.27350079645983577
1422,-1,task_available_time,<averaged>,N/A,develop a long-term personal investment strategy,investment_strategy,high,business,high,strategic,high,individual,N/A,N/A,70,decades,original,numeric,70,70,decades,nof_conv,8400.0,36,44.81760278936492,82.5431064374387,3.86959591898275,0.28987968802158254
1554,-1,task_available_time,<averaged>,N/A,develop a long-term plan for safely containing hazardous materials,hazard_containment,high,safety,high,risk_management,high,organization,N/A,N/A,70,decades,original,numeric,70,70,decades,nof_conv,8400.0,36,51.45445173814695,73.06843162956592,20.071058217957642,0.3301763724214982
1774,-1,task_available_time,<averaged>,N/A,develop a process to preserve an organization's records for future teams,knowledge_archive,medium,knowledge_preservation,medium,systems,high,organization,N/A,N/A,70,decades,original,numeric,70,70,decades,nof_conv,8400.0,36,29.174215559779554,88.09112376680454,3.2870478938915526,0.304956604709099
1950,-1,task_available_time,<averaged>,N/A,establish a self-sustaining human settlement on another planet,civilization_survival,very_high,civilization,very_high,strategic,existential,civilization,N/A,N/A,70,decades,original,numeric,70,70,decades,nof_conv,8400.0,36,42.035524942349916,26.351548041562477,34.365530412279476,0.3145241809122335
2038,-1,task_available_time,<averaged>,N/A,expand a local business to new markets,business_expansion,high,business,high,strategic,high,organization,N/A,N/A,70,decades,original,numeric,70,70,decades,nof_conv,8400.0,36,19.910260005651494,93.32913105343812,-2.588703840598745,0.35029891170361893
3424,-1,task_available_time,<averaged>,N/A,restore a degraded ecosystem to long-term stability,ecosystem_restoration,very_high,safety,very_high,systems,high,multi_agent,N/A,N/A,70,decades,original,numeric,70,70,decades,nof_conv,8400.0,36,36.457461059518344,41.03005263042313,16.643137290548744,0.2983306847981216
982,-1,direct_help,N/A,N/A,design an institution for long-term stability and effectiveness,institution_design,high,civilization,high,strategic,high,organization,N/A,N/A,70,decades,original,numeric,70,70,decades,plain,8400.0,48,47.0104853220853,56.01626903157871,-4.480127162829054,0.16575785173142799
1158,-1,direct_help,N/A,N/A,design and build a city resilient to natural disasters,resilient_infrastructure,very_high,infrastructure,very_high,systems,high,organization,N/A,N/A,70,decades,original,numeric,70,70,decades,plain,8400.0,48,47.69610359635544,42.83261547940468,-2.540805894092008,0.1460368515071064
1246,-1,direct_help,N/A,N/A,design and preserve a knowledge archive for future civilizations,knowledge_archive,high,knowledge_preservation,high,strategic,high,civilization,N/A,N/A,70,decades,original,numeric,70,70,decades,plain,8400.0,48,52.98848687354123,32.724511843779325,9.476647670776323,0.1861967727629469
1378,-1,direct_help,N/A,N/A,design infrastructure resilient to climate change,resilient_infrastructure,very_high,infrastructure,very_high,systems,high,organization,N/A,N/A,70,decades,original,numeric,70,70,decades,plain,8400.0,48,43.94187716457546,56.67101781523888,-6.120503127507226,0.1668810604276187
1422,-1,direct_help,N/A,N/A,develop a long-term personal investment strategy,investment_strategy,high,business,high,strategic,high,individual,N/A,N/A,70,decades,original,numeric,70,70,decades,plain,8400.0,48,35.79752137986385,68.87595968954177,-16.592484197508067,0.237082731524654
1554,-1,direct_help,N/A,N/A,develop a long-term plan for safely containing hazardous materials,hazard_containment,high,safety,high,risk_management,high,organization,N/A,N/A,70,decades,original,numeric,70,70,decades,plain,8400.0,48,44.38777214362565,61.35765954832371,-12.373049578520405,0.16559488848373705
1774,-1,direct_help,N/A,N/A,develop a process to preserve an organization's records for future teams,knowledge_archive,medium,knowledge_preservation,medium,systems,high,organization,N/A,N/A,70,decades,original,numeric,70,70,decades,plain,8400.0,48,36.70568067381921,63.54884205080106,-13.540838996641206,0.21122872069608328
1950,-1,direct_help,N/A,N/A,establish a self-sustaining human settlement on another planet,civilization_survival,very_high,civilization,very_high,strategic,existential,civilization,N/A,N/A,70,decades,original,numeric,70,70,decades,plain,8400.0,48,50.597636544282565,30.260889918974893,1.2366524653170297,0.17251119846997812
2038,-1,direct_help,N/A,N/A,expand a local business to new markets,business_expansion,high,business,high,strategic,high,organization,N/A,N/A,70,decades,original,numeric,70,70,decades,plain,8400.0,48,20.95088282919203,71.86581544757857,-21.895559753587452,0.3135797030136588
3424,-1,direct_help,N/A,N/A,restore a degraded ecosystem to long-term stability,ecosystem_restoration,very_high,safety,very_high,systems,high,multi_agent,N/A,N/A,70,decades,original,numeric,70,70,decades,plain,8400.0,48,46.239222523079626,33.53324922908805,-8.707998161187621,0.18164153852484563
982,-1,direct_help,N/A,N/A,design an institution for long-term stability and effectiveness,institution_design,high,civilization,high,strategic,high,organization,N/A,N/A,70,decades,original,numeric,70,70,decades,plain_long,8400.0,48,44.82327673919283,38.7497833979031,4.453867373619215,0.16316017904632185
1158,-1,direct_help,N/A,N/A,design and build a city resilient to natural disasters,resilient_infrastructure,very_high,infrastructure,very_high,systems,high,organization,N/A,N/A,70,decades,original,numeric,70,70,decades,plain_long,8400.0,48,43.846422724265985,28.61043917243502,5.080851680188197,0.1263053550916486
1246,-1,direct_help,N/A,N/A,design and preserve a knowledge archive for future civilizations,knowledge_archive,high,knowledge_preservation,high,strategic,high,civilization,N/A,N/A,70,decades,original,numeric,70,70,decades,plain_long,8400.0,48,46.20496436197823,21.147591045476595,13.6635227845527,0.15643177146427836
1378,-1,direct_help,N/A,N/A,design infrastructure resilient to climate change,resilient_infrastructure,very_high,infrastructure,very_high,systems,high,organization,N/A,N/A,70,decades,original,numeric,70,70,decades,plain_long,8400.0,48,43.413717224719406,38.96402356268917,3.831158932404513,0.14178258903432397
1422,-1,direct_help,N/A,N/A,develop a long-term personal investment strategy,investment_strategy,high,business,high,strategic,high,individual,N/A,N/A,70,decades,original,numeric,70,70,decades,plain_long,8400.0,48,39.31648321249534,55.87152026681438,-3.7617796747374967,0.1965226150338835
1554,-1,direct_help,N/A,N/A,develop a long-term plan for safely containing hazardous materials,hazard_containment,high,safety,high,risk_management,high,organization,N/A,N/A,70,decades,original,numeric,70,70,decades,plain_long,8400.0,48,43.83781229209825,44.381227490803795,-0.3305066422111176,0.13987922369189634
1774,-1,direct_help,N/A,N/A,develop a process to preserve an organization's records for future teams,knowledge_archive,medium,knowledge_preservation,medium,systems,high,organization,N/A,N/A,70,decades,original,numeric,70,70,decades,plain_long,8400.0,48,35.72709892027367,42.521859251020395,-1.4736881082298292,0.16986216364642723
1950,-1,direct_help,N/A,N/A,establish a self-sustaining human settlement on another planet,civilization_survival,very_high,civilization,very_high,strategic,existential,civilization,N/A,N/A,70,decades,original,numeric,70,70,decades,plain_long,8400.0,48,45.9521447498771,20.822979194547067,8.696982469690258,0.14333104717410822
2038,-1,direct_help,N/A,N/A,expand a local business to new markets,business_expansion,high,business,high,strategic,high,organization,N/A,N/A,70,decades,original,numeric,70,70,decades,plain_long,8400.0,48,28.54140481785514,58.13358336433657,-7.180550613536294,0.23774016482013732
3424,-1,direct_help,N/A,N/A,restore a degraded ecosystem to long-term stability,ecosystem_restoration,very_high,safety,very_high,systems,high,multi_agent,N/A,N/A,70,decades,original,numeric,70,70,decades,plain_long,8400.0,48,44.775706297780836,25.617447328837624,3.4695613176607454,0.14516050860627594
986,-1,task_available_time,<averaged>,N/A,design an institution for long-term stability and effectiveness,institution_design,high,civilization,high,strategic,high,organization,N/A,N/A,100,decades,original,numeric,100,100,decades,nof_conv,12000.0,36,44.211740846858504,68.59520236313196,25.334072064175047,0.29495254925032915
1098,-1,task_available_time,<averaged>,N/A,design and build a city resilient to natural disasters,resilient_infrastructure,very_high,infrastructure,very_high,systems,high,organization,N/A,N/A,<averaged>,<averaged>,original,numeric,10,10,centuries,nof_conv,12000.0,72,45.6720798844024,65.17906423615088,23.619491116547074,0.28138205797155397
1186,-1,task_available_time,<averaged>,N/A,design and preserve a knowledge archive for future civilizations,knowledge_archive,high,knowledge_preservation,high,strategic,high,civilization,N/A,N/A,<averaged>,<averaged>,original,numeric,10,10,centuries,nof_conv,12000.0,72,45.323492416526605,42.72292203295063,37.107825435573,0.30992964860281774
1318,-1,task_available_time,<averaged>,N/A,design infrastructure resilient to climate change,resilient_infrastructure,very_high,infrastructure,very_high,systems,high,organization,N/A,N/A,<averaged>,<averaged>,original,numeric,10,10,centuries,nof_conv,12000.0,72,40.489166089338624,73.02855495349901,19.567064896997508,0.27319063533123006
1426,-1,task_available_time,<averaged>,N/A,develop a long-term personal investment strategy,investment_strategy,high,business,high,strategic,high,individual,N/A,N/A,100,decades,original,numeric,100,100,decades,nof_conv,12000.0,36,45.98985341923928,79.16709742975722,7.78094274165383,0.29318967867278845
1558,-1,task_available_time,<averaged>,N/A,develop a long-term plan for safely containing hazardous materials,hazard_containment,high,safety,high,risk_management,high,organization,N/A,N/A,100,decades,original,numeric,100,100,decades,nof_conv,12000.0,36,52.61762439738273,69.75888596625862,22.85611909084541,0.33737236661712094
1670,-1,task_available_time,<averaged>,N/A,develop a long-term strategy for humanity's survival,civilization_survival,very_high,civilization,very_high,strategic,existential,civilization,N/A,N/A,10,centuries,original,numeric,10,10,centuries,nof_conv,12000.0,36,60.48098370383764,51.05323637214161,41.962049043347285,0.3465113534768169
1778,-1,task_available_time,<averaged>,N/A,develop a process to preserve an organization's records for future teams,knowledge_archive,medium,knowledge_preservation,medium,systems,high,organization,N/A,N/A,100,decades,original,numeric,100,100,decades,nof_conv,12000.0,36,29.9093670026677,84.67457753288373,6.319984109752168,0.30818625967342184
1890,-1,task_available_time,<averaged>,N/A,establish a self-sustaining human settlement on another planet,civilization_survival,very_high,civilization,very_high,strategic,existential,civilization,N/A,N/A,<averaged>,<averaged>,original,numeric,10,10,centuries,nof_conv,12000.0,72,43.43317106850167,30.704341501665773,34.28266503982803,0.3117135730310656
2042,-1,task_available_time,<averaged>,N/A,expand a local business to new markets,business_expansion,high,business,high,strategic,high,organization,N/A,N/A,100,decades,original,numeric,100,100,decades,nof_conv,12000.0,36,22.596930947363134,90.01514222442368,0.9781789201105393,0.32637425155811045
3364,-1,task_available_time,<averaged>,N/A,restore a degraded ecosystem to long-term stability,ecosystem_restoration,very_high,safety,very_high,systems,high,multi_agent,N/A,N/A,<averaged>,<averaged>,original,numeric,10,10,centuries,nof_conv,12000.0,72,37.48936015801451,44.16247181312331,18.786448171436334,0.2984407015440155
986,-1,direct_help,N/A,N/A,design an institution for long-term stability and effectiveness,institution_design,high,civilization,high,strategic,high,organization,N/A,N/A,100,decades,original,numeric,100,100,decades,plain,12000.0,48,47.89977857946668,52.816128625857644,-0.5073580286202529,0.16822426086526138
1098,-1,direct_help,N/A,N/A,design and build a city resilient to natural disasters,resilient_infrastructure,very_high,infrastructure,very_high,systems,high,organization,N/A,N/A,<averaged>,<averaged>,original,numeric,10,10,centuries,plain,12000.0,96,48.97005329801408,38.40974388953688,1.369988292650368,0.1456069257875799
1186,-1,direct_help,N/A,N/A,design and preserve a knowledge archive for future civilizations,knowledge_archive,high,knowledge_preservation,high,strategic,high,civilization,N/A,N/A,<averaged>,<averaged>,original,numeric,10,10,centuries,plain,12000.0,96,52.574286580497066,30.5394933897932,10.94247963201194,0.18710009319829185
1318,-1,direct_help,N/A,N/A,design infrastructure resilient to climate change,resilient_infrastructure,very_high,infrastructure,very_high,systems,high,organization,N/A,N/A,<averaged>,<averaged>,original,numeric,10,10,centuries,plain,12000.0,96,45.4558983611842,48.239459082543924,-2.656849638473064,0.16137384143066485
1426,-1,direct_help,N/A,N/A,develop a long-term personal investment strategy,investment_strategy,high,business,high,strategic,high,individual,N/A,N/A,100,decades,original,numeric,100,100,decades,plain,12000.0,48,39.43792426495099,59.84102496708188,-13.202966774190305,0.21429850894943758
1558,-1,direct_help,N/A,N/A,develop a long-term plan for safely containing hazardous materials,hazard_containment,high,safety,high,risk_management,high,organization,N/A,N/A,100,decades,original,numeric,100,100,decades,plain,12000.0,48,46.9049297987393,52.15327979456403,-9.344794839865232,0.1543832632531427
1670,-1,direct_help,N/A,N/A,develop a long-term strategy for humanity's survival,civilization_survival,very_high,civilization,very_high,strategic,existential,civilization,N/A,N/A,10,centuries,original,numeric,10,10,centuries,plain,12000.0,48,55.06990974093206,39.58144150755343,10.455437068576066,0.17296413059033444
1778,-1,direct_help,N/A,N/A,develop a process to preserve an organization's records for future teams,knowledge_archive,medium,knowledge_preservation,medium,systems,high,organization,N/A,N/A,100,decades,original,numeric,100,100,decades,plain,12000.0,48,38.98096342249966,56.65481086407394,-9.954480609898928,0.1955282961170168
1890,-1,direct_help,N/A,N/A,establish a self-sustaining human settlement on another planet,civilization_survival,very_high,civilization,very_high,strategic,existential,civilization,N/A,N/A,<averaged>,<averaged>,original,numeric,10,10,centuries,plain,12000.0,96,51.020593842034955,29.281385604532566,3.8206843366479166,0.1728309342802607
2042,-1,direct_help,N/A,N/A,expand a local business to new markets,business_expansion,high,business,high,strategic,high,organization,N/A,N/A,100,decades,original,numeric,100,100,decades,plain,12000.0,48,23.808325097458695,68.13348860517257,-18.20550902631583,0.29113100609644293
3364,-1,direct_help,N/A,N/A,restore a degraded ecosystem to long-term stability,ecosystem_restoration,very_high,safety,very_high,systems,high,multi_agent,N/A,N/A,<averaged>,<averaged>,original,numeric,10,10,centuries,plain,12000.0,96,47.03036450964237,30.896545853540488,-4.486133786352116,0.18631450420691997
986,-1,direct_help,N/A,N/A,design an institution for long-term stability and effectiveness,institution_design,high,civilization,high,strategic,high,organization,N/A,N/A,100,decades,original,numeric,100,100,decades,plain_long,12000.0,48,45.24376041309553,36.20415987527321,7.054840343215974,0.16450670688170263
1098,-1,direct_help,N/A,N/A,design and build a city resilient to natural disasters,resilient_infrastructure,very_high,infrastructure,very_high,systems,high,organization,N/A,N/A,<averaged>,<averaged>,original,numeric,10,10,centuries,plain_long,12000.0,96,44.12838887443904,24.953366128841225,7.552880470657573,0.1251693362940524
1186,-1,direct_help,N/A,N/A,design and preserve a knowledge archive for future civilizations,knowledge_archive,high,knowledge_preservation,high,strategic,high,civilization,N/A,N/A,<averaged>,<averaged>,original,numeric,10,10,centuries,plain_long,12000.0,96,45.594463567540124,19.381087971510638,14.749449151446314,0.15661915864364007
1318,-1,direct_help,N/A,N/A,design infrastructure resilient to climate change,resilient_infrastructure,very_high,infrastructure,very_high,systems,high,organization,N/A,N/A,<averaged>,<averaged>,original,numeric,10,10,centuries,plain_long,12000.0,96,43.311573849771456,31.78569217618436,6.189386690219917,0.13823531871367653
1426,-1,direct_help,N/A,N/A,develop a long-term personal investment strategy,investment_strategy,high,business,high,strategic,high,individual,N/A,N/A,100,decades,original,numeric,100,100,decades,plain_long,12000.0,48,40.977718428436695,46.619383229523685,-1.375122402842343,0.18033471482818567
1558,-1,direct_help,N/A,N/A,develop a long-term plan for safely containing hazardous materials,hazard_containment,high,safety,high,risk_management,high,organization,N/A,N/A,100,decades,original,numeric,100,100,decades,plain_long,12000.0,48,44.741894794031204,36.3795091556367,1.8433538032645755,0.13485652216808872
1670,-1,direct_help,N/A,N/A,develop a long-term strategy for humanity's survival,civilization_survival,very_high,civilization,very_high,strategic,existential,civilization,N/A,N/A,10,centuries,original,numeric,10,10,centuries,plain_long,12000.0,48,50.396873599236166,30.291460544566814,13.383638028072935,0.15599045589930813
1778,-1,direct_help,N/A,N/A,develop a process to preserve an organization's records for future teams,knowledge_archive,medium,knowledge_preservation,medium,systems,high,organization,N/A,N/A,100,decades,original,numeric,100,100,decades,plain_long,12000.0,48,36.597965920296886,35.30870491959357,1.2942508369157824,0.15823589174214378
1890,-1,direct_help,N/A,N/A,establish a self-sustaining human settlement on another planet,civilization_survival,very_high,civilization,very_high,strategic,existential,civilization,N/A,N/A,<averaged>,<averaged>,original,numeric,10,10,centuries,plain_long,12000.0,96,45.91426419558807,19.445990256686013,10.303182417913883,0.1429312258734326
2042,-1,direct_help,N/A,N/A,expand a local business to new markets,business_expansion,high,business,high,strategic,high,organization,N/A,N/A,100,decades,original,numeric,100,100,decades,plain_long,12000.0,48,30.267931504861377,52.84115950515684,-4.281959651065836,0.21672125398212444
3364,-1,direct_help,N/A,N/A,restore a degraded ecosystem to long-term stability,ecosystem_restoration,very_high,safety,very_high,systems,high,multi_agent,N/A,N/A,<averaged>,<averaged>,original,numeric,10,10,centuries,plain_long,12000.0,96,44.88925252919245,23.040607079078228,5.828816222636168,0.14597128652123453
1090,-1,task_available_time,<averaged>,N/A,design and build a city resilient to natural disasters,resilient_infrastructure,very_high,infrastructure,very_high,systems,high,organization,N/A,N/A,4,centuries,original,numeric,4,4,centuries,nof_conv,4800.0,36,45.009632172754785,55.99114138520929,21.191223744168038,0.2804839067709648
1178,-1,task_available_time,<averaged>,N/A,design and preserve a knowledge archive for future civilizations,knowledge_archive,high,knowledge_preservation,high,strategic,high,civilization,N/A,N/A,4,centuries,original,numeric,4,4,centuries,nof_conv,4800.0,36,43.57407850729706,39.18390857982612,34.829587660096216,0.30583872896900277
1310,-1,task_available_time,<averaged>,N/A,design infrastructure resilient to climate change,resilient_infrastructure,very_high,infrastructure,very_high,systems,high,organization,N/A,N/A,4,centuries,original,numeric,4,4,centuries,nof_conv,4800.0,36,39.21911425724177,64.03082513830569,16.70394986543578,0.27268533691906444
1662,-1,task_available_time,<averaged>,N/A,develop a long-term strategy for humanity's survival,civilization_survival,very_high,civilization,very_high,strategic,existential,civilization,N/A,N/A,4,centuries,original,numeric,4,4,centuries,nof_conv,4800.0,36,59.03424564311736,44.607495587908645,40.30806286450145,0.34810652447687385
1882,-1,task_available_time,<averaged>,N/A,establish a self-sustaining human settlement on another planet,civilization_survival,very_high,civilization,very_high,strategic,existential,civilization,N/A,N/A,4,centuries,original,numeric,4,4,centuries,nof_conv,4800.0,36,42.69190796119934,25.643901035135308,35.175156195990056,0.31222853696482866
3356,-1,task_available_time,<averaged>,N/A,restore a degraded ecosystem to long-term stability,ecosystem_restoration,very_high,safety,very_high,systems,high,multi_agent,N/A,N/A,4,centuries,original,numeric,4,4,centuries,nof_conv,4800.0,36,36.66439875447789,39.12373688542081,17.305219041036004,0.29751312903556903
1090,-1,direct_help,N/A,N/A,design and build a city resilient to natural disasters,resilient_infrastructure,very_high,infrastructure,very_high,systems,high,organization,N/A,N/A,4,centuries,original,numeric,4,4,centuries,plain,4800.0,48,48.598522886205146,27.237533901991085,-1.0522705351266013,0.15267886691330956
1178,-1,direct_help,N/A,N/A,design and preserve a knowledge archive for future civilizations,knowledge_archive,high,knowledge_preservation,high,strategic,high,civilization,N/A,N/A,4,centuries,original,numeric,4,4,centuries,plain,4800.0,48,51.46757655632078,26.827702708110607,8.39702572188138,0.1912591310498215
1310,-1,direct_help,N/A,N/A,design infrastructure resilient to climate change,resilient_infrastructure,very_high,infrastructure,very_high,systems,high,organization,N/A,N/A,4,centuries,original,numeric,4,4,centuries,plain,4800.0,48,44.99502929473146,37.44097664334735,-5.2784180875910645,0.16620818636353615
1662,-1,direct_help,N/A,N/A,develop a long-term strategy for humanity's survival,civilization_survival,very_high,civilization,very_high,strategic,existential,civilization,N/A,N/A,4,centuries,original,numeric,4,4,centuries,plain,4800.0,48,54.51509441975764,32.770558617759846,8.728804733736885,0.1812276007191537
1882,-1,direct_help,N/A,N/A,establish a self-sustaining human settlement on another planet,civilization_survival,very_high,civilization,very_high,strategic,existential,civilization,N/A,N/A,4,centuries,original,numeric,4,4,centuries,plain,4800.0,48,51.15502012497324,24.462179869823217,3.491483298555326,0.18002449918158608
3356,-1,direct_help,N/A,N/A,restore a degraded ecosystem to long-term stability,ecosystem_restoration,very_high,safety,very_high,systems,high,multi_agent,N/A,N/A,4,centuries,original,numeric,4,4,centuries,plain,4800.0,48,46.52932121410748,23.900497482013378,-7.0160662302476275,0.19482039301489204
1090,-1,direct_help,N/A,N/A,design and build a city resilient to natural disasters,resilient_infrastructure,very_high,infrastructure,very_high,systems,high,organization,N/A,N/A,4,centuries,original,numeric,4,4,centuries,plain_long,4800.0,48,43.51068982807767,17.294880929234854,6.399051354523955,0.12933691529058447
1178,-1,direct_help,N/A,N/A,design and preserve a knowledge archive for future civilizations,knowledge_archive,high,knowledge_preservation,high,strategic,high,civilization,N/A,N/A,4,centuries,original,numeric,4,4,centuries,plain_long,4800.0,48,44.60109854661751,16.423714106305074,13.180118391667055,0.15910464414528333
1310,-1,direct_help,N/A,N/A,design infrastructure resilient to climate change,resilient_infrastructure,very_high,infrastructure,very_high,systems,high,organization,N/A,N/A,4,centuries,original,numeric,4,4,centuries,plain_long,4800.0,48,42.56190705782729,24.711680505361247,4.640402567923209,0.1418254133238301
1662,-1,direct_help,N/A,N/A,develop a long-term strategy for humanity's survival,civilization_survival,very_high,civilization,very_high,strategic,existential,civilization,N/A,N/A,4,centuries,original,numeric,4,4,centuries,plain_long,4800.0,48,49.54706401628763,25.3321470546423,12.193059566738528,0.1615149167749061
1882,-1,direct_help,N/A,N/A,establish a self-sustaining human settlement on another planet,civilization_survival,very_high,civilization,very_high,strategic,existential,civilization,N/A,N/A,4,centuries,original,numeric,4,4,centuries,plain_long,4800.0,48,45.643830455610896,16.193531472663125,10.127025976790362,0.1476232116928972
3356,-1,direct_help,N/A,N/A,restore a degraded ecosystem to long-term stability,ecosystem_restoration,very_high,safety,very_high,systems,high,multi_agent,N/A,N/A,4,centuries,original,numeric,4,4,centuries,plain_long,4800.0,48,44.26045262486865,18.501898486162585,4.3929917592738,0.15197009217403532
1102,-1,task_available_time,<averaged>,N/A,design and build a city resilient to natural disasters,resilient_infrastructure,very_high,infrastructure,very_high,systems,high,organization,N/A,N/A,20,centuries,original,numeric,20,20,centuries,nof_conv,24000.0,36,40.371343033584154,83.1621489677469,16.6778385052429,0.2922962391401491
1190,-1,task_available_time,<averaged>,N/A,design and preserve a knowledge archive for future civilizations,knowledge_archive,high,knowledge_preservation,high,strategic,high,civilization,N/A,N/A,20,centuries,original,numeric,20,20,centuries,nof_conv,24000.0,36,46.204078206865105,47.64650102772145,34.09477619620867,0.30290162672088783
1322,-1,task_available_time,<averaged>,N/A,design infrastructure resilient to climate change,resilient_infrastructure,very_high,infrastructure,very_high,systems,high,organization,N/A,N/A,20,centuries,original,numeric,20,20,centuries,nof_conv,24000.0,36,34.494383640409126,90.50225506189327,12.15126728787304,0.2913086008730999
1674,-1,task_available_time,<averaged>,N/A,develop a long-term strategy for humanity's survival,civilization_survival,very_high,civilization,very_high,strategic,existential,civilization,N/A,N/A,20,centuries,original,numeric,20,20,centuries,nof_conv,24000.0,36,59.41739527210913,59.2339831604902,37.52423713163374,0.33143300309919943
1894,-1,task_available_time,<averaged>,N/A,establish a self-sustaining human settlement on another planet,civilization_survival,very_high,civilization,very_high,strategic,existential,civilization,N/A,N/A,20,centuries,original,numeric,20,20,centuries,nof_conv,24000.0,36,42.73319088394233,44.90491024022519,28.22323850352607,0.29953790523257706
3368,-1,task_available_time,<averaged>,N/A,restore a degraded ecosystem to long-term stability,ecosystem_restoration,very_high,safety,very_high,systems,high,multi_agent,N/A,N/A,20,centuries,original,numeric,20,20,centuries,nof_conv,24000.0,36,35.90619059064722,62.09986247569652,13.22432451905463,0.28005244851239525
1102,-1,direct_help,N/A,N/A,design and build a city resilient to natural disasters,resilient_infrastructure,very_high,infrastructure,very_high,systems,high,organization,N/A,N/A,20,centuries,original,numeric,20,20,centuries,plain,24000.0,48,45.55583449017929,52.63788877766882,-3.237859826331009,0.1633066351419297
1190,-1,direct_help,N/A,N/A,design and preserve a knowledge archive for future civilizations,knowledge_archive,high,knowledge_preservation,high,strategic,high,civilization,N/A,N/A,20,centuries,original,numeric,20,20,centuries,plain,24000.0,48,52.757774868691584,35.36781626996003,9.289879677876772,0.1820371848060532
1322,-1,direct_help,N/A,N/A,design infrastructure resilient to climate change,resilient_infrastructure,very_high,infrastructure,very_high,systems,high,organization,N/A,N/A,20,centuries,original,numeric,20,20,centuries,plain,24000.0,48,40.03780859552342,64.55393188414203,-7.539546070427008,0.19694187071761238
1674,-1,direct_help,N/A,N/A,develop a long-term strategy for humanity's survival,civilization_survival,very_high,civilization,very_high,strategic,existential,civilization,N/A,N/A,20,centuries,original,numeric,20,20,centuries,plain,24000.0,48,53.8674466703883,47.072447337666446,7.276198135589629,0.16410957759325082
1894,-1,direct_help,N/A,N/A,establish a self-sustaining human settlement on another planet,civilization_survival,very_high,civilization,very_high,strategic,existential,civilization,N/A,N/A,20,centuries,original,numeric,20,20,centuries,plain,24000.0,48,49.12035179174911,41.106221361378715,0.3682938356457053,0.16765636571278855
3368,-1,direct_help,N/A,N/A,restore a degraded ecosystem to long-term stability,ecosystem_restoration,very_high,safety,very_high,systems,high,multi_agent,N/A,N/A,20,centuries,original,numeric,20,20,centuries,plain,24000.0,48,45.18752671074502,45.351399358673866,-8.243204723878456,0.1724085551510848
1102,-1,direct_help,N/A,N/A,design and build a city resilient to natural disasters,resilient_infrastructure,very_high,infrastructure,very_high,systems,high,organization,N/A,N/A,20,centuries,original,numeric,20,20,centuries,plain_long,24000.0,48,43.2064991986262,36.99874227305543,4.22412305110346,0.1331062429267562
1190,-1,direct_help,N/A,N/A,design and preserve a knowledge archive for future civilizations,knowledge_archive,high,knowledge_preservation,high,strategic,high,civilization,N/A,N/A,20,centuries,original,numeric,20,20,centuries,plain_long,24000.0,48,46.14179969790253,23.125769852423204,13.40386491231427,0.15300288419045097
1322,-1,direct_help,N/A,N/A,design infrastructure resilient to climate change,resilient_infrastructure,very_high,infrastructure,very_high,systems,high,organization,N/A,N/A,20,centuries,original,numeric,20,20,centuries,plain_long,24000.0,48,41.547116516887186,47.04367514853291,2.591163039959139,0.1565910652616611
1674,-1,direct_help,N/A,N/A,develop a long-term strategy for humanity's survival,civilization_survival,very_high,civilization,very_high,strategic,existential,civilization,N/A,N/A,20,centuries,original,numeric,20,20,centuries,plain_long,24000.0,48,50.326495417882725,36.058474267057036,11.533021745697734,0.15042047658230584
1894,-1,direct_help,N/A,N/A,establish a self-sustaining human settlement on another planet,civilization_survival,very_high,civilization,very_high,strategic,existential,civilization,N/A,N/A,20,centuries,original,numeric,20,20,centuries,plain_long,24000.0,48,45.92447199146355,27.695882559133935,8.033412800807197,0.1390270385795776
3368,-1,direct_help,N/A,N/A,restore a degraded ecosystem to long-term stability,ecosystem_restoration,very_high,safety,very_high,systems,high,multi_agent,N/A,N/A,20,centuries,original,numeric,20,20,centuries,plain_long,24000.0,48,44.91010143561115,33.421693266156176,3.3731343316006703,0.13636360165725173
1106,-1,task_available_time,<averaged>,N/A,design and build a city resilient to natural disasters,resilient_infrastructure,very_high,infrastructure,very_high,systems,high,organization,N/A,N/A,30,centuries,original,numeric,30,30,centuries,nof_conv,36000.0,36,39.62108278965348,90.55581299964416,16.610593261366283,0.2985407809725114
1194,-1,task_available_time,<averaged>,N/A,design and preserve a knowledge archive for future civilizations,knowledge_archive,high,knowledge_preservation,high,strategic,high,civilization,N/A,N/A,30,centuries,original,numeric,30,30,centuries,nof_conv,36000.0,36,46.57104620302091,53.12012235525937,34.78048291858966,0.303489852043866
1326,-1,task_available_time,<averaged>,N/A,design infrastructure resilient to climate change,resilient_infrastructure,very_high,infrastructure,very_high,systems,high,organization,N/A,N/A,30,centuries,original,numeric,30,30,centuries,nof_conv,36000.0,36,35.02941582610339,97.81014261234087,13.521339409292077,0.293458199540014
1678,-1,task_available_time,<averaged>,N/A,develop a long-term strategy for humanity's survival,civilization_survival,very_high,civilization,very_high,strategic,existential,civilization,N/A,N/A,30,centuries,original,numeric,30,30,centuries,nof_conv,36000.0,36,59.26371069913863,64.44079633745022,38.99884462972666,0.33363841562899893
1898,-1,task_available_time,<averaged>,N/A,establish a self-sustaining human settlement on another planet,civilization_survival,very_high,civilization,very_high,strategic,existential,civilization,N/A,N/A,30,centuries,original,numeric,30,30,centuries,nof_conv,36000.0,36,42.50679202264858,52.91282239507413,26.192824654965996,0.2948420932448625
3372,-1,task_available_time,<averaged>,N/A,restore a degraded ecosystem to long-term stability,ecosystem_restoration,very_high,safety,very_high,systems,high,multi_agent,N/A,N/A,30,centuries,original,numeric,30,30,centuries,nof_conv,36000.0,36,36.32602445505964,68.99164960897022,13.731253745735824,0.27749004069387434
1106,-1,direct_help,N/A,N/A,design and build a city resilient to natural disasters,resilient_infrastructure,very_high,infrastructure,very_high,systems,high,organization,N/A,N/A,30,centuries,original,numeric,30,30,centuries,plain,36000.0,48,43.599600155247934,64.8796634150129,-4.546021403430347,0.1809654526003527
1194,-1,direct_help,N/A,N/A,design and preserve a knowledge archive for future civilizations,knowledge_archive,high,knowledge_preservation,high,strategic,high,civilization,N/A,N/A,30,centuries,original,numeric,30,30,centuries,plain,36000.0,48,53.21567103804305,41.54011228080851,9.436406942855431,0.17281255146291008
1326,-1,direct_help,N/A,N/A,design infrastructure resilient to climate change,resilient_infrastructure,very_high,infrastructure,very_high,systems,high,organization,N/A,N/A,30,centuries,original,numeric,30,30,centuries,plain,36000.0,48,39.4121738024539,76.14798892837786,-7.181627234859407,0.20804887072691627
1678,-1,direct_help,N/A,N/A,develop a long-term strategy for humanity's survival,civilization_survival,very_high,civilization,very_high,strategic,existential,civilization,N/A,N/A,30,centuries,original,numeric,30,30,centuries,plain,36000.0,48,53.73390908042889,56.004379862565415,7.785276546827531,0.15445039551136988
1898,-1,direct_help,N/A,N/A,establish a self-sustaining human settlement on another planet,civilization_survival,very_high,civilization,very_high,strategic,existential,civilization,N/A,N/A,30,centuries,original,numeric,30,30,centuries,plain,36000.0,48,47.62515463730441,51.95021578630965,-2.0046285809064917,0.167649670435807
3372,-1,direct_help,N/A,N/A,restore a degraded ecosystem to long-term stability,ecosystem_restoration,very_high,safety,very_high,systems,high,multi_agent,N/A,N/A,30,centuries,original,numeric,30,30,centuries,plain,36000.0,48,44.96214792902037,56.20348002142911,-8.49103822890731,0.1646189297669439
1106,-1,direct_help,N/A,N/A,design and build a city resilient to natural disasters,resilient_infrastructure,very_high,infrastructure,very_high,systems,high,organization,N/A,N/A,30,centuries,original,numeric,30,30,centuries,plain_long,36000.0,48,43.04847273396884,48.02745096348128,3.0886267865610044,0.1472624939278062
1194,-1,direct_help,N/A,N/A,design and preserve a knowledge archive for future civilizations,knowledge_archive,high,knowledge_preservation,high,strategic,high,civilization,N/A,N/A,30,centuries,original,numeric,30,30,centuries,plain_long,36000.0,48,46.90242019591677,28.241285130295164,13.230100121029455,0.14726797327411809
1326,-1,direct_help,N/A,N/A,design infrastructure resilient to climate change,resilient_infrastructure,very_high,infrastructure,very_high,systems,high,organization,N/A,N/A,30,centuries,original,numeric,30,30,centuries,plain_long,36000.0,48,42.085465511842905,57.39615460427952,2.5334505082395316,0.16639587293363062
1678,-1,direct_help,N/A,N/A,develop a long-term strategy for humanity's survival,civilization_survival,very_high,civilization,very_high,strategic,existential,civilization,N/A,N/A,30,centuries,original,numeric,30,30,centuries,plain_long,36000.0,48,50.963933642227396,43.36777107024794,12.04485293836759,0.14483091071328338
1898,-1,direct_help,N/A,N/A,establish a self-sustaining human settlement on another planet,civilization_survival,very_high,civilization,very_high,strategic,existential,civilization,N/A,N/A,30,centuries,original,numeric,30,30,centuries,plain_long,36000.0,48,45.86394603052721,36.726559038832704,6.21587306049415,0.13942027089376016
3372,-1,direct_help,N/A,N/A,restore a degraded ecosystem to long-term stability,ecosystem_restoration,very_high,safety,very_high,systems,high,multi_agent,N/A,N/A,30,centuries,original,numeric,30,30,centuries,plain_long,36000.0,48,45.41093587863128,41.997091744182505,2.779833507540105,0.13176885802482835
1110,-1,task_available_time,<averaged>,N/A,design and build a city resilient to natural disasters,resilient_infrastructure,very_high,infrastructure,very_high,systems,high,organization,N/A,N/A,50,centuries,original,numeric,50,50,centuries,nof_conv,60000.0,36,40.65628381601405,87.48234319356565,16.81058422471009,0.2910066140518877
1198,-1,task_available_time,<averaged>,N/A,design and preserve a knowledge archive for future civilizations,knowledge_archive,high,knowledge_preservation,high,strategic,high,civilization,N/A,N/A,50,centuries,original,numeric,50,50,centuries,nof_conv,60000.0,36,47.02739577787271,51.482227487696406,35.19890377677667,0.3047260769205194
1330,-1,task_available_time,<averaged>,N/A,design infrastructure resilient to climate change,resilient_infrastructure,very_high,infrastructure,very_high,systems,high,organization,N/A,N/A,50,centuries,original,numeric,50,50,centuries,nof_conv,60000.0,36,35.949818633461014,96.6211892832363,13.205233617975335,0.28702591180296666
1682,-1,task_available_time,<averaged>,N/A,develop a long-term strategy for humanity's survival,civilization_survival,very_high,civilization,very_high,strategic,existential,civilization,N/A,N/A,50,centuries,original,numeric,50,50,centuries,nof_conv,60000.0,36,59.5218351371538,62.78356480057006,39.367211840320635,0.338085671173587
1902,-1,task_available_time,<averaged>,N/A,establish a self-sustaining human settlement on another planet,civilization_survival,very_high,civilization,very_high,strategic,existential,civilization,N/A,N/A,50,centuries,original,numeric,50,50,centuries,nof_conv,60000.0,36,42.82656505253999,49.514921327816566,26.81119933260861,0.2983881983517989
3376,-1,task_available_time,<averaged>,N/A,restore a degraded ecosystem to long-term stability,ecosystem_restoration,very_high,safety,very_high,systems,high,multi_agent,N/A,N/A,50,centuries,original,numeric,50,50,centuries,nof_conv,60000.0,36,37.35001320095896,61.77503564381278,14.662614174859856,0.28272418657313164
1110,-1,direct_help,N/A,N/A,design and build a city resilient to natural disasters,resilient_infrastructure,very_high,infrastructure,very_high,systems,high,organization,N/A,N/A,50,centuries,original,numeric,50,50,centuries,plain,60000.0,48,44.37115088339262,66.1413767908126,-4.487750614257093,0.1780637277894513
1198,-1,direct_help,N/A,N/A,design and preserve a knowledge archive for future civilizations,knowledge_archive,high,knowledge_preservation,high,strategic,high,civilization,N/A,N/A,50,centuries,original,numeric,50,50,centuries,plain,60000.0,48,53.59906192078885,41.48470692744977,9.255664521837627,0.17456295228723728
1330,-1,direct_help,N/A,N/A,design infrastructure resilient to climate change,resilient_infrastructure,very_high,infrastructure,very_high,systems,high,organization,N/A,N/A,50,centuries,original,numeric,50,50,centuries,plain,60000.0,48,40.282611241457445,76.68278493393284,-7.243086457411877,0.20402717441295187
1682,-1,direct_help,N/A,N/A,develop a long-term strategy for humanity's survival,civilization_survival,very_high,civilization,very_high,strategic,existential,civilization,N/A,N/A,50,centuries,original,numeric,50,50,centuries,plain,60000.0,48,54.26290752493025,56.54830110353107,7.5730134127386695,0.15484192096832666
1902,-1,direct_help,N/A,N/A,establish a self-sustaining human settlement on another planet,civilization_survival,very_high,civilization,very_high,strategic,existential,civilization,N/A,N/A,50,centuries,original,numeric,50,50,centuries,plain,60000.0,48,47.85516978037179,52.10232732043186,-2.879986334750837,0.16673913719580866
3376,-1,direct_help,N/A,N/A,restore a degraded ecosystem to long-term stability,ecosystem_restoration,very_high,safety,very_high,systems,high,multi_agent,N/A,N/A,50,centuries,original,numeric,50,50,centuries,plain,60000.0,48,46.07676990222869,53.11848358728385,-8.360385910058648,0.16457400803228261
1110,-1,direct_help,N/A,N/A,design and build a city resilient to natural disasters,resilient_infrastructure,very_high,infrastructure,very_high,systems,high,organization,N/A,N/A,50,centuries,original,numeric,50,50,centuries,plain_long,60000.0,48,43.37104116820959,47.744718027284584,2.9298745542116356,0.14375394993603435
1198,-1,direct_help,N/A,N/A,design and preserve a knowledge archive for future civilizations,knowledge_archive,high,knowledge_preservation,high,strategic,high,civilization,N/A,N/A,50,centuries,original,numeric,50,50,centuries,plain_long,60000.0,48,47.10434124002412,27.784464408666288,13.060417963353656,0.1479863301540857
1330,-1,direct_help,N/A,N/A,design infrastructure resilient to climate change,resilient_infrastructure,very_high,infrastructure,very_high,systems,high,organization,N/A,N/A,50,centuries,original,numeric,50,50,centuries,plain_long,60000.0,48,42.67018083211623,56.066763842369205,2.5419057598826478,0.16088726240968626
1682,-1,direct_help,N/A,N/A,develop a long-term strategy for humanity's survival,civilization_survival,very_high,civilization,very_high,strategic,existential,civilization,N/A,N/A,50,centuries,original,numeric,50,50,centuries,plain_long,60000.0,48,51.33100345924565,43.302377100120694,11.9019819010236,0.14450965438021474
1902,-1,direct_help,N/A,N/A,establish a self-sustaining human settlement on another planet,civilization_survival,very_high,civilization,very_high,strategic,existential,civilization,N/A,N/A,50,centuries,original,numeric,50,50,centuries,plain_long,60000.0,48,45.90664476038798,36.06302765554145,5.507159248244648,0.13828104808021918
3376,-1,direct_help,N/A,N/A,restore a degraded ecosystem to long-term stability,ecosystem_restoration,very_high,safety,very_high,systems,high,multi_agent,N/A,N/A,50,centuries,original,numeric,50,50,centuries,plain_long,60000.0,48,45.823208265452394,38.566890390194274,3.1080926172682704,0.1324903510245372
1114,-1,task_available_time,<averaged>,N/A,design and build a city resilient to natural disasters,resilient_infrastructure,very_high,infrastructure,very_high,systems,high,organization,N/A,N/A,70,centuries,original,numeric,70,70,centuries,nof_conv,84000.0,36,39.92045325630894,89.9407237223654,14.756825131846963,0.2956784326050951
1202,-1,task_available_time,<averaged>,N/A,design and preserve a knowledge archive for future civilizations,knowledge_archive,high,knowledge_preservation,high,strategic,high,civilization,N/A,N/A,70,centuries,original,numeric,70,70,centuries,nof_conv,84000.0,36,47.717582560859476,53.86046829557998,34.46781975294386,0.3047653898041889
1334,-1,task_available_time,<averaged>,N/A,design infrastructure resilient to climate change,resilient_infrastructure,very_high,infrastructure,very_high,systems,high,organization,N/A,N/A,70,centuries,original,numeric,70,70,centuries,nof_conv,84000.0,36,35.056074965270824,97.99140287240246,10.100022454776822,0.29020322027740597
1686,-1,task_available_time,<averaged>,N/A,develop a long-term strategy for humanity's survival,civilization_survival,very_high,civilization,very_high,strategic,existential,civilization,N/A,N/A,70,centuries,original,numeric,70,70,centuries,nof_conv,84000.0,36,59.60121066653787,65.20929869617481,38.3978818174987,0.3377587692725466
1906,-1,task_available_time,<averaged>,N/A,establish a self-sustaining human settlement on another planet,civilization_survival,very_high,civilization,very_high,strategic,existential,civilization,N/A,N/A,70,centuries,original,numeric,70,70,centuries,nof_conv,84000.0,36,42.14730287385025,56.732825235362114,22.920042109313258,0.2930103266945441
3380,-1,task_available_time,<averaged>,N/A,restore a degraded ecosystem to long-term stability,ecosystem_restoration,very_high,safety,very_high,systems,high,multi_agent,N/A,N/A,70,centuries,original,numeric,70,70,centuries,nof_conv,84000.0,36,36.83353194590698,65.30576466318415,11.563841921117302,0.27933514841995843
1114,-1,direct_help,N/A,N/A,design and build a city resilient to natural disasters,resilient_infrastructure,very_high,infrastructure,very_high,systems,high,organization,N/A,N/A,70,centuries,original,numeric,70,70,centuries,plain,84000.0,48,41.92176043539735,74.60286312654868,-7.641199324284936,0.2031448574851758
1202,-1,direct_help,N/A,N/A,design and preserve a knowledge archive for future civilizations,knowledge_archive,high,knowledge_preservation,high,strategic,high,civilization,N/A,N/A,70,centuries,original,numeric,70,70,centuries,plain,84000.0,48,53.755437567562396,46.88466572561822,8.107695078780313,0.16925232113206268
1334,-1,direct_help,N/A,N/A,design infrastructure resilient to climate change,resilient_infrastructure,very_high,infrastructure,very_high,systems,high,organization,N/A,N/A,70,centuries,original,numeric,70,70,centuries,plain,84000.0,48,37.58366285415003,84.8316035715646,-10.209014645410262,0.2334259618171108
1686,-1,direct_help,N/A,N/A,develop a long-term strategy for humanity's survival,civilization_survival,very_high,civilization,very_high,strategic,existential,civilization,N/A,N/A,70,centuries,original,numeric,70,70,centuries,plain,84000.0,48,53.18676406765542,62.94923627461699,5.49324942341784,0.15506653769660145
1906,-1,direct_help,N/A,N/A,establish a self-sustaining human settlement on another planet,civilization_survival,very_high,civilization,very_high,strategic,existential,civilization,N/A,N/A,70,centuries,original,numeric,70,70,centuries,plain,84000.0,48,45.98928541080413,59.84755189869356,-6.70311864458224,0.17515283150582958
3380,-1,direct_help,N/A,N/A,restore a degraded ecosystem to long-term stability,ecosystem_restoration,very_high,safety,very_high,systems,high,multi_agent,N/A,N/A,70,centuries,original,numeric,70,70,centuries,plain,84000.0,48,44.415339008422336,62.11987211604523,-11.628957326586852,0.1645474958300427
1114,-1,direct_help,N/A,N/A,design and build a city resilient to natural disasters,resilient_infrastructure,very_high,infrastructure,very_high,systems,high,organization,N/A,N/A,70,centuries,original,numeric,70,70,centuries,plain_long,84000.0,48,42.63928194390843,55.90070780683661,0.4799856952690096,0.16234242748686273
1202,-1,direct_help,N/A,N/A,design and preserve a knowledge archive for future civilizations,knowledge_archive,high,knowledge_preservation,high,strategic,high,civilization,N/A,N/A,70,centuries,original,numeric,70,70,centuries,plain_long,84000.0,48,47.893036945188086,32.34548495002642,12.247388984509199,0.14600641665581246
1334,-1,direct_help,N/A,N/A,design infrastructure resilient to climate change,resilient_infrastructure,very_high,infrastructure,very_high,systems,high,organization,N/A,N/A,70,centuries,original,numeric,70,70,centuries,plain_long,84000.0,48,41.80289545352322,66.07883709820553,0.503279432253676,0.18575049872429092
1686,-1,direct_help,N/A,N/A,develop a long-term strategy for humanity's survival,civilization_survival,very_high,civilization,very_high,strategic,existential,civilization,N/A,N/A,70,centuries,original,numeric,70,70,centuries,plain_long,84000.0,48,51.22741744507314,48.56881981416325,10.609818646473443,0.14487180709758368
1906,-1,direct_help,N/A,N/A,establish a self-sustaining human settlement on another planet,civilization_survival,very_high,civilization,very_high,strategic,existential,civilization,N/A,N/A,70,centuries,original,numeric,70,70,centuries,plain_long,84000.0,48,45.558511516162895,42.58167553302258,2.8652257204830915,0.14332218476892938
3380,-1,direct_help,N/A,N/A,restore a degraded ecosystem to long-term stability,ecosystem_restoration,very_high,safety,very_high,systems,high,multi_agent,N/A,N/A,70,centuries,original,numeric,70,70,centuries,plain_long,84000.0,48,45.48789591924955,46.20757462649137,0.6737615309740612,0.1331554331413577
1118,-1,task_available_time,<averaged>,N/A,design and build a city resilient to natural disasters,resilient_infrastructure,very_high,infrastructure,very_high,systems,high,organization,N/A,N/A,100,centuries,original,numeric,100,100,centuries,nof_conv,120000.0,36,42.127126099760424,84.8516473301501,18.942876400927208,0.28942157070275754
1206,-1,task_available_time,<averaged>,N/A,design and preserve a knowledge archive for future civilizations,knowledge_archive,high,knowledge_preservation,high,strategic,high,civilization,N/A,N/A,100,centuries,original,numeric,100,100,centuries,nof_conv,120000.0,36,47.12087343030646,52.995770869112945,35.12894453972614,0.30489698753399574
1338,-1,task_available_time,<averaged>,N/A,design infrastructure resilient to climate change,resilient_infrastructure,very_high,infrastructure,very_high,systems,high,organization,N/A,N/A,100,centuries,original,numeric,100,100,centuries,nof_conv,120000.0,36,37.763346381233774,90.0107454179499,15.67880259213479,0.27785590224037493
1690,-1,task_available_time,<averaged>,N/A,develop a long-term strategy for humanity's survival,civilization_survival,very_high,civilization,very_high,strategic,existential,civilization,N/A,N/A,100,centuries,original,numeric,100,100,centuries,nof_conv,120000.0,36,60.01076545461759,63.42669706017979,40.875325318763984,0.34042664336462003
1910,-1,task_available_time,<averaged>,N/A,establish a self-sustaining human settlement on another planet,civilization_survival,very_high,civilization,very_high,strategic,existential,civilization,N/A,N/A,100,centuries,original,numeric,100,100,centuries,nof_conv,120000.0,36,42.26268943157122,51.14077748248934,24.726749464772816,0.29440592568341145
3384,-1,task_available_time,<averaged>,N/A,restore a degraded ecosystem to long-term stability,ecosystem_restoration,very_high,safety,very_high,systems,high,multi_agent,N/A,N/A,100,centuries,original,numeric,100,100,centuries,nof_conv,120000.0,36,36.914054029337464,59.013669099375264,15.596435866787006,0.2875261341962943
1118,-1,direct_help,N/A,N/A,design and build a city resilient to natural disasters,resilient_infrastructure,very_high,infrastructure,very_high,systems,high,organization,N/A,N/A,100,centuries,original,numeric,100,100,centuries,plain,120000.0,48,44.70688172688382,66.99412699021717,-3.3129318148700575,0.17934758328024902
1206,-1,direct_help,N/A,N/A,design and preserve a knowledge archive for future civilizations,knowledge_archive,high,knowledge_preservation,high,strategic,high,civilization,N/A,N/A,100,centuries,original,numeric,100,100,centuries,plain,120000.0,48,53.600820352298314,42.614965395864765,8.89869637152254,0.16900693862749935
1338,-1,direct_help,N/A,N/A,design infrastructure resilient to climate change,resilient_infrastructure,very_high,infrastructure,very_high,systems,high,organization,N/A,N/A,100,centuries,original,numeric,100,100,centuries,plain,120000.0,48,41.50639311428479,75.20237088108951,-5.9413746812702595,0.19796716050532503
1690,-1,direct_help,N/A,N/A,develop a long-term strategy for humanity's survival,civilization_survival,very_high,civilization,very_high,strategic,existential,civilization,N/A,N/A,100,centuries,original,numeric,100,100,centuries,plain,120000.0,48,54.31201868141679,55.6861802633412,7.851392912229487,0.15333507375157596
1910,-1,direct_help,N/A,N/A,establish a self-sustaining human settlement on another planet,civilization_survival,very_high,civilization,very_high,strategic,existential,civilization,N/A,N/A,100,centuries,original,numeric,100,100,centuries,plain,120000.0,48,47.73838027703006,51.92045385358813,-3.1658149525271786,0.16524938631134684
3384,-1,direct_help,N/A,N/A,restore a degraded ecosystem to long-term stability,ecosystem_restoration,very_high,safety,very_high,systems,high,multi_agent,N/A,N/A,100,centuries,original,numeric,100,100,centuries,plain,120000.0,48,46.360933397337995,51.02616973562539,-7.536342850171107,0.16180026472684597
1118,-1,direct_help,N/A,N/A,design and build a city resilient to natural disasters,resilient_infrastructure,very_high,infrastructure,very_high,systems,high,organization,N/A,N/A,100,centuries,original,numeric,100,100,centuries,plain_long,120000.0,48,43.916481387457004,48.31856325288796,3.7541396558593743,0.14507531194956147
1206,-1,direct_help,N/A,N/A,design and preserve a knowledge archive for future civilizations,knowledge_archive,high,knowledge_preservation,high,strategic,high,civilization,N/A,N/A,100,centuries,original,numeric,100,100,centuries,plain_long,120000.0,48,47.33300476516581,28.771024128460002,13.010082600307728,0.14647640719170618
1338,-1,direct_help,N/A,N/A,design infrastructure resilient to climate change,resilient_infrastructure,very_high,infrastructure,very_high,systems,high,organization,N/A,N/A,100,centuries,original,numeric,100,100,centuries,plain_long,120000.0,48,43.39501418369618,55.373167645977574,3.3561965068104156,0.15890141544063865
1690,-1,direct_help,N/A,N/A,develop a long-term strategy for humanity's survival,civilization_survival,very_high,civilization,very_high,strategic,existential,civilization,N/A,N/A,100,centuries,original,numeric,100,100,centuries,plain_long,120000.0,48,51.39611010629771,42.70907548381709,12.0438898771009,0.14529104673219193
1910,-1,direct_help,N/A,N/A,establish a self-sustaining human settlement on another planet,civilization_survival,very_high,civilization,very_high,strategic,existential,civilization,N/A,N/A,100,centuries,original,numeric,100,100,centuries,plain_long,120000.0,48,45.81486863920083,36.46426307408009,5.292781335446203,0.13904233726291843
3384,-1,direct_help,N/A,N/A,restore a degraded ecosystem to long-term stability,ecosystem_restoration,very_high,safety,very_high,systems,high,multi_agent,N/A,N/A,100,centuries,original,numeric,100,100,centuries,plain_long,120000.0,48,45.84271147634939,37.50015367991225,3.420480491631544,0.13146798276172045
